DEPT,Vp,Vs,DEN,phi,Kbulk_GPa,K_bg_depth,phi_bg_depth
1517.142,3346.2624071351806,1736.3336358245278,2.5268,0.12428333333333326,18.136526712122805,17.429100482550332,0.14270757575757576
1517.2944,3155.9198346662474,1586.0989459310942,2.5553,0.1324469696969697,16.879162377836884,17.43046345418667,0.14242499999999997
1517.4468,3050.4342465287305,1487.6572765622232,2.5707,0.138130303030303,16.335042358130366,17.431826425823004,0.14265151515151514
1517.5992,3043.641505364319,1431.3837460928107,2.5747,0.1407181818181818,16.81778860016315,17.483264651945085,0.14239696969696966
1517.7516,3079.148667924727,1412.0184637164996,2.5784,0.13829696969696972,17.591808672775322,17.53470287806716,0.14214242424242418
1517.904,3099.5202251829915,1440.8649727994193,2.5741,0.14089999999999997,17.60402055516513,17.556069764144024,0.14211287878787873
1518.0564,3098.975040440201,1436.1317170255113,2.5728,0.13899393939393936,17.63314933552947,17.577436650220886,0.14208333333333328
1518.2088,3114.395804148645,1456.0337983278541,2.5734,0.1414121212121212,17.686331407823506,17.584622661498102,0.14211287878787873
1518.3612,3113.1965624099903,1473.3997684519393,2.5796,0.14208333333333328,17.53470287806716,17.577436650220886,0.14214242424242418
1518.5136,3116.806623009559,1477.8540085820264,2.584,0.13954999999999995,17.577436650220886,17.584622661498102,0.14211287878787873
1518.666,3118.5605510275495,1488.8373831045287,2.5749,0.14270757575757576,17.431826425823004,17.591808672775322,0.14208333333333328
1518.8184,3124.868643768051,1504.2514350351412,2.5696,0.14651363636363637,17.339080587055086,17.597914613970225,0.14194318181818177
1518.9708,3112.999428057848,1501.5125965970642,2.5713,0.14844848484848486,17.18839997100559,17.60402055516513,0.14180303030303024
1519.1232,3084.0494540686077,1485.9724783076294,2.5747,0.1485181818181818,16.908592394605233,17.6185849453473,0.1416075757575757
1519.2756,3060.775677678631,1460.2197899065661,2.5775,0.14621969696969692,16.81911188417671,17.63314933552947,0.1414121212121212
1519.428,3050.5930040534454,1428.3163720764148,2.5751,0.1468469696969697,16.959610655078595,17.659740371676488,0.1411560606060606
1519.5804,3057.122453400949,1428.197912244548,2.5753,0.14753636363636363,17.06479278166387,17.686331407823506,0.14089999999999997
1519.7328,3072.593034649333,1427.2128471632038,2.5713,0.15174848484848485,17.291767790061197,17.73445942668935,0.14080909090909088
1519.8852,3070.6027065227136,1427.5965466027374,2.5674,0.15268030303030297,17.230399359759424,17.782587445555198,0.1407181818181818
1520.0376,3071.633145420869,1436.280598714133,2.5643,0.151919696969697,17.14079213866858,17.79372338211125,0.1406068181818182
1520.19,3084.5176039127227,1446.3697211420058,2.5616,0.15218787878787882,17.226593552010954,17.8048593186673,0.1404954545454546
1520.3424,3087.1575058036133,1455.2197653983308,2.5639,0.15279090909090912,17.19604835741046,17.810001994429804,0.14047500000000002
1520.4948,3116.96280199412,1481.4627597784806,2.5672,0.15689090909090903,17.429100482550332,17.81514467019231,0.14045454545454547
1520.6472,3147.674252892081,1466.68559371173,2.5725,0.15273484848484853,18.109450819318226,17.82332097780681,0.14024999999999999
1520.7996,3161.6584599777398,1508.038916111872,2.5803,0.14592121212121215,17.968802512565127,17.83149728542131,0.14004545454545447
1520.952,3173.403381423722,1495.686651683629,2.5906,0.13410000000000002,18.361441234936102,17.898525122560976,0.13992272727272725
1521.1044,3157.5479692449853,1512.1327819274336,2.6026,0.1276136363636364,18.013588215015922,17.965552959700638,0.1398
1521.2568,3143.2304530356205,1488.7464832760238,2.5944,0.13094848484848487,17.965552959700638,17.898525122560976,0.139675
1521.4092,3161.737171261801,1523.1059368150895,2.5759,0.14045454545454547,17.782587445555198,17.930503721411505,0.13954999999999995
1521.5616,3179.3616868140984,1511.2211142578358,2.5597,0.14446363636363638,18.079899302146874,17.94802834055607,0.13929393939393936
1521.714,3200.3057509956334,1536.466892364647,2.5632,0.14180303030303024,18.184151330179642,17.965552959700638,0.13903787878787877
1521.8664,3227.948441784141,1529.3013230363056,2.5728,0.13494393939393937,18.784787454546812,17.967177736132882,0.13901590909090905
1522.0188,3238.9421155987793,1538.4413489425233,2.5742,0.135219696969697,18.88178355549364,17.968802512565127,0.13899393939393936
1522.1712,3220.9114080286076,1551.6693681732656,2.5716,0.1363575757575757,18.423027762202665,17.967177736132882,0.13864545454545454
1522.3236,3169.058016219588,1529.4317769558586,2.5753,0.13483636363636364,17.83149728542131,17.965552959700638,0.13829696969696972
1522.476,3103.0891415295746,1511.2548323711974,2.5743,0.1322893939393939,16.949124257366552,17.94802834055607,0.13821363636363637
1522.6284,3072.67356875712,1479.2203033663425,2.5669,0.13808181818181817,16.746111427353604,17.930503721411505,0.138130303030303
1522.7808,3067.0062376547467,1462.5165360814058,2.5547,0.14857878787878787,16.74500537788662,17.88100050341641,0.13810606060606057
1522.9332,3064.1665426791756,1466.2262856659065,2.5504,0.1512818181818182,16.6354700388353,17.83149728542131,0.13808181818181817
1523.0856,3060.984697085035,1457.7175815661858,2.5492,0.14559545454545456,16.66252269479512,17.82332097780681,0.13754545454545455
1523.238,3049.0946249703643,1443.9420755625122,2.5539,0.1436712121212121,16.643816718881315,17.81514467019231,0.13700909090909094
1523.3904,3046.5102564845793,1437.9088050685343,2.5579,0.14475909090909087,16.688888354444124,17.81390767813149,0.13698863636363637
1523.5428,3051.8453251096385,1438.3593642715878,2.56,0.15017272727272724,16.781456232131926,17.812670686070668,0.1369681818181818
1523.6952,3057.196045705482,1438.8095267317403,2.5579,0.14980909090909086,16.846884949257078,17.808765002368986,0.13693863636363635
1523.8476,3082.7861590183634,1476.1863249353441,2.5603,0.15268181818181822,16.89303626808525,17.812670686070668,0.13690909090909087
1524.0,3128.692097896858,1513.822570856134,2.5619,0.15274696969696966,17.2497061958478,17.81390767813149,0.13663333333333327
1524.1524,3175.80387535595,1533.6697880134245,2.5635,0.14826212121212123,17.81514467019231,17.81514467019231,0.1363575757575757
1524.3048,3208.5291294022536,1546.7346796894149,2.5624,0.1404954545454546,18.205360741158493,17.82332097780681,0.13634469696969698
1524.4572,3218.3403162589543,1555.654456888773,2.5682,0.13903787878787877,18.313748607733867,17.83149728542131,0.13633181818181822
1524.6096,3204.0668943572477,1548.649859818735,2.5747,0.1369681818181818,18.198724921823274,17.878208392081966,0.13634469696969698
1524.762,3182.2030491936434,1532.819074545397,2.5733,0.14214242424242418,17.99689805521518,17.924919498742625,0.1363575757575757
1524.9144,3170.478765177575,1515.3790088188298,2.5756,0.14004545454545447,18.003712411733247,17.924919498742625,0.1366545454545455
1525.0668,3210.2458239420303,1527.7046838583567,2.5736,0.14265151515151514,18.514056626491087,17.930503721411505,0.13690909090909087
1525.2192,3269.0533902486113,1528.578091383694,2.5774,0.1398,19.514291197212074,17.958676776902685,0.13690909090909087
1525.3716,3272.380592464077,1534.682155140858,2.5785,0.13326666666666664,19.514454969176626,17.965552959700638,0.13690909090909087
1525.524,3275.711053912745,1540.8343860851737,2.5844,0.12967878787878784,19.550267799382393,17.968802512565127,0.13690909090909087
1525.6764,3219.322695908144,1528.5412961909835,2.5862,0.13363333333333335,18.746813701917787,17.968802512565127,0.13690909090909087
1525.8288,3148.2302050377884,1501.2892469172593,2.5781,0.14833787878787874,17.8048593186673,17.968802512565127,0.13690909090909087
1525.9812,3147.150992003056,1537.0859815035303,2.5692,0.15013484848484848,17.353357242054017,17.968802512565127,0.13690909090909087
1526.1336,3288.692852487883,1574.6306747147792,2.5688,0.13315606060606058,19.290536310205106,17.968802512565127,0.13690909090909087
1526.286,3590.5627570998436,1782.8648438706418,2.5784,0.10824696969696973,22.313468900417135,17.97028321540754,0.13690909090909087
1526.4384,3920.4236321284375,1984.619201190772,2.5926,0.08404393939393937,26.23219545481585,17.97028321540754,0.13690909090909087
1526.5908,3977.590817089547,2055.2434330656847,2.6014,0.07692727272727272,26.50617087401625,17.97028321540754,0.13690909090909087
1526.7432,4036.4445386163793,2131.081062184498,2.596,0.08641363636363632,26.57666038674194,17.97028321540754,0.13690909090909087
1526.8956,3888.4494680172484,2101.10390675731,2.5787,0.10695606060606058,23.811343855195013,17.97028321540754,0.13690909090909087
1527.048,3692.0795929021956,2021.3823522974988,2.567,0.11400151515151508,21.00696638127458,17.97028321540754,0.13690909090909087
1527.2004,3643.0917514091884,1980.3678494296698,2.5686,0.11271666666666665,20.659185800195786,17.97028321540754,0.13690909090909087
1527.3528,3595.3826227891577,1940.9846421500606,2.572,0.11188636363636359,20.32792467455193,17.97028321540754,0.1366545454545455
1527.5052,3586.962661695758,1934.1071030844823,2.5644,0.11883939393939391,20.20390087160156,17.97028321540754,0.1363575757575757
1527.6576,3581.6686251468864,1905.135740921541,2.5505,0.12740151515151513,20.37584388765333,17.97028321540754,0.13633181818181822
1527.81,3516.783758181887,1883.262443248801,2.5455,0.1318166666666666,19.44473025067824,17.97028321540754,0.13606666666666659
1527.9624,3454.2079460382,1861.8857090498152,2.5444,0.13415,18.59802381460213,17.97028321540754,0.13606060606060605
1528.1148,3400.233598725582,1814.852855803153,2.5422,0.1327166666666667,18.22757571584901,17.99689805521518,0.1357227272727273
1528.2672,3400.628134396216,1789.2259015103932,2.5312,0.13239999999999993,18.467211492980958,17.99842788493133,0.1357181818181818
1528.4196,3404.85616493445,1795.9086514128346,2.5214,0.130619696969697,18.387717105152333,17.99842788493133,0.13562424242424237
1528.572,3409.0909090909095,1802.6415085412564,2.5152,0.1298484848484848,18.333826731749504,18.003712411733247,0.13532121212121204
1528.7244,3410.1130886584647,1826.7040397847509,2.5126,0.13283636363636364,18.039817434639453,18.003712411733247,0.13532121212121204
1528.8768,3416.2667198683707,1878.6194858696751,2.5125,0.13606666666666659,17.500224303457532,18.003712411733247,0.13532121212121204
1529.0292,3447.203388392832,1887.2527469805814,2.5133,0.13562424242424237,17.930503721411505,18.031716166989558,0.13532121212121204
1529.1816,3478.701513029723,1895.9657233283403,2.5143,0.1302212121212121,18.375634623209674,18.039817434639453,0.135219696969697
1529.334,3531.6691539752137,1912.4513887233131,2.5077,0.12617121212121216,19.04863948019266,18.039817434639453,0.13519242424242417
1529.4864,3523.33283242206,1912.887072510846,2.4947,0.12901060606060605,18.797626813741967,18.039817434639453,0.13509545454545457
1529.6388,3471.1822404841437,1899.009810927655,2.4857,0.13333787878787876,17.99842788493133,18.031716166989558,0.13519242424242417
1529.7912,3445.9095086978696,1915.789486916629,2.4877,0.13633181818181822,17.365704621734285,18.003712411733247,0.13519242424242417
1529.9436,3478.399799147519,1935.7456907747876,2.4919,0.13700909090909094,17.700256397342287,17.99842788493133,0.13519242424242417
1530.096,3498.3455167118304,1956.0768337738998,2.4959,0.13404696969696972,17.812670686070668,17.99842788493133,0.13532121212121204
1530.2484,3496.904642806335,1966.7815246428434,2.4986,0.1315287878787878,17.666857666222523,17.99842788493133,0.13562424242424237
1530.4008,3477.653679090607,1962.3067147200043,2.5058,0.12994696969696973,17.4400629309918,17.99842788493133,0.13562424242424237
1530.5532,3472.5030845807423,1951.1295811216694,2.5061,0.12965606060606058,17.498598026407702,17.99842788493133,0.13562424242424237
1530.7056,3459.4849816583737,1944.353719278191,2.5007,0.13429242424242419,17.323235375040014,17.99842788493133,0.13562424242424237
1530.858,3469.4121463572883,1952.064269538575,2.4952,0.13690909090909087,17.356812707559364,17.99842788493133,0.13562424242424237
1531.0104,3459.284740672813,1956.59918924384,2.4947,0.13606060606060605,17.119322599674145,17.99842788493133,0.13562424242424237
1531.1628,3448.6660179674595,1953.0661793399177,2.5036,0.13351363636363633,17.042858015392405,18.003712411733247,0.13532121212121204
1531.3152,3443.7642784025816,1932.8352435511918,2.5171,0.13222272727272721,17.31356098535976,18.031716166989558,0.13519242424242417
1531.4676,3465.0578248576976,1923.2286010846556,2.5336,0.1357227272727273,17.924919498742625,18.039817434639453,0.13519242424242417
1531.62,3467.359835277656,1932.9296250002378,2.5506,0.13532121212121204,17.958676776902685,18.039817434639453,0.13519242424242417
1531.7724,3458.452614773992,1912.9194866748337,2.5624,0.13509545454545457,18.146608983935888,18.146608983935888,0.13519242424242417
1531.9248,3448.2095443453554,1888.5296606966497,2.5648,0.1339181818181818,18.299223956647563,18.190828996523546,0.13509545454545457
1532.0772,3405.3963465728175,1814.7264335624366,2.5634,0.13519242424242417,18.471215035915417,18.190828996523546,0.13499242424242427
1532.2296,3354.341991013269,1754.081058341611,2.5561,0.1366545454545455,18.27409494918284,18.190828996523546,0.13429242424242419
1532.382,3324.3933909139796,1711.1165877820213,2.5556,0.13950606060606055,18.26665730246101,18.146608983935888,0.13429242424242419
1532.5344,3312.409799864374,1696.1866962868648,2.5587,0.14136666666666664,18.258865128814865,18.146608983935888,0.13429242424242419
1532.6868,3314.1205674452895,1693.8367792649483,2.5658,0.14431515151515154,18.365870904608677,18.146608983935888,0.13429242424242419
1532.8392,3307.6541591472155,1686.6681828972512,2.5683,0.1463575757575758,18.35677860408692,18.039817434639453,0.13429242424242419
1532.9916,3288.2671004992812,1669.381419697167,2.5632,0.14470303030303025,18.190828996523546,18.031716166989558,0.13429242424242419
1533.144,3270.8109100001184,1654.887537686969,2.5589,0.1465560606060606,18.031716166989558,17.99842788493133,0.13499242424242427
1533.2964,3251.4080901177676,1636.1841480166904,2.5541,0.14776060606060604,17.884293002716024,17.97028321540754,0.13509545454545457
1533.4488,3242.577338341881,1636.959187191761,2.5542,0.15088030303030306,17.729878718378632,17.97028321540754,0.13519242424242417
1533.6012,3239.4997906228814,1617.8738971333698,2.5573,0.147440909090909,17.912192623104197,17.99842788493133,0.13509545454545457
1533.7536,3231.7920117057033,1608.4874096808992,2.562,0.15006666666666668,17.920773104841004,18.031716166989558,0.13499242424242427
1533.906,3219.945066553983,1586.3936556745061,2.5626,0.1483348484848484,17.97028321540754,18.031716166989558,0.13499242424242427
1534.0584,3202.508211155404,1585.0984107932306,2.5599,0.15325303030303034,17.67869383847484,18.031716166989558,0.13499242424242427
1534.2108,3170.778900588592,1571.0570874106681,2.5586,0.15254696969696963,17.3035005221229,18.031716166989558,0.13499242424242427
1534.3632,3156.9396742800564,1549.7869043006585,2.5567,0.1490227272727272,17.293047111147093,18.031716166989558,0.13499242424242427
1534.5156,3126.5194084231384,1518.9669031663582,2.5575,0.14483030303030298,17.13212049132365,18.031716166989558,0.13499242424242427
1534.668,3130.2279582348724,1523.663270417238,2.5618,0.14167727272727274,17.17155938349344,18.031716166989558,0.13499242424242427
1534.8204,3152.949062494181,1532.6502781699917,2.5705,0.13699090909090905,17.50270232910223,18.031716166989558,0.13499242424242427
1534.9728,3179.9123020248994,1555.6020557628215,2.5762,0.13331363636363633,17.737940535787047,18.031716166989558,0.13499242424242427
1535.1252,3207.367685560111,1580.458727108497,2.5747,0.1357181818181818,17.911521274769612,18.031716166989558,0.13499242424242427
1535.2776,3193.104235786863,1581.3475696119783,2.57,0.13499242424242427,17.634571945330656,17.99842788493133,0.13499242424242427
1535.43,3180.045008904752,1584.082671653132,2.5687,0.12373636363636355,17.382210636567063,17.97028321540754,0.13499242424242427
1535.5824,3213.7558874046713,1604.3785638601098,2.5688,0.10905606060606059,17.714922945120072,17.958676776902685,0.13499242424242427
1535.7348,3289.157757631807,1664.3114402846368,2.5692,0.10423484848484849,18.306360139600724,17.931862603460825,0.13499242424242427
1535.8872,3430.4352083302856,1752.3485379847993,2.5625,0.10996515151515149,19.66356204198329,17.930503721411505,0.13509545454545457
1536.0396,3578.7795281599933,1887.363765216406,2.5561,0.11695454545454548,20.597412339481092,17.924919498742625,0.13519242424242417
1536.192,3628.8565530148803,1927.0319977088043,2.5492,0.12264545454545454,20.947617947259676,17.920773104841004,0.13532121212121204
1536.3444,3585.038814396613,1926.555750655143,2.5452,0.12465757575757576,20.11644774490497,17.914900077856068,0.13562424242424237
1536.4968,3495.1402872253084,1865.062027997959,2.5428,0.12493484848484841,19.26950063829959,17.914900077856068,0.13562424242424237
1536.6492,3499.032255842626,1847.0656320351964,2.5407,0.12657121212121206,19.549055697587324,17.920773104841004,0.13532121212121204
1536.8016,3483.5997654741896,1826.6219360035095,2.5428,0.1306348484848484,19.545835004371625,17.920773104841004,0.13519242424242417
1536.954,3451.481657209441,1801.7378967902112,2.5468,0.1315227272727272,19.315898215918768,17.920773104841004,0.13519242424242417
1537.1064,3404.388399613544,1761.1778165555338,2.5517,0.1340878787878788,19.020875267557873,17.914900077856068,0.13532121212121204
1537.2588,3274.6623004502667,1688.2189677604458,2.5544,0.13921969696969702,17.684882980920733,17.912192623104197,0.1357181818181818
1537.4112,3192.5624188897464,1606.9957036063029,2.5582,0.14606818181818185,17.265823589990582,17.911521274769612,0.1357227272727273
1537.5636,3122.2278447818435,1539.2439019832916,2.5592,0.15181515151515143,16.863279391756297,17.911521274769612,0.1357227272727273
1537.716,3070.0212625160275,1469.0756680004665,2.5584,0.1555075757575758,16.751003229583063,17.911521274769612,0.1357227272727273
1537.8684,3028.3520518873556,1427.4367581824722,2.5511,0.15671969696969698,16.465178371065985,17.911521274769612,0.13606060606060605
1538.0208,3009.69560404729,1419.7796546693423,2.5463,0.15877424242424237,16.221378839601346,17.911521274769612,0.1366545454545455
1538.1732,2982.3057685308036,1401.4733862594915,2.5446,0.1571893939393939,15.968155930775842,17.912192623104197,0.13671969696969694
1538.3256,2987.2249092218813,1405.2837377596697,2.5471,0.15483181818181818,16.022318967497196,17.914900077856068,0.13671969696969694
1538.478,3050.0404770791665,1457.2541182489047,2.5468,0.1530227272727272,16.4810919623163,17.920773104841004,0.13671969696969694
1538.6304,3215.912436022018,1572.3010894684714,2.545,0.14046818181818183,17.931862603460825,17.924919498742625,0.1366545454545455
1538.7828,3332.433168205877,1707.0714651355297,2.5414,0.12580909090909093,18.348027416214414,17.931862603460825,0.1366545454545455
1538.9352,3365.895352458274,1729.274379903653,2.5383,0.12564848484848484,18.63636362938174,17.958676776902685,0.1366545454545455
1539.0876,3322.2410303307092,1701.8634511423368,2.537,0.13684242424242424,18.20424313255964,17.97028321540754,0.1366545454545455
1539.24,3308.3111549131895,1707.307646419275,2.5381,0.14370909090909087,17.914900077856068,17.97028321540754,0.1366545454545455
1539.3924,3399.054331340887,1764.2411245300711,2.5379,0.13671969696969694,18.789363004202663,17.97028321540754,0.1366545454545455
1539.5448,3469.025178885838,1812.894749207305,2.5341,0.1257212121212121,19.390981844936768,17.931862603460825,0.1366545454545455
1539.6972,3473.654699576734,1845.4887548097445,2.5269,0.1260030303030303,19.015357075552537,17.931862603460825,0.1366545454545455
1539.8496,3410.658756206157,1803.6068586766332,2.5288,0.13192727272727273,18.448260780381155,17.931862603460825,0.1366545454545455
1540.002,3319.0972229784325,1749.9791874194411,2.5364,0.1413742424242424,17.585292811701052,17.931862603460825,0.1357181818181818
1540.1544,3256.1945683085096,1711.1281151036812,2.5424,0.1489560606060605,17.031174456170927,17.931862603460825,0.13499242424242427
1540.3068,3222.273436541934,1678.586947003904,2.5371,0.15286212121212114,16.811265839682015,17.931862603460825,0.1340878787878788
1540.4592,3200.329272723073,1645.3308070379999,2.5259,0.15890606060606058,16.753342017403646,17.931862603460825,0.13396060606060597
1540.6116,3183.7619782777188,1613.916962701468,2.5229,0.15831515151515152,16.811015460699917,17.931862603460825,0.13331363636363633
1540.764,3198.351296077298,1610.2889433165612,2.5287,0.15725757575757568,17.1245512072446,17.931862603460825,0.1330666666666666
1540.9164,3256.232833467408,1639.286071554192,2.5385,0.15088787878787877,17.820372808985365,17.931862603460825,0.1330484848484848
1541.0688,3339.951873134427,1699.1103083818316,2.5446,0.14233939393939393,18.590790078778298,17.97028321540754,0.13192727272727273
1541.2212,3413.909665799749,1773.338484237767,2.5439,0.13075151515151517,18.982090064136827,18.041757108940743,0.13169999999999998
1541.3736,3461.04451325655,1817.3254073778166,2.5424,0.1272560606060605,19.259358670820454,18.12659759255029,0.1315227272727272
1541.526,3465.9483087013728,1844.34524836033,2.5393,0.12534545454545457,18.987154829106434,18.18668493723156,0.13076818181818176
1541.6784,3492.5050932365943,1893.1735812844138,2.5329,0.12843484848484843,18.79103684818686,18.188551728914636,0.13075151515151517
1541.8308,3546.2890784069627,1921.2186880118602,2.5229,0.12386515151515151,19.312104604383773,18.20424313255964,0.13073939393939396
1541.9832,3531.6527856954162,1916.6978465446932,2.5151,0.12117878787878789,19.05003109828215,18.20424313255964,0.13073939393939396
1542.1356,3590.748873767742,1907.4104900067462,2.5238,0.11744242424242421,20.29772317649133,18.20424313255964,0.13073939393939396
1542.288,3716.9915782336484,1902.2833016598172,2.5436,0.11089242424242418,22.869806166822215,18.20424313255964,0.13073939393939396
1542.4404,3692.7952933821666,1917.3706356700134,2.5644,0.09893939393939391,22.400008884572348,18.20424313255964,0.13073939393939396
1542.5928,3596.604465547881,1881.896195643114,2.57,0.09774242424242427,21.108744583946137,18.216849842558446,0.1306348484848484
1542.7452,3403.806724528403,1794.3597761995366,2.5647,0.11059848484848477,18.704179817730992,18.306360139600724,0.13044242424242428
1542.8976,3256.5911781423756,1700.9070946464396,2.5594,0.1303045454545454,17.27067637864345,18.306360139600724,0.1304030303030303
1543.05,3245.605441713271,1650.0810423661558,2.5554,0.1330666666666666,17.641454554357722,18.306360139600724,0.1304030303030303
1543.2024,3239.9991070868605,1618.8895947039791,2.5516,0.13076818181818176,17.86933838127983,18.306360139600724,0.13044242424242428
1543.3548,3204.0803669134552,1594.878806478096,2.5482,0.1330484848484848,17.517889155364376,18.306360139600724,0.1306348484848484
1543.5072,3160.727340602592,1561.08034134804,2.5484,0.13963787878787876,17.1785134984035,18.216849842558446,0.13073939393939396
1543.6596,3142.2809990969035,1542.3446472342039,2.5549,0.13851818181818182,17.123349936775522,18.20424313255964,0.13075151515151517
1543.812,3147.2777286732694,1536.552868660522,2.5564,0.13706363636363633,17.27452569725531,18.188551728914636,0.13076818181818176
1543.9644,3189.4688927373663,1553.3022706853437,2.5586,0.1367969696969696,17.79689127044673,18.18668493723156,0.1315227272727272
1544.1168,3285.477606904677,1604.8659873716845,2.5543,0.13169999999999998,18.800252489336316,18.12659759255029,0.13169999999999998
1544.2692,3354.519191085432,1667.632339592973,2.5513,0.12085909090909092,19.249053793207242,18.041757108940743,0.13192727272727273
1544.4216,3363.651813480652,1689.2369337689438,2.5446,0.11908939393939393,19.108567584546783,17.97534848184034,0.13266969696969697
1544.574,3254.2233904779805,1622.5098758577662,2.5483,0.12676818181818184,18.041757108940743,17.931862603460825,0.1330484848484848
1544.7264,3155.5735006367054,1553.6158012105768,2.5502,0.14129242424242427,17.186685373883662,17.931862603460825,0.1330484848484848
1544.8788,3139.119213407582,1533.3002325605964,2.5568,0.14229242424242422,17.18013626274415,17.931862603460825,0.13266969696969697
1545.0312,3146.865059576722,1538.3054717343941,2.5562,0.1417242424242424,17.248167584975107,17.97534848184034,0.13192727272727273
1545.1836,3142.617940966623,1526.5027011785821,2.5541,0.142960606060606,17.288958805353953,18.041757108940743,0.13169999999999998
1545.336,3109.325221340499,1498.4491935757433,2.5519,0.14842727272727274,17.031644341656136,18.12659759255029,0.13076818181818176
1545.4884,3100.0183071947276,1498.2149712375167,2.5542,0.14598030303030307,16.901778344827026,18.18668493723156,0.13075151515151517
1545.6408,3130.0833045792874,1483.908502045973,2.5608,0.141130303030303,17.570781280544328,18.188551728914636,0.13073939393939396
1545.7932,3219.9518697482986,1573.628302593028,2.5652,0.1382469696969697,18.12659759255029,18.188551728914636,0.13044242424242428
1545.9456,3316.5113956114983,1674.8964454609097,2.5607,0.13396060606060597,18.587806418908773,18.188551728914636,0.13044242424242428
1546.098,3426.3976509840772,1781.7517753215689,2.5532,0.12913333333333332,19.16776179237855,18.188551728914636,0.13044242424242428
1546.2504,3541.081423960853,1833.3338345728987,2.5504,0.11833181818181823,20.55054609328003,18.188551728914636,0.13044242424242428
1546.4028,3589.7085599474262,1923.8221954042867,2.5455,0.11486666666666662,20.239826503348038,18.188551728914636,0.13044242424242428
1546.5552,3567.3071746412215,1954.8348491640966,2.5361,0.11496515151515155,19.35173157948818,18.18668493723156,0.13073939393939396
1546.7076,3526.2432089738722,1965.2927241613656,2.516,0.12305606060606057,18.327945864826873,18.12659759255029,0.13075151515151517
1546.86,3485.472053901316,1972.7606286685873,2.5018,0.12805909090909096,17.411200647895466,18.041757108940743,0.13075151515151517
1547.0124,3479.86518947455,1947.0315434440997,2.4951,0.13073939393939396,17.60264596385688,18.041757108940743,0.13075151515151517
1547.1648,3466.83136390469,1934.2961237289524,2.4972,0.1304030303030303,17.55594291387614,17.97534848184034,0.13075151515151517
1547.3172,3453.1669891737324,1874.9065776127054,2.5129,0.1282954545454545,18.18668493723156,17.86933838127983,0.13076818181818176
1547.4696,3448.2602576692116,1806.369943142017,2.5349,0.12422878787878788,19.112813867190773,17.835557414980656,0.13169999999999998
1547.622,3406.0432683711783,1742.3983015046479,2.5564,0.12546363636363633,19.308987590379587,17.820372808985365,0.13169999999999998
1547.7744,3381.2078943660954,1706.8468188978404,2.5646,0.12812878787878784,19.357939517018103,17.820372808985365,0.13169999999999998
1547.9268,3382.9003709203753,1726.3223952383405,2.5602,0.12841212121212117,19.12579378469914,17.820372808985365,0.13169999999999998
1548.0792,3407.120748225179,1768.118867707815,2.554,0.12544090909090913,19.002132933021514,17.820372808985365,0.13169999999999998
1548.2316,3430.705489466451,1797.2789621067789,2.5487,0.12239696969696962,19.0204160978185,17.820372808985365,0.13169999999999998
1548.384,3410.2428119734436,1797.7326627617495,2.5519,0.12467727272727276,18.681521823948422,17.820372808985365,0.13169999999999998
1548.5364,3380.435397417428,1796.7958319995898,2.5536,0.12756212121212124,18.188551728914636,17.820372808985365,0.13169999999999998
1548.6888,3446.571916092709,1826.5409341726154,2.5502,0.13044242424242428,18.949317868781694,17.79689127044673,0.13169999999999998
1548.8412,3681.10162521603,1924.1962629684392,2.5354,0.12457727272727268,21.839430625917995,17.682555287725624,0.13169999999999998
1548.9936,3978.9876035215607,2106.249507643447,2.5172,0.11354242424242425,24.963810017752103,17.641454554357722,0.13266969696969697
1549.146,4124.230258698026,2240.0547960910753,2.5033,0.10465454545454547,25.83108852336008,17.60264596385688,0.1330484848484848
1549.2984,3916.509475177451,2158.786999682698,2.5149,0.10563939393939394,22.94904442058855,17.570781280544328,0.1330666666666666
1549.4508,3583.744754599315,1971.5216032972535,2.5287,0.11760757575757569,19.37160338223883,17.55594291387614,0.13309696969696966
1549.6032,3366.133253818374,1811.4154833234484,2.5421,0.13309696969696966,17.682555287725624,17.53951383106159,0.1336181818181818
1549.7556,3268.1280317034157,1712.0998500227497,2.5364,0.1390742424242424,17.177210069617203,17.53951383106159,0.13396060606060597
1549.908,3263.3763096867033,1673.3378753549941,2.536,0.1384954545454545,17.53951383106159,17.539087131714275,0.13626969696969693
1550.0604,3291.402506778799,1687.724462370057,2.5351,0.1336181818181818,17.835557414980656,17.539087131714275,0.1367969696969696
1550.2128,3333.169299411118,1711.3241033374752,2.5283,0.1293787878787878,18.216849842558446,17.517889155364376,0.13706363636363633
1550.3652,3373.931947969719,1728.223281004683,2.5239,0.12216212121212125,18.679575323147663,17.517889155364376,0.1376924242424242
1550.5176,3364.33867234454,1776.0364437084434,2.5271,0.12584242424242426,17.97534848184034,17.517889155364376,0.1382469696969697
1550.67,3311.2690699440413,1765.6954569258362,2.5412,0.13266969696969697,17.299461916925043,17.517889155364376,0.1384954545454545
1550.8224,3238.136923897408,1714.632884048514,2.5535,0.1376924242424242,16.76519874624875,17.418819319707797,0.13851818181818182
1550.9748,3164.8001129692434,1618.2939422819113,2.5594,0.1396045454545454,16.697848195857677,17.412152050940158,0.13884242424242424
1551.1272,3130.3597654284217,1557.8744214193423,2.5569,0.14241212121212113,16.781417043322545,17.411200647895466,0.13907121212121215
1551.2796,3116.7779387749465,1569.0941981609478,2.5395,0.1473348484848485,16.332953178760913,17.411200647895466,0.13907121212121215
1551.432,3074.9209327663702,1703.8803527166494,2.4938,0.15938333333333338,13.925863997046847,17.411200647895466,0.1390742424242424
1551.5844,3066.2657450432225,1893.1371294625058,2.4156,0.182930303030303,11.168191712390776,17.411200647895466,0.1396045454545454
1551.7368,3055.7371264040553,1898.0141217730493,2.3314,0.20834545454545456,10.571156458214151,17.32902125526356,0.141130303030303
1551.8892,3034.167231591176,1849.6357771018975,2.273,0.22884242424242418,10.557253336609053,17.299461916925043,0.14129242424242427
1552.0416,3131.7460203296346,1833.8666066608828,2.2681,0.22572727272727272,12.074784131902733,17.288958805353953,0.1417242424242424
1552.194,3453.6639090988415,1918.6524110624664,2.3412,0.1877257575757575,16.434033806600535,17.248167584975107,0.14173333333333338
1552.3464,3969.5821650111548,2077.643047564257,2.4694,0.12452727272727276,24.699222914311022,17.20380761208443,0.14219393939393937
1552.4988,4526.533236901939,2403.956116759076,2.5918,0.06928636363636358,33.13399399957402,17.20380761208443,0.14229242424242422
1552.6512,4881.4705910615285,2763.781048332619,2.656,0.04123181818181811,36.238749663163325,17.20380761208443,0.14241212121212113
1552.8036,4840.30795030109,2895.8739496756393,2.6628,0.03657121212121214,32.6116661354916,17.190496094173586,0.1427757575757576
1552.956,4795.717839346599,2909.3408166771665,2.6511,0.03951666666666663,31.052928883005123,17.177210069617203,0.1427757575757576
1553.1084,4643.311985472893,2866.822548575148,2.6206,0.05060909090909087,27.78390910585349,17.177210069617203,0.1427757575757576
1553.2608,4370.468936404515,2778.3272245987696,2.5557,0.07817575757575759,22.512809895035534,17.177210069617203,0.1427757575757576
1553.4132,3987.3524529150977,2592.6568608437365,2.4526,0.11971818181818183,17.012427492147847,17.156347335867526,0.14376515151515146
1553.5656,3632.948266244571,2376.250591528916,2.3583,0.15564393939393942,13.370516918222565,17.012427492147847,0.14422272727272722
1553.718,3467.5176191532573,2234.3829606307295,2.323,0.16914090909090906,12.467669894277703,17.00408632635207,0.14423333333333332
1553.8704,3449.7354976424544,2147.6873254739817,2.3393,0.1668015151515151,13.452364247168916,17.00408632635207,0.14439545454545452
1554.0228,3446.595299830045,2108.900348231478,2.3629,0.16280000000000006,14.057061257922417,17.00408632635207,0.14444545454545454
1554.1752,3437.375595309922,2094.2983962951257,2.3732,0.1616787878787878,14.161920585634233,17.00408632635207,0.14444545454545454
1554.3276,3456.644514504752,2052.1866762722652,2.3886,0.15751212121212121,15.127237311040613,17.00408632635207,0.14444545454545454
1554.48,3470.14288153925,2001.9375708116452,2.411,0.1525242424242424,16.149407379399275,17.00408632635207,0.14444545454545454
1554.6324,3479.2892113496973,1962.5126600738774,2.4346,0.1479227272727272,16.969597375332285,17.00408632635207,0.14444545454545454
1554.7848,3468.8988408551613,1924.1355278242117,2.4535,0.14439545454545452,17.412152050940158,17.00408632635207,0.14444545454545454
1554.9372,3439.427484275452,1914.237391813872,2.4707,0.14423333333333332,17.156347335867526,17.00408632635207,0.14444545454545454
1555.0896,3334.5367422626277,1811.5705151445632,2.4866,0.14376515151515146,16.768183970585792,17.00408632635207,0.14444545454545454
1555.242,3311.1827375268467,1799.1354941454313,2.5072,0.14422272727272722,16.668065556480613,17.00408632635207,0.14444545454545454
1555.3944,3316.3923135426967,1870.7592594297498,2.5167,0.1470439393939393,15.936090953790083,17.00408632635207,0.14444545454545454
1555.5468,3320.0516742950877,1974.734029630081,2.4938,0.15953333333333336,14.522171649132215,17.00408632635207,0.14444545454545454
1555.6992,3303.0768030377903,2031.7941115300316,2.4366,0.17106666666666667,13.172421921180508,17.00408632635207,0.14444545454545454
1555.8516,3289.8358320111392,2041.4478205133357,2.3644,0.18754545454545457,12.451736336665311,17.00408632635207,0.14444545454545454
1556.004,3268.6467287795335,2034.99279607209,2.3211,0.19226666666666667,11.982579401057075,17.00408632635207,0.14444545454545454
1556.1564,3243.5193461882263,2043.259723248247,2.3063,0.1930015151515152,11.425111965195843,17.00408632635207,0.14444545454545454
1556.3088,3275.3872060022977,2038.86826757069,2.3147,0.1849560606060605,12.002914500681653,17.00408632635207,0.14444545454545454
1556.4612,3353.744078958227,2006.036537770483,2.3138,0.18742878787878783,13.60982379775566,17.00408632635207,0.14444545454545454
1556.6136,3365.9102203080997,1899.8241665362928,2.3335,0.18225909090909093,15.207207445911692,17.00408632635207,0.14444545454545454
1556.766,3362.290063704807,1832.4520769894402,2.3868,0.16715757575757573,16.29664153946776,17.00408632635207,0.14444545454545454
1556.9184,3332.604417231577,1761.51064563873,2.4667,0.14444545454545454,17.190496094173586,17.00408632635207,0.14444545454545454
1557.0708,3275.1725160588758,1709.0997787926963,2.5181,0.13626969696969693,17.20380761208443,17.00408632635207,0.14444545454545454
1557.2232,3268.3943690969454,1681.3128803018863,2.537,0.13884242424242424,17.539087131714275,17.00408632635207,0.14444545454545454
1557.3756,3287.1287555823487,1687.985233452013,2.5359,0.1427757575757576,17.766912499895327,17.00408632635207,0.14444545454545454
1557.528,3310.5030270249135,1751.7754830745039,2.5363,0.14795454545454537,17.418819319707797,17.00408632635207,0.14444545454545454
1557.6804,3383.8655779382625,1832.325394058168,2.5207,0.1471318181818181,17.57933940763435,17.00408632635207,0.14444545454545454
1557.8328,3415.0418701163667,1885.6986952920022,2.5037,0.14173333333333338,17.32902125526356,17.00408632635207,0.14444545454545454
1557.9852,3459.4417904654247,1882.755246759536,2.4978,0.13907121212121215,18.087521651677445,17.00408632635207,0.14444545454545454
1558.1376,3466.460741308544,1906.9975799650135,2.5101,0.14219393939393937,17.991134331090265,17.00408632635207,0.14444545454545454
1558.29,3462.656589215097,1996.2798983521525,2.5247,0.1461696969696969,16.85610756999917,17.00408632635207,0.14444545454545454
1558.4424,3435.109341964684,2095.908440157276,2.5192,0.14453636363636357,14.971269551877878,17.00408632635207,0.14444545454545454
1558.5948,3391.43351488481,2106.683328449072,2.4851,0.1450196969696969,13.87763113397376,17.012427492147847,0.14444545454545454
1558.7472,3378.378378378379,2073.6570043412094,2.423,0.15748787878787873,13.762727160051117,17.156347335867526,0.14444545454545454
1558.8996,3367.855323653327,2045.3946074862251,2.3659,0.16914090909090912,13.637672230600561,17.190496094173586,0.14444545454545454
1559.052,3374.570705449135,2040.405108778093,2.3456,0.1768424242424242,13.690618490320881,17.20380761208443,0.14444545454545454
1559.2044,3361.6522388405383,2051.4104456366135,2.3637,0.1729075757575757,13.448647812557496,17.20380761208443,0.14444545454545454
1559.3568,3355.206018235677,2058.2412031797394,2.3899,0.16851818181818182,13.404785688633833,17.20380761208443,0.14444545454545454
1559.5092,3358.100425711944,2048.658323716245,2.405,0.16294242424242428,13.66241354470186,17.20380761208443,0.14444545454545454
1559.6616,3370.104475450094,2029.0511123833364,2.4034,0.16372727272727272,14.103646989126345,17.20380761208443,0.14444545454545454
1559.814,3389.992626098717,2021.773867776785,2.4027,0.16258939393939398,14.517010664801282,17.23967844370389,0.14439545454545452
1559.9664,3412.946353589304,2019.2852339767267,2.4041,0.16316515151515146,14.933112838165354,17.23967844370389,0.14423333333333332
1560.1188,3440.425222109473,2012.5865897552212,2.4122,0.16271060606060606,15.52456380392505,17.23967844370389,0.14423333333333332
1560.2712,3446.279646145775,2013.7846466098651,2.4203,0.15930606060606056,15.658708322793103,17.23967844370389,0.14423333333333332
1560.4236,3445.9328834476514,2014.9641497684245,2.4277,0.1561136363636363,15.685400622642284,17.23967844370389,0.14423333333333332
1560.576,3455.4688917105027,2011.225382614514,2.4353,0.15441060606060608,15.943653901702817,17.23967844370389,0.14423333333333332
1560.7284,3466.058665999534,2009.2366878181458,2.4453,0.154880303030303,16.214425458545016,17.23967844370389,0.14423333333333332
1560.8808,3488.0726910686803,1984.298780190084,2.4584,0.153760606060606,17.00408632635207,17.23967844370389,0.14423333333333332
1561.0332,3482.0198456852886,1991.6296666568653,2.4704,0.14752424242424236,16.886857037891748,17.23967844370389,0.14423333333333332
1561.1856,3477.5703557664006,1993.318980739098,2.4755,0.1487287878787879,16.8228415815808,17.32902125526356,0.14423333333333332
1561.338,3482.962849538976,1988.5397998281558,2.4764,0.1496560606060606,16.9847431057008,17.347998924173094,0.14422272727272722
1561.4904,3502.0876946657504,1972.784888778427,2.4761,0.14879696969696962,17.51950836895739,17.412152050940158,0.14413484848484845
1561.6428,3539.1982461925754,1974.186603382155,2.481,0.14476212121212123,18.18417664396773,17.412152050940158,0.14376515151515146
1561.7952,3568.560142180428,1964.4314169815043,2.4861,0.14326666666666665,18.86775980480778,17.418819319707797,0.14354545454545448
1561.9476,3571.4787890718376,1957.7164085923712,2.4938,0.14063333333333336,19.065739476377658,17.437954028076835,0.1432939393939393
1562.1,3571.7717534727512,1939.758039367924,2.4997,0.13859545454545458,19.349357274752396,17.43979520811344,0.14326666666666665
1562.2524,3551.896967020264,1914.2746607312433,2.5026,0.1378666666666666,19.345203347874953,17.51950836895739,0.14307878787878786
1562.4048,3524.6692153448003,1901.8085275646808,2.5062,0.1360257575757575,19.049105353769367,17.539087131714275,0.14277727272727275
1562.5572,3484.475905329259,1862.904186950503,2.5128,0.13212575757575756,18.88207456544385,17.57933940763435,0.1427757575757576
1562.7096,3421.631943314066,1810.9462431777592,2.527,0.1287227272727272,18.535199882390078,17.586923045950947,0.14219393939393937
1562.862,3395.506301404657,1793.1162690003848,2.5411,0.12714999999999993,18.40376878345865,17.622981625333637,0.14200454545454538
1563.0144,3369.7765975206494,1775.6350021467242,2.5523,0.12585606060606064,18.25291323793889,17.72921587832671,0.14173333333333338
1563.1668,3334.671724106241,1721.0644625597897,2.555,0.12908787878787872,18.3209298293313,17.766912499895327,0.14164848484848486
1563.3192,3327.4382655400536,1717.847010168437,2.5527,0.1310348484848484,18.219081795376148,17.766912499895327,0.14140151515151517
1563.4716,3332.863145947258,1708.642772575611,2.5524,0.13457575757575754,18.41649316078114,17.786311666667533,0.14063333333333336
1563.624,3331.5626209167044,1713.3086080266935,2.5543,0.13544999999999996,18.35368675691662,17.82707809205747,0.14051212121212114
1563.7764,3330.263110452634,1717.9999954908135,2.5561,0.1369545454545455,18.289629285164548,17.865274361597514,0.13987121212121206
1563.9288,3306.1974932341186,1714.64638793537,2.5525,0.13769545454545445,17.89538746651408,17.89538746651408,0.13911666666666658
1564.0812,3266.9860767227246,1678.5102230524217,2.5479,0.13638939393939398,17.622981625333637,17.908278318840985,0.13907121212121215
1564.2336,3254.285930872048,1674.3030191836237,2.5447,0.13770909090909084,17.437954028076835,17.991134331090265,0.13884242424242424
1564.386,3298.883379926814,1700.0229235374534,2.5477,0.13695000000000002,17.908278318840985,18.020104495235366,0.13859545454545458
1564.5384,3344.723829840467,1726.5453515542024,2.5635,0.12461212121212123,18.489412163246353,18.025834833016074,0.13828181818181814
1564.6908,3540.1601434647578,1806.4973450771465,2.5932,0.10121212121212121,21.216240639949074,18.087521651677445,0.1378666666666666
1564.8432,3806.1272655073462,1989.7379656104345,2.6143,0.07886818181818177,24.07211327501943,18.163931618649503,0.1378666666666666
1564.9956,3910.1436669912296,2083.840392046402,2.6107,0.07905909090909088,24.80000297153812,18.16764715505922,0.13771060606060603
1565.148,3817.530078079011,2095.3493967621075,2.5905,0.09618030303030299,22.587995408834665,18.18417664396773,0.13770909090909084
1565.3004,3624.1663406740145,2000.5986043068006,2.5731,0.11790303030303023,20.065176085916764,18.219081795376148,0.13769545454545445
1565.4528,3522.3515625812547,1888.7098773082168,2.5657,0.1202454545454545,19.62929972070008,18.25291323793889,0.13715909090909084
1565.6052,3501.8865149795265,1847.905494911894,2.5573,0.12284090909090903,19.717301807024086,18.289629285164548,0.13712424242424237
1565.7576,3481.657899696726,1808.8269330057506,2.5494,0.1270348484848485,19.781989161560347,18.3209298293313,0.1369545454545455
1565.91,3447.3866366264474,1776.4308194428254,2.5494,0.1341848484848485,19.571402216182182,18.35368675691662,0.13695000000000002
1566.0624,3378.0226819593863,1737.4807896644977,2.5538,0.14140151515151517,18.862157168503845,18.38470263420965,0.13655909090909085
1566.2148,3297.309577126538,1682.3754611629583,2.5594,0.14200454545454538,18.16764715505922,18.402698720293255,0.13638939393939398
1566.3672,3242.7325766957324,1633.2111997136521,2.5618,0.14277727272727275,17.82707809205747,18.402698720293255,0.136210606060606
1566.5196,3204.9933965359155,1588.02520625311,2.5659,0.14413484848484845,17.72921587832671,18.40376878345865,0.13617727272727265
1566.672,3172.0031178875793,1566.9025759816661,2.5692,0.1447848484848485,17.43979520811344,18.41649316078114,0.1360257575757575
1566.8244,3149.697430640522,1560.8213361409,2.5672,0.14534090909090902,17.129324300733494,18.475682312191243,0.13583636363636367
1566.9768,3141.345068716924,1563.532351987656,2.5631,0.14483333333333331,16.93834277331638,18.489412163246353,0.1356363636363636
1567.1292,3145.705616446839,1563.527539731964,2.5624,0.14889545454545458,17.00401636622086,18.489412163246353,0.1356363636363636
1567.2816,3150.0750313147223,1563.5219254710958,2.5652,0.1465969696969697,17.093222908874655,18.489412163246353,0.1356363636363636
1567.434,3159.1122977359696,1563.8179321894067,2.5657,0.14354545454545448,17.23967844370389,18.489412163246353,0.1356363636363636
1567.5864,3169.7501013945653,1589.3517603582925,2.5544,0.135569696969697,17.061511146964847,18.489412163246353,0.1356363636363636
1567.7388,3239.520448941417,1655.6444275451868,2.5364,0.13117424242424242,17.347998924173094,18.535199882390078,0.13558787878787879
1567.8912,3360.3995435677784,1774.2448108578194,2.518,0.13010000000000005,17.865274361597514,18.54063966665355,0.135569696969697
1568.0436,3486.129824023644,1894.1536029312151,2.5071,0.13175303030303032,18.475682312191243,18.573586005585593,0.13553484848484848
1568.196,3548.9523720811094,1930.5814102998547,2.5053,0.1341484848484848,19.10425742079935,18.67670483140415,0.13544999999999996
1568.3484,3546.5407846372423,1925.9981953245258,2.5065,0.13553484848484848,19.129589967998974,18.67670483140415,0.13457575757575754
1568.5008,3522.367844756953,1911.306115615208,2.506,0.13583636363636367,18.88593558201267,18.68580253089379,0.13457575757575754
1568.6532,3491.900920748284,1879.8627108138362,2.5024,0.13617727272727265,18.721773060478917,18.712370232240392,0.13457575757575754
1568.8056,3481.9522236857288,1883.4381644634518,2.4888,0.14164848484848486,18.402698720293255,18.712370232240392,0.13457575757575754
1568.958,3486.5325815783426,1911.4511476232285,2.4738,0.1432939393939393,18.020104495235366,18.712370232240392,0.13457575757575754
1569.1104,3505.942733968191,1965.1634799383116,2.4623,0.14307878787878786,17.586923045950947,18.712370232240392,0.13457575757575754
1569.2628,3530.4664895255883,2015.1613120762906,2.4681,0.13987121212121206,17.399348483116093,18.712370232240392,0.13457575757575754
1569.4152,3568.063026415139,2024.9047338127202,2.4815,0.13771060606060603,18.025834833016074,18.712370232240392,0.13457575757575754
1569.5676,3581.235173651133,2001.3053133080239,2.5,0.13430454545454543,18.712370232240392,18.712370232240392,0.13457575757575754
1569.72,3571.8638379255067,1973.3558119795907,2.5112,0.136210606060606,18.999823900553814,18.712370232240392,0.13457575757575754
1569.8724,3532.50413748024,1935.6645559370857,2.5225,0.1356363636363636,18.875503714720068,18.68580253089379,0.13457575757575754
1570.0248,3507.621135488771,1888.9369523911041,2.5249,0.13715909090909084,19.052800169144767,18.67670483140415,0.13457575757575754
1570.1772,3485.894592860549,1861.3888232395127,2.5249,0.13655909090909085,19.016966016172354,18.651783973034927,0.13457575757575754
1570.3296,3479.050931342391,1848.3537341536112,2.524,0.13828181818181814,19.05261595565964,18.573586005585593,0.13544999999999996
1570.482,3464.4512970664696,1849.271060788719,2.5232,0.13712424242424237,18.7793824086032,18.651783973034927,0.13553484848484848
1570.6344,3470.5814704197833,1857.150516931266,2.5224,0.13911666666666658,18.78244206902803,18.67670483140415,0.135569696969697
1570.7868,3471.597367599792,1887.189647699833,2.5173,0.14051212121212114,18.38470263420965,18.67670483140415,0.13558787878787879
1570.9392,3462.7470672304617,1942.5309112879017,2.5187,0.13558787878787879,17.528595770498082,18.67670483140415,0.1356363636363636
1571.0916,3486.404965153108,1957.2148216642106,2.5238,0.1289424242424242,17.786311666667533,18.67670483140415,0.13583636363636367
1571.244,3501.150394396321,1951.0596404622117,2.5289,0.12709696969696962,18.163931618649503,18.67670483140415,0.13617727272727265
1571.3964,3520.9233875718796,1923.4519146487144,2.5334,0.12498333333333334,18.909327520795603,18.67670483140415,0.136210606060606
1571.5488,3512.6700441158164,1906.7840348125715,2.5344,0.12328030303030293,18.98540252490512,18.67670483140415,0.136210606060606
1571.7012,3495.7455812881276,1894.4526349548885,2.5335,0.12415303030303025,18.83649511249973,18.67670483140415,0.136210606060606
1571.8536,3500.575389852466,1909.1607772689608,2.5271,0.12939242424242425,18.68580253089379,18.67670483140415,0.136210606060606
1572.006,3494.735538639874,1897.5721908554203,2.5273,0.13073181818181817,18.73269179893983,18.67670483140415,0.136210606060606
1572.1584,3478.987395519092,1877.2877134352334,2.5311,0.12958030303030302,18.741296463181765,18.67670483140415,0.136210606060606
1572.3108,3476.5073419546457,1873.2887341472635,2.5396,0.1287045454545454,18.811212675029342,18.67670483140415,0.13623484848484843
1572.4632,3486.177671535268,1856.7715202438658,2.5408,0.12479090909090909,19.199895971230706,18.651783973034927,0.13655909090909085
1572.6156,3590.7319532733623,1919.2891074046279,2.5468,0.1119727272727272,20.328035649950902,18.573586005585593,0.13712424242424237
1572.768,3636.771482366193,1942.807024700675,2.5513,0.10785909090909092,20.90392679204992,18.54063966665355,0.13715909090909084
1572.9204,3620.1803676478453,1955.6588992104219,2.5584,0.1119575757575758,20.4831565384007,18.475682312191243,0.13726818181818182
1573.0728,3564.053573057252,1891.708383967151,2.5602,0.12341212121212117,20.30510934872798,18.43780395176189,0.13771060606060603
1573.2252,3458.4997055509602,1833.9957098459936,2.5561,0.13030454545454548,19.110681296367137,18.402698720293255,0.13771060606060603
1573.3776,3424.730645159478,1794.8648492678626,2.5523,0.12825606060606065,18.972250372242016,18.38470263420965,0.13771060606060603
1573.53,3407.0293453875997,1769.4183211424593,2.5491,0.12792575757575753,18.94846473055555,18.38470263420965,0.13771060606060603
1573.6824,3389.4799350127273,1766.732223561183,2.5491,0.12897575757575752,18.67670483140415,18.34603659812141,0.13771060606060603
1573.8348,3369.61268247923,1743.9954317390007,2.5447,0.13245909090909083,18.573586005585593,18.30195538904039,0.13770151515151516
1573.9872,3374.589386207805,1786.5641932209035,2.5555,0.13093636363636366,18.226093569813745,18.30195538904039,0.13770151515151516
1574.1396,3517.632015067653,1861.8663744367213,2.5773,0.11563030303030296,19.978387162462866,18.34603659812141,0.13770151515151516
1574.292,3713.635793210918,1951.8417624977428,2.6119,0.08989545454545456,22.753590662283692,18.35733798143578,0.13726818181818182
1574.4444,3786.7822910778295,2049.5551228119252,2.6043,0.08999848484848487,22.75850506667354,18.38470263420965,0.13719545454545448
1574.5968,3679.839477868446,2034.0218176867809,2.5684,0.11147727272727269,20.611133237207152,18.402698720293255,0.13715909090909084
1574.7492,3513.228781734899,2000.9597779512353,2.5103,0.1431833333333333,17.58295226664772,18.402698720293255,0.13715909090909084
1574.9016,3405.2441653911897,1986.4623373779477,2.4642,0.1501030303030303,15.609009171545654,18.402698720293255,0.13715909090909084
1575.054,3439.435246537996,1991.3746299656148,2.4371,0.15021515151515147,15.944200968340764,18.402698720293255,0.13715909090909084
1575.2064,3483.281278391657,2000.4738655285144,2.4561,0.14370757575757567,16.695063558714985,18.402698720293255,0.13715909090909084
1575.3588,3543.1601780414744,1972.805318807411,2.5175,0.1249515151515151,18.54063966665355,18.43780395176189,0.13719545454545448
1575.5112,3601.9342670631004,2005.7514000118454,2.5684,0.1101272727272727,19.545212948038305,18.46685574815613,0.13719545454545448
1575.6636,3657.6409655788143,2058.624881804674,2.5676,0.10991969696969692,19.84178517868013,18.4736181325948,0.13719545454545448
1575.816,3653.4015109835777,2105.029071915611,2.5408,0.1255409090909091,18.901382348996,18.4736181325948,0.13719545454545448
1575.9684,3566.5933767612105,2020.5086935568445,2.5336,0.13412272727272728,18.43780395176189,18.4736181325948,0.13719545454545448
1576.1208,3498.8836403083333,1836.6159026352545,2.5433,0.13978333333333334,19.69694993998655,18.4736181325948,0.13719545454545448
1576.2732,3438.7794589337755,1777.6129247856281,2.5288,0.1446772727272727,19.2492101406827,18.4736181325948,0.13719545454545448
1576.4256,3407.7454655631004,1796.2960234555715,2.4866,0.15221515151515144,18.178264316854968,18.4736181325948,0.13719545454545448
1576.578,3414.070270706202,1894.5727452533124,2.4435,0.15732575757575762,16.78684816981658,18.52935906939556,0.13715909090909084
1576.7304,3464.9002647556667,2000.6839608553842,2.4336,0.1558757575757575,16.228588381811793,18.52935906939556,0.13712424242424237
1576.8828,3510.3317539911595,2000.3320761254988,2.4522,0.14908939393939394,17.134317065440065,18.537521067025857,0.13682878787878788
1577.0352,3531.530028432988,1969.9072114244277,2.4889,0.14066818181818175,18.16314210681674,18.54063966665355,0.1366545454545455
1577.1876,3521.810265938271,1919.4583197938473,2.5153,0.13726818181818182,18.841409426329815,18.573586005585593,0.13655909090909085
1577.34,3513.3705188100184,1903.4962379720023,2.523,0.13623484848484843,18.954563541661564,18.573586005585593,0.13655909090909085
1577.4924,3527.161341015633,1939.2619097912368,2.5115,0.138969696969697,18.651783973034927,18.573586005585593,0.13655909090909085
1577.6448,3541.6862749199113,2003.889438950404,2.4918,0.14473939393939392,17.914657784933343,18.54063966665355,0.13655909090909085
1577.7972,3568.5183624153533,2037.6851415449103,2.4816,0.14578030303030307,17.862827264947594,18.537521067025857,0.13623484848484843
1577.9496,3584.006020377567,2025.7997023775895,2.4822,0.14149848484848476,18.30195538904039,18.52935906939556,0.13623484848484843
1578.102,3582.1695395713386,1985.2293206907402,2.4889,0.13806818181818176,18.858622625985674,18.4736181325948,0.13623484848484843
1578.2544,3541.5669342207393,1915.2838773690487,2.4982,0.13924999999999993,19.115260200379794,18.46685574815613,0.13623484848484843
1578.4068,3465.8734273940454,1880.6201110355628,2.5075,0.1422818181818182,18.296314632942384,18.43780395176189,0.136
1578.5592,3435.7559846743643,1895.1841306930914,2.5175,0.14590151515151512,17.661408803138077,18.43780395176189,0.13599090909090905
1578.7116,3429.7596917717274,1922.3649630064579,2.518,0.14390000000000003,17.212885526828064,18.43780395176189,0.136
1578.864,3459.8462593250124,1929.569448990173,2.5084,0.14280909090909089,17.574398385558055,18.43780395176189,0.13623484848484843
1579.0164,3474.866500371656,1911.0149194589974,2.4957,0.14255757575757577,17.982499723251458,18.43780395176189,0.1366545454545455
1579.1688,3475.4251637657285,1892.5388147416852,2.4951,0.14628939393939394,18.22165503966942,18.43780395176189,0.1366545454545455
1579.3212,3473.9357937339228,1885.8060304958594,2.4977,0.14815151515151512,18.299509080627786,18.43780395176189,0.1366545454545455
1579.4736,3447.757091486597,1935.2135210981448,2.4896,0.14650606060606064,17.16237410842805,18.43780395176189,0.1366545454545455
1579.626,3448.5918815530886,1981.253493844334,2.4581,0.14900151515151513,16.36840290632554,18.43780395176189,0.1366545454545455
1579.7784,3425.4619260131694,1974.3132006933417,2.4313,0.15532272727272733,15.892368931558899,18.43780395176189,0.1366545454545455
1579.9308,3401.1745657309343,1918.9568127688697,2.4329,0.15828787878787876,16.19855984040902,18.43780395176189,0.1366545454545455
1580.0832,3374.903253880641,1820.5025136433167,2.4628,0.1574772727272727,17.16817741298049,18.43780395176189,0.1366545454545455
1580.2356,3333.5447786495643,1745.6944691038425,2.4998,0.15771515151515147,17.62172819557821,18.433631219073142,0.1366545454545455
1580.388,3306.5705070834165,1714.5161807464558,2.5242,0.1569212121212121,17.704707347438124,18.375482008829035,0.1366545454545455
1580.5404,3282.463053444486,1706.3327449620356,2.5413,0.15008939393939388,17.515830068228617,18.375482008829035,0.1366545454545455
1580.6928,3294.66141625042,1693.6052510653099,2.5514,0.14162878787878783,17.93735112755396,18.375482008829035,0.1366545454545455
1580.8452,3298.0695256428153,1687.316176368827,2.5607,0.13586060606060596,18.132866628913806,18.375482008829035,0.1366545454545455
1580.9976,3327.881488986765,1712.221033804007,2.5602,0.13596212121212117,18.34603659812141,18.375482008829035,0.1366545454545455
1581.15,3387.1032266381003,1778.4333449250469,2.5462,0.1366545454545455,18.4736181325948,18.369312161910987,0.13682878787878788
1581.3024,3461.767795792044,1913.6653157579165,2.5246,0.136,17.927225879742462,18.35733798143578,0.13690606060606064
1581.4548,3528.72122060412,1979.7529985333722,2.501,0.13770151515151516,18.07216982538745,18.349192893524513,0.13711060606060607
1581.6072,3548.811881533953,2003.927645588828,2.4918,0.1395393939393939,18.040044995484934,18.34815073600665,0.13719545454545448
1581.7596,3558.2577145198634,1993.1860241562638,2.4928,0.14333636363636365,18.35733798143578,18.34815073600665,0.13723636363636355
1581.912,3570.3157761571315,1997.4808673051443,2.503,0.13719545454545448,18.590402547820975,18.34603659812141,0.13723636363636355
1582.0644,3579.21238539005,2011.0634883770033,2.5052,0.13682878787878788,18.584223684415782,18.34603659812141,0.13723636363636355
1582.2168,3602.257793073454,2044.6495653107224,2.4948,0.13413030303030296,18.46685574815613,18.34603659812141,0.13723636363636355
1582.3692,3609.1208451594803,2052.4948451942128,2.4794,0.13739696969696966,18.369312161910987,18.3244659884025,0.13723636363636355
1582.5216,3604.4729522620196,2052.927543377187,2.4687,0.13903939393939388,18.201420460229993,18.3244659884025,0.13719545454545448
1582.674,3597.39401378529,2059.0532138253807,2.4672,0.13904393939393936,17.9817188611252,18.34603659812141,0.13711060606060607
1582.8264,3598.6129755499755,2055.752160461978,2.4763,0.13723636363636355,18.114611817071587,18.34815073600665,0.13690606060606064
1582.9788,3619.8622124626345,2058.288460213851,2.4867,0.13733484848484848,18.537521067025857,18.349192893524513,0.13682878787878788
1583.1312,3620.279265111815,2049.2216588207298,2.4979,0.13599090909090905,18.75259145045876,18.349192893524513,0.13682878787878788
1583.2836,3607.8648613138166,2033.451884645637,2.5028,0.13590606060606053,18.77964325614468,18.34815073600665,0.13682878787878788
1583.436,3598.884912430676,2030.4568527918784,2.5036,0.13506363636363633,18.664252639395368,18.34603659812141,0.13682878787878788
1583.5884,3605.41948487924,2045.2161870003968,2.4966,0.13478484848484848,18.52935906939556,18.3244659884025,0.13690606060606064
1583.7408,3671.975047917588,2084.1324901075504,2.4865,0.13149545454545453,19.125966798345086,18.3244659884025,0.13690606060606064
1583.8932,3738.0426784400292,2117.5578055765136,2.484,0.12485303030303029,19.85766314496338,18.3244659884025,0.13682878787878788
1584.0456,3737.423899648697,2098.8512094905536,2.4954,0.11979848484848481,20.19968624541468,18.30195538904039,0.1366545454545455
1584.198,3639.520318864011,1994.051863666517,2.5188,0.12095757575757568,20.01048327476993,18.30195538904039,0.13623484848484843
1584.3504,3444.274063870492,1860.1199557672262,2.5427,0.1260651515151515,18.433631219073142,18.30195538904039,0.136
1584.5028,3387.7017977715414,1777.1403083758232,2.5577,0.1297196969696969,18.58310551278899,18.3244659884025,0.13599090909090905
1584.6552,3356.9723809723105,1702.3520160137261,2.5594,0.1289545454545454,18.95302342862568,18.34603659812141,0.13596212121212117
1584.8076,3344.8266023453293,1693.7257131235403,2.5564,0.12891363636363634,18.822575363687193,18.34815073600665,0.13590606060606053
1584.96,3347.861235105972,1676.4127407368298,2.5575,0.13128030303030297,19.08158067805165,18.34815073600665,0.13586060606060596
1585.1124,3331.7665577211064,1682.5333387798544,2.5574,0.13171060606060608,18.735794942424512,18.34815073600665,0.13533636363636362
1585.2648,3312.3702030130835,1685.775440110173,2.5545,0.13328939393939393,18.34815073600665,18.34815073600665,0.1352742424242424
1585.4172,3286.4659708444756,1681.07178253726,2.552,0.13389696969696965,17.947847134246793,18.349192893524513,0.13506363636363633
1585.5696,3251.5537690500723,1649.6925499170015,2.5532,0.13758333333333334,17.729304801370407,18.35733798143578,0.13487575757575757
1585.722,3227.6237149864246,1590.4730248365304,2.5578,0.13828939393939396,18.01905879243382,18.369312161910987,0.13478484848484848
1585.8744,3222.4062959560283,1556.9330258288448,2.5622,0.13690606060606064,18.3244659884025,18.369312161910987,0.13444696969696973
1586.0268,3211.7883591639234,1538.4669741918126,2.5665,0.13415303030303027,18.375482008829035,18.35733798143578,0.13434393939393938
1586.1792,3188.998374113034,1549.3937895132271,2.5685,0.13444696969696973,17.899574641624916,18.35733798143578,0.13419848484848487
1586.3316,3157.152223834635,1558.0440413249712,2.5687,0.13778636363636354,17.28977033399853,18.35733798143578,0.13419848484848487
1586.484,3154.9039193056724,1567.9391425615745,2.5668,0.14161212121212113,17.13469359305323,18.35733798143578,0.13419848484848487
1586.6364,3219.3669000918912,1639.0180948027855,2.562,0.13921666666666668,17.376720977886738,18.35733798143578,0.13419848484848487
1586.7888,3457.530678778611,1766.0954862006408,2.5636,0.12013181818181813,19.98512669305769,18.35733798143578,0.13419848484848487
1586.9412,3888.1915317025387,1954.9476916801198,2.5717,0.09117727272727273,25.774278833565216,18.35733798143578,0.13419848484848487
1587.0936,4228.230094510931,2283.3530230080783,2.5822,0.07094545454545458,28.213965096066527,18.35733798143578,0.13419848484848487
1587.246,4389.881381026726,2441.077373663434,2.5887,0.06412575757575761,29.31939239964445,18.35733798143578,0.13419848484848487
1587.3984,4265.036773348558,2454.4600228213244,2.5918,0.07168636363636358,26.327608088876264,18.35733798143578,0.13419848484848487
1587.5508,3986.455468231952,2337.2010637025314,2.5839,0.08988030303030303,22.243456942891747,18.35733798143578,0.13419848484848487
1587.7032,3729.4942057021617,2106.3019060373745,2.5669,0.11113181818181816,20.51924262108916,18.35733798143578,0.13419848484848487
1587.8556,3486.444844282425,1929.8455553719418,2.5522,0.12853636363636362,18.349192893524513,18.35733798143578,0.13419848484848487
1588.008,3434.1224228589977,1857.7425137182217,2.5446,0.13333939393939392,18.299712667356193,18.35733798143578,0.13419848484848487
1588.1604,3452.8892458586292,1833.9394318638554,2.5435,0.12972272727272727,18.918550518831044,18.35733798143578,0.13419848484848487
1588.3128,3467.5215639341354,1846.3215919071995,2.545,0.1275681818181818,19.032785643985903,18.35733798143578,0.13419848484848487
1588.4652,3471.8385822870164,1851.833850161853,2.5528,0.12695454545454543,19.098207320780663,18.35733798143578,0.13419848484848487
1588.6176,3424.4882367480845,1816.1299510097756,2.5584,0.1319575757575758,18.75140652855426,18.35733798143578,0.13419848484848487
1588.77,3354.7887187524766,1780.9334942873404,2.5574,0.13711060606060607,17.967376508200964,18.35733798143578,0.13419848484848487
1588.9224,3298.362181377456,1753.7540578577734,2.5541,0.14181060606060603,17.31251226856846,18.349192893524513,0.13419848484848487
1589.0748,3272.7846694519703,1718.4465198357104,2.5514,0.14397878787878782,17.282439196441125,18.349192893524513,0.13419848484848487
1589.2272,3274.4758475177155,1732.1134284252998,2.548,0.1432590909090909,17.12740842969996,18.349192893524513,0.13419848484848487
1589.3796,3315.825888680502,1777.9354016804057,2.5464,0.1401939393939393,17.264495917484687,18.349192893524513,0.13419848484848487
1589.532,3423.995830094317,1859.7431504341844,2.557,0.13318181818181818,18.18594994180071,18.34815073600665,0.13419848484848487
1589.6844,3515.1938719376126,1961.2877321066278,2.5584,0.1256575757575758,18.491403623232614,18.3244659884025,0.13419848484848487
1589.8368,3557.2652006563667,2001.7561338260666,2.5581,0.12164848484848481,18.70337475018167,18.310724604636714,0.13419848484848487
1589.9892,3540.74000072023,2021.281816288826,2.5314,0.12663939393939389,17.94610592354734,18.299712667356193,0.13434393939393938
1590.1416,3528.173880632432,2010.5514372672333,2.5242,0.1285712121212121,17.81644682366245,18.204886681877344,0.13434393939393938
1590.294,3554.278544424984,1954.448775551949,2.5215,0.1287393939393939,19.011444197129293,18.204886681877344,0.13434393939393938
1590.4464,3540.6988698340124,1924.6203010818413,2.5338,0.12766212121212123,19.250961251973404,18.204886681877344,0.13434393939393938
1590.5988,3489.454360615875,1873.3992669895124,2.5339,0.12928181818181816,18.99612120676772,18.204886681877344,0.13434393939393938
1590.7512,3456.4250041957916,1869.532629109997,2.5297,0.1325045454545454,18.433091142712488,18.187932805899944,0.13434393939393938
1590.9036,3450.3329775083125,1876.002858319316,2.5218,0.13419848484848487,18.187932805899944,18.18594994180071,0.13434393939393938
1591.056,3455.668691165484,1895.215947670153,2.5166,0.1352742424242424,18.000035486179534,18.101218872054815,0.13434393939393938
1591.2084,3467.868739802896,1900.3382327727295,2.5102,0.13726363636363628,18.101218872054815,18.01905879243382,0.13434393939393938
1591.3608,3512.378599381416,1917.7723639438661,2.5128,0.13487575757575757,18.677648193302524,18.000035486179534,0.13434393939393938
1591.5132,3525.827146555494,1935.158231565047,2.5101,0.13434393939393938,18.670978637469812,17.967376508200964,0.13444696969696973
1591.6656,3474.3951440540304,1929.510817098454,2.5107,0.1318121212121212,17.844563305096855,17.947847134246793,0.13487575757575757
1591.818,3457.624811407439,1921.2005234136861,2.5119,0.13289848484848488,17.66825430401281,17.94610592354734,0.1352742424242424
1591.9704,3461.7402740771536,1890.7625579387216,2.5225,0.13533636363636362,18.204886681877344,17.899574641624916,0.13533636363636362
1592.1228,3582.9906687073726,1916.127912853899,2.5333,0.12806363636363632,20.120550895392782,17.844563305096855,0.13690606060606064
1592.2752,3743.1519844968666,1985.477612241694,2.5449,0.11209848484848478,22.28066307353322,17.81644682366245,0.13711060606060607
1592.4276,3895.9644557153592,2110.809171216541,2.5618,0.09642727272727275,23.665528990097506,17.729304801370407,0.13726363636363628
1592.58,4000.5512570629817,2183.1496374309886,2.5803,0.08607121212121215,24.898743948386116,17.66825430401281,0.13758333333333334
1592.7324,3941.1822512322665,2188.219939077315,2.5962,0.08180303030303027,23.75135872412502,17.594102198312495,0.13778636363636354
1592.8848,4006.066930758656,2238.1713963457887,2.6024,0.07942424242424245,24.382815492580196,17.376720977886738,0.13828939393939396
1593.0372,4028.287885135644,2275.528586327866,2.5933,0.08253181818181811,24.17749881785776,17.31251226856846,0.13921666666666668
1593.1896,3960.9982027360516,2331.093250613174,2.5705,0.09159090909090907,21.705762388560675,17.28977033399853,0.1401939393939393
1593.342,3867.863233980346,2256.829909215907,2.5376,0.11061060606060608,20.730477456861014,17.282439196441125,0.14161212121212113
1593.4944,3798.173437459112,2244.9747698127494,2.5166,0.12407424242424242,19.393521499145102,17.264495917484687,0.14181060606060603
1593.6468,3770.177500154617,2270.1019088071466,2.4936,0.12709393939393943,18.310724604636714,17.13469359305323,0.1432590909090909
1593.7992,3750.562953592936,2278.423671685727,2.4624,0.13209848484848477,17.594102198312495,17.12740842969996,0.14397878787878782
1593.9516,3660.285185211872,2258.5239271640858,2.4118,0.15028181818181818,15.909311351295313,15.909311351295313,0.15028181818181818
1594.104,3547.432359612809,2190.4010417340387,2.3789,0.16550151515151518,14.718573186443093,15.519791964281813,0.16550151515151518
1594.2564,3488.3441466661025,2132.5288307683054,2.3708,0.1711560606060606,14.473669040480532,15.481397783021526,0.16728030303030306
1594.4088,3469.9967098784477,2112.162187446079,2.3745,0.1686848484848485,14.466811482174144,15.431743250927672,0.16742272727272722
1594.5612,3474.628825739613,2137.047270952774,2.361,0.1726257575757575,14.12763554186925,15.241242215191736,0.16750303030303024
1594.7136,3470.984595797695,2140.0436714948714,2.34,0.17858939393939396,13.902762532755458,15.206381507017348,0.16759242424242418
1594.866,3463.9433949827376,2120.0042010581938,2.3278,0.18303636363636366,13.981573988638786,15.161022889860172,0.16826363636363637
1595.0184,3468.322540341439,2123.3034645095536,2.3324,0.18154242424242428,14.036471304021926,15.125436217214391,0.1686848484848485
1595.1708,3472.352758230604,2120.5233685432045,2.3394,0.18017121212121212,14.180837368445223,15.058194959547086,0.16893636363636366
1595.3232,3473.915996881682,2136.4660692318744,2.3467,0.17715909090909096,14.038215972732777,14.986143586782589,0.16904090909090908
1595.4756,3467.742485989092,2150.4678396405725,2.3463,0.17658030303030306,13.747492680341713,14.931345804888714,0.1700045454545454
1595.628,3464.494613438329,2157.303370786517,2.3409,0.17741666666666667,13.571240908491214,14.92551919855503,0.1700045454545454
1595.7804,3465.148428405122,2152.6867974899446,2.3332,0.18189999999999995,13.599071054928636,14.921056608757588,0.1700045454545454
1595.9328,3472.1075168621624,2146.0330424313256,2.329,0.1840727272727272,13.775849106303255,14.866019945975811,0.17042272727272723
1596.0852,3468.9699048650937,2143.009310981728,2.3298,0.183030303030303,13.770128336999928,14.810317273513665,0.1706060606060606
1596.2376,3469.360808971166,2147.2152773521625,2.3269,0.18320909090909082,13.703315360792141,14.810317273513665,0.1706060606060606
1596.39,3464.7584729145233,2142.5363046731613,2.3208,0.18430757575757567,13.655437554451511,14.810317273513665,0.1706060606060606
1596.5424,3457.9386238584157,2130.8948290145663,2.3167,0.18514999999999998,13.675609441230822,14.810317273513665,0.1706060606060606
1596.6948,3453.5582527352003,2117.6872742835785,2.3247,0.18322575757575754,13.826382812928383,14.810317273513665,0.1706060606060606
1596.8472,3448.205643382228,2101.5718350762545,2.3379,0.1840257575757576,14.030478052032853,14.780543009350147,0.1706060606060606
1596.9996,3447.7336919820964,2113.38651468034,2.3513,0.18161515151515145,13.947122026213789,14.776292920481877,0.17061515151515144
1597.152,3453.5308613998814,2111.187840998741,2.3552,0.1821833333333333,14.093650129442535,14.766784066868558,0.17064696969696966
1597.3044,3456.7699614855946,2118.568965049868,2.3443,0.1798363636363636,13.983310226001755,14.725243730579365,0.17085303030303023
1597.4568,3455.645184148021,2118.3201332150934,2.3333,0.18201969696969697,13.902835961139248,14.718573186443093,0.1711560606060606
1597.6092,3431.8179515154384,2097.8977660279597,2.3249,0.1861651515151515,13.73816207380609,14.696547119187578,0.17120606060606058
1597.7616,3417.7453645146534,2080.019326163818,2.3334,0.19178939393939387,13.795860799286459,14.659714883958511,0.17120606060606058
1597.914,3417.925494158241,2072.390898613987,2.3524,0.18873181818181822,14.01044580062764,14.659714883958511,0.17129848484848487
1598.0664,3431.423872037611,2085.805437054252,2.3666,0.18072878787878785,14.137809717831258,14.659714883958511,0.17144242424242417
1598.2188,3444.4803558392305,2106.3601295328554,2.3638,0.17662727272727274,14.061712599053497,14.659714883958511,0.1717136363636363
1598.3712,3462.4874473470168,2109.8784258701,2.3492,0.17925151515151508,14.220576867662242,14.659714883958511,0.17208030303030297
1598.5236,3472.756295225302,2109.057947197437,2.342,0.18053333333333327,14.354591989209718,14.659714883958511,0.17208030303030297
1598.676,3491.824913849989,2120.8833952504183,2.3501,0.17787878787878791,14.559604440470569,14.659714883958511,0.17208030303030297
1598.8284,3512.674092299891,2125.253280267079,2.3629,0.17360000000000003,14.92551919855503,14.659714883958511,0.17208030303030297
1598.9808,3508.077325021983,2142.890286548302,2.3706,0.1728666666666666,14.659714883958511,14.659714883958511,0.17208030303030297
1599.1332,3500.98953493581,2142.8571428571427,2.3784,0.17300303030303027,14.590244245058347,14.659714883958511,0.17208030303030297
1599.2856,3499.4982674728067,2151.377043649379,2.3751,0.17085303030303023,14.42934340451362,14.659714883958511,0.17208030303030297
1599.438,3505.4548465673456,2160.4885766292978,2.3667,0.17129848484848487,14.353086835904447,14.659714883958511,0.17208030303030297
1599.5904,3521.122692873308,2158.7579492649393,2.3548,0.1700045454545454,14.563630712349216,14.659714883958511,0.17208030303030297
1599.7428,3530.26203624773,2166.864182118963,2.3513,0.17061515151515144,14.583584456719983,14.659714883958511,0.17208030303030297
1599.8952,3530.1884388645026,2174.2014731498957,2.351,0.17120606060606058,14.480657756679204,14.659714883958511,0.17208030303030297
1600.0476,3531.1822625285727,2182.5399666890553,2.3467,0.17305909090909094,14.35697111904267,14.659714883958511,0.17208030303030297
1600.2,3528.5169694114165,2176.819443968325,2.3392,0.17438181818181817,14.344851166248942,14.659714883958511,0.17208030303030297
1600.3524,3536.221324760394,2174.8747734505446,2.3374,0.17522727272727268,14.487409841165308,14.659714883958511,0.17208030303030297
1600.5048,3554.394598439705,2174.3938021216036,2.3398,0.17495,14.810317273513665,14.659714883958511,0.17208030303030297
1600.6572,3577.1331062025943,2178.502865360232,2.351,0.1706060606060606,15.206381507017348,14.659714883958511,0.17208030303030297
1600.8096,3584.718373798625,2176.042401414142,2.3608,0.16893636363636366,15.431743250927672,14.659714883958511,0.17208030303030297
1600.962,3596.5365636084307,2186.752070527059,2.3661,0.16728030303030306,15.519791964281813,14.659714883958511,0.17208030303030297
1601.1144,3602.270565029375,2194.6514730733975,2.362,0.16742272727272722,15.481397783021526,14.659714883958511,0.17208030303030297
1601.2668,3593.0642543153904,2197.661163621209,2.3555,0.16759242424242418,15.241242215191736,14.659714883958511,0.17208030303030297
1601.4192,3577.267451208678,2195.242632649049,2.3521,0.17042272727272723,14.986143586782589,14.659714883958511,0.17208030303030297
1601.5716,3578.434998221349,2191.7130524134373,2.3527,0.16904090909090908,15.058194959547086,14.659714883958511,0.17208030303030297
1601.724,3586.1523691195575,2193.272812052063,2.3518,0.16826363636363637,15.161022889860172,14.659714883958511,0.17208030303030297
1601.8764,3589.9453263575956,2197.509057154702,2.3454,0.16750303030303024,15.125436217214391,14.659714883958511,0.17208030303030297
1602.0288,3576.5286785266294,2190.752122291118,2.3342,0.17064696969696966,14.921056608757588,14.696547119187578,0.17208030303030297
1602.1812,3552.4434120706155,2179.113398258711,2.3276,0.1745469696969697,14.637051910164768,14.725243730579365,0.17208030303030297
1602.3336,3555.414541738794,2177.6748319946732,2.3307,0.17405757575757566,14.725243730579365,14.7576332145036,0.1717136363636363
1602.486,3569.3416040255806,2181.515236967808,2.3349,0.17468484848484842,14.931345804888714,14.760680783470821,0.17144242424242417
1602.6384,3570.3157761571315,2187.932489936085,2.3358,0.17531212121212125,14.866019945975811,14.766784066868558,0.17129848484848487
1602.7908,3560.57712189019,2189.111039928294,2.3372,0.1750878787878787,14.696547119187578,14.768414993765314,0.17120606060606058
1602.9432,3538.429926201447,2174.7630450107454,2.3428,0.17224090909090906,14.5590040294051,14.776292920481877,0.17085303030303023
1603.0956,3532.135713739405,2156.3876262402946,2.3551,0.1717136363636363,14.780543009350147,14.780543009350147,0.17068787878787875
1603.248,3532.8644483492435,2162.2480569562244,2.3652,0.16860303030303023,14.776292920481877,14.810317273513665,0.17064696969696966
1603.4004,3531.5954979109365,2172.750796604008,2.3587,0.1698227272727273,14.571353715989229,14.866019945975811,0.17061515151515144
1603.5528,3536.746541286991,2176.834990479918,2.3456,0.17144242424242417,14.520269471780855,14.921056608757588,0.1706060606060606
1603.7052,3538.885947557612,2160.303292974124,2.3435,0.17222878787878781,14.766784066868558,14.92551919855503,0.17042272727272723
1603.8576,3543.4608731236394,2136.037860009629,2.3647,0.16515454545454544,15.305689369265922,14.931345804888714,0.1700045454545454
1604.01,3549.1465979194177,2131.6712638404774,2.3962,0.15900909090909093,15.665744738519884,14.986143586782589,0.1698227272727273
1604.1624,3541.550474065812,2141.688729995447,2.4156,0.154680303030303,15.524591620492242,15.021949942291034,0.16904090909090908
1604.3148,3515.944021741638,2146.519687346168,2.4157,0.15569999999999992,15.021949942291034,15.058194959547086,0.16893636363636366
1604.4672,3506.241178317902,2154.049903569518,2.3917,0.1626727272727272,14.606476756485744,15.09682516914396,0.16860303030303023
1604.6196,3503.3999531040954,2152.1791166603944,2.3598,0.17213939393939393,14.390008400605758,15.125436217214391,0.16826363636363637
1604.772,3503.637552833314,2141.9897454349198,2.3327,0.17865151515151512,14.364726187277281,15.161022889860172,0.16759242424242418
1604.9244,3499.4098764184787,2129.5281292640343,2.3241,0.1824575757575757,14.407907968598446,15.189491903694181,0.16750303030303024
1605.0768,3498.678812561267,2124.4222832939417,2.3337,0.17989848484848486,14.523066398196457,15.206381507017348,0.16742272727272722
1605.2292,3490.4973271585427,2128.704193226,2.3493,0.17467121212121212,14.428765195534737,15.241242215191736,0.16728030303030306
1605.3816,3505.047705677188,2135.3240606465656,2.3603,0.17068787878787875,14.647740830921972,15.305689369265922,0.16515454545454544
1605.534,3506.366217403909,2123.4010922139873,2.3506,0.1722772727272727,14.768414993765314,15.431743250927672,0.1626727272727272
1605.6864,3499.1286618588088,2110.2012445202618,2.3405,0.17678787878787877,14.760680783470821,15.481397783021526,0.1594969696969697
1605.8388,3499.3335422830396,2107.324196064116,2.3335,0.1793590909090909,14.7576332145036,15.519791964281813,0.15900909090909093
1605.9912,3513.398867597425,2106.89884950051,2.3496,0.17208030303030297,15.09682516914396,15.524591620492242,0.15569999999999992
1606.1436,3511.2861122183076,2077.450461189913,2.4002,0.1594969696969697,15.780665994543718,15.650514507554226,0.154680303030303
1606.296,3523.3572693518786,2026.3869082641086,2.4755,0.1423787878787879,17.17762960829077,15.665744738519884,0.1474121212121212
1606.4484,3533.2821733858536,1960.5774698258892,2.533,0.13365454545454544,18.640171960871008,15.780665994543718,0.14421818181818175
1606.6008,3555.0579096539423,1980.16328551187,2.5538,0.12305151515151516,18.924614546069314,17.17762960829077,0.14412424242424238
1606.7532,3688.081253947627,2052.572247445396,2.5439,0.11200151515151519,20.311870189420834,17.63502623201302,0.14249090909090903
1606.9056,3880.538488372389,2208.876523947251,2.5383,0.09574848484848482,21.71024479392221,18.26746540640114,0.1423787878787879
1607.058,4128.492558419253,2383.5833045942627,2.5398,0.08399393939393934,24.049768279977293,18.362429994865316,0.1399242424242424
1607.2104,4372.707305491277,2480.388008202858,2.5364,0.0788742424242424,27.691069938709823,18.39874678858585,0.13912727272727274
1607.3628,4570.83900689225,2619.1237278173626,2.5165,0.08460454545454538,29.55920432060836,18.407013906575102,0.13900454545454538
1607.5152,4653.520369838837,2633.4661010359337,2.4925,0.09582727272727265,30.927920945220386,18.51544005034419,0.13833636363636362
1607.6676,4599.678565769518,2627.126459766093,2.4627,0.10805757575757577,29.440720645369108,18.592034872474702,0.13776969696969693
1607.82,4372.117708654584,2584.093244393501,2.4276,0.12199393939393938,24.790722565057436,18.61820241643319,0.13774999999999996
1607.9724,4001.0764050696052,2497.136649412829,2.3912,0.1399242424242424,18.39874678858585,18.640171960871008,0.13716969696969697
1608.1248,3666.2597054242124,2280.5000041150756,2.4051,0.1474121212121212,15.650514507554226,18.714108686490217,0.13700303030303032
1608.2772,3450.8290820658785,2071.833062458834,2.4559,0.14421818181818175,15.189491903694181,18.749285751973463,0.13671363636363634
1608.4296,3437.33295441474,1895.2607289292148,2.51,0.13452424242424246,17.63502623201302,18.76917661951537,0.13558636363636356
1608.582,3449.1967716966706,1791.0468810046787,2.5267,0.13671363636363634,19.253015524754293,18.837820756687414,0.13548636363636363
1608.7344,3450.008828762751,1808.3236282281218,2.5276,0.14249090909090903,19.064461232469437,18.845205566108657,0.13466515151515143
1608.8868,3476.3764933991047,1848.1923429779301,2.5232,0.14412424242424238,19.001647968550504,18.86021801675815,0.13452424242424246
1609.0392,3503.4563297846667,1875.2837843325206,2.5165,0.13900454545454538,19.08837530339247,18.86021801675815,0.13452424242424246
1609.1916,3530.957274026844,1903.181272396566,2.5158,0.1335666666666666,19.216168457321523,18.86021801675815,0.13452424242424246
1609.344,3573.5473084670093,1947.3860750395322,2.5191,0.13191666666666668,19.431893195781136,18.86021801675815,0.13452424242424246
1609.4964,3582.4137335262444,1947.6349462451478,2.5284,0.13024848484848484,19.660785252299586,18.86021801675815,0.13452424242424246
1609.6488,3537.173394607203,1900.3133521951488,2.5386,0.13035757575757567,19.53877790636969,18.86021801675815,0.13452424242424246
1609.8012,3476.0632898977483,1855.032383947884,2.5443,0.12973030303030306,19.069076805453502,18.86021801675815,0.13452424242424246
1609.9536,3441.2214981506822,1832.3275970899176,2.5408,0.13294090909090908,18.714108686490217,18.86021801675815,0.13452424242424246
1610.106,3444.5737791992046,1839.9408417970815,2.5291,0.13558636363636356,18.592034872474702,18.86021801675815,0.13452424242424246
1610.2584,3476.6976847109713,1886.9244431622824,2.5225,0.13548636363636363,18.51544005034419,18.89676451905248,0.13445151515151516
1610.4108,3532.9094923760786,1922.9907806219567,2.5267,0.13351363636363636,19.078921586489056,18.924614546069314,0.13426212121212122
1610.5632,3541.085537895308,1913.5992365693332,2.5407,0.13417121212121205,19.45364209834456,18.942837052163863,0.13417121212121205
1610.7156,3501.9187021760617,1869.1852425126808,2.5511,0.13716969696969697,19.401021880278694,19.001647968550504,0.134119696969697
1610.868,3419.5782071447647,1752.8020104317025,2.5586,0.1315969696969696,19.437927943531825,19.001647968550504,0.134119696969697
1611.0204,3379.5246046688,1701.4663424502455,2.5569,0.12341212121212114,19.333239782559417,19.001647968550504,0.134119696969697
1611.1728,3404.8067202484353,1694.9765189030477,2.5576,0.11845000000000001,19.8523851604977,19.001647968550504,0.134119696969697
1611.3252,3418.462163074553,1742.5357668615206,2.5612,0.1219590909090909,19.560675884178703,19.001647968550504,0.134119696969697
1611.4776,3437.3290780221823,1786.681485337254,2.5633,0.12757272727272728,19.375788737135693,19.001647968550504,0.134119696969697
1611.63,3438.2945697958007,1765.8161627795153,2.5632,0.13015303030303024,19.645374498416892,19.001647968550504,0.134119696969697
1611.7824,3375.8751192022833,1726.3429282808727,2.5628,0.13392424242424233,19.023287529364325,19.023287529364325,0.134119696969697
1611.9348,3324.4187720591767,1716.330251672127,2.5642,0.13774999999999996,18.26746540640114,19.064461232469437,0.134119696969697
1612.0872,3325.4815020091455,1708.2980240237816,2.5618,0.13912727272727274,18.362429994865316,19.069076805453502,0.13392424242424233
1612.2396,3336.93886220019,1720.023317376468,2.5599,0.13700303030303032,18.407013906575102,19.07701587673834,0.13365454545454544
1612.392,3385.308781699785,1760.8420614792692,2.5592,0.13466515151515143,18.749285751973463,19.078921586489056,0.1335666666666666
1612.5444,3395.6197841642465,1787.2294015654677,2.5605,0.133271212121212,18.61820241643319,19.08837530339247,0.13351363636363636
1612.6968,3419.1984402711582,1798.6184627477082,2.5544,0.134119696969697,18.845205566108657,19.179128012837968,0.13351363636363636
1612.8492,3444.079471455835,1830.5580679684772,2.5478,0.13776969696969693,18.837820756687414,19.179128012837968,0.13351363636363636
1613.0016,3473.456773240708,1849.5392535579967,2.5423,0.13833636363636362,19.07701587673834,19.179128012837968,0.13351363636363636
1613.154,3505.1121969394676,1861.6343903971915,2.5437,0.13426212121212122,19.4972096278956,19.179128012837968,0.13351363636363636
1613.3064,3523.186217961314,1872.0587855939916,2.5529,0.12682424242424234,19.759537046982192,19.179128012837968,0.13351363636363636
1613.4588,3516.7675275901256,1866.0131539234337,2.5618,0.12392727272727275,19.789854760434284,19.179128012837968,0.13351363636363636
1613.6112,3509.1233753898546,1861.5241045385035,2.5701,0.12366212121212117,19.77328077299018,19.186588930242124,0.13351363636363636
1613.7636,3507.7341625457316,1852.2772436072735,2.5709,0.12451969696969696,19.87209112703547,19.216168457321523,0.13351363636363636
1613.916,3505.7411111405045,1845.5468613290725,2.5669,0.12618181818181817,19.89047116705268,19.253015524754293,0.13351363636363636
1614.0684,3493.3256620757556,1838.5557444914207,2.5643,0.128969696969697,19.735556821334903,19.253015524754293,0.13351363636363636
1614.2208,3480.9938648625193,1831.8518652074354,2.5613,0.13132878787878782,19.57621212749009,19.253015524754293,0.13351363636363636
1614.3732,3489.2506353458343,1839.445607508897,2.5637,0.12875151515151517,19.646803357991775,19.253015524754293,0.1335666666666666
1614.5256,3513.500117001399,1847.6780966490833,2.5594,0.1311045454545454,19.944885342358468,19.216168457321523,0.13392424242424233
1614.678,3519.6345492315813,1850.634151850361,2.5578,0.12818939393939396,20.005487417849626,19.186588930242124,0.134119696969697
1614.8304,3499.016188689728,1821.7385769281111,2.5597,0.12961363636363638,20.012090479754885,19.179128012837968,0.13417121212121205
1614.9828,3458.087704728323,1772.6907910807133,2.5655,0.12825606060606054,19.929985119983815,19.08837530339247,0.13426212121212122
1615.1352,3419.2751540524805,1738.564999401085,2.5671,0.13072121212121213,19.667318702313196,19.078921586489056,0.13445151515151516
1615.2876,3396.9670255697556,1723.3639068343139,2.566,0.1289045454545455,19.44875947128845,19.07701587673834,0.13452424242424246
1615.44,3382.498676630685,1723.552961932551,2.5639,0.1306409090909091,19.179128012837968,19.069076805453502,0.13454848484848478
1615.5924,3368.268435965327,1723.4555056713448,2.5651,0.13127727272727266,18.942837052163863,19.064461232469437,0.13466515151515143
1615.7448,3363.3326124090204,1726.964039146785,2.5711,0.1319590909090909,18.86021801675815,19.064461232469437,0.13466515151515143
1615.8972,3358.4149339280343,1730.4868867927744,2.576,0.12957424242424237,18.76917661951537,19.064461232469437,0.13466515151515143
1616.0496,3401.026556572194,1779.1984384148093,2.5723,0.12824545454545458,18.89676451905248,19.064461232469437,0.13466515151515143
1616.202,3467.79377549221,1839.034965195298,2.5527,0.1262348484848484,19.186588930242124,19.064461232469437,0.13539696969696963
1616.3544,3498.5904628974945,1844.0517834908967,2.5379,0.12501969696969695,19.557309295413734,19.023287529364325,0.13539696969696963
1616.5068,3488.5118315259383,1849.920917094653,2.5313,0.12946969696969698,19.255020949453286,19.001647968550504,0.13539696969696963
1616.6592,3442.4535387360734,1889.870406229132,2.5194,0.14042575757575754,17.858362527655846,19.023287529364325,0.13466515151515143
1616.8116,3430.8097521442564,1987.146137386903,2.4763,0.14803636363636358,16.10946034685895,19.023287529364325,0.13454848484848478
1616.964,3484.3444562570735,2085.78402691811,2.4112,0.15561363636363634,15.28699903175161,19.023287529364325,0.13454848484848478
1617.1164,3512.321935187981,2144.1067663873278,2.3632,0.1601590909090909,14.667941920423479,19.023287529364325,0.13454848484848478
1617.2688,3448.720646838786,2102.242944243662,2.3789,0.1591515151515152,14.276033214962288,19.023287529364325,0.13454848484848478
1617.4212,3422.5271455360053,2051.2944758397484,2.4329,0.15353787878787872,14.84866997635007,19.023287529364325,0.13454848484848478
1617.5736,3439.4857020985605,1981.3887272762731,2.4797,0.15170606060606062,16.354927913836313,19.023287529364325,0.13454848484848478
1617.726,3489.598181012602,1978.1379413736506,2.4947,0.14741060606060605,17.36291868933214,19.07701587673834,0.13454848484848478
1617.8784,3678.764668893076,2035.5350458629823,2.501,0.13445151515151516,20.02993941854376,19.078921586489056,0.13445151515151516
1618.0308,3918.7401404729485,2124.0255301178877,2.5162,0.11944545454545452,23.504356842041517,19.078921586489056,0.13426212121212122
1618.1832,4091.0774781352843,2282.4946588277057,2.517,0.1107530303030303,24.64278693652176,19.07701587673834,0.13426212121212122
1618.3356,4046.9381089327403,2303.337799450917,2.4931,0.12004545454545448,23.19552325513774,19.023287529364325,0.13426212121212122
1618.488,3784.6616899855467,2282.9459890032113,2.458,0.1386818181818181,18.126621588004273,18.98580264158036,0.134119696969697
1618.6404,3554.477498804679,2131.723443852377,2.439,0.1531893939393939,16.037198572952768,18.98580264158036,0.134119696969697
1618.7928,3475.4212009815105,2020.1698851525468,2.4544,0.1506227272727272,16.29010815020147,18.9844518095581,0.134119696969697
1618.9452,3510.242814827782,1949.4735845689702,2.4829,0.14398636363636363,18.012301362990172,18.942837052163863,0.13426212121212122
1619.0976,3544.9527455938146,1938.0054439641115,2.503,0.1381454545454545,18.919851194619845,18.929868218392585,0.13445151515151516
1619.25,3576.4363533960304,1979.755570335883,2.5023,0.13925757575757575,18.929868218392585,18.919851194619845,0.13445151515151516
1619.4024,3594.6151532841554,1964.6479393434288,2.5047,0.13708030303030294,19.47354840483973,18.919851194619845,0.13445151515151516
1619.5548,3569.9101549186407,1938.8646954875596,2.519,0.13539696969696963,19.47689986609982,18.919851194619845,0.13445151515151516
1619.7072,3541.213074604809,1908.1747256998833,2.5361,0.13216515151515157,19.49081358542218,18.929868218392585,0.13426212121212122
1619.8596,3524.5224896449813,1891.2623431549084,2.5435,0.1314727272727273,19.465645722974195,18.929868218392585,0.134119696969697
1620.012,3525.076850838825,1887.760031512215,2.5418,0.1297878787878788,19.507424240304875,18.942837052163863,0.13391969696969688
1620.1644,3518.97220150503,1883.1065326744933,2.5405,0.1305818181818181,19.44764200142747,18.9844518095581,0.13369848484848487
1620.3168,3509.8062697484183,1871.9208192233002,2.535,0.13454848484848478,19.38419009907134,18.98580264158036,0.13369848484848487
1620.4692,3503.069783264797,1889.877436983934,2.5283,0.13622878787878778,18.98580264158036,19.023752545077986,0.13358030303030294
1620.6216,3512.273367334475,1908.2117589167267,2.5198,0.13990454545454542,18.850711281735123,19.023752545077986,0.13294393939393936
1620.774,3518.40351286272,1927.0600195740744,2.5173,0.14016212121212115,18.697873868215492,18.98580264158036,0.1326666666666666
1620.9264,3526.867486748212,1943.478443839977,2.5161,0.14192575757575762,18.625806793223607,18.9844518095581,0.13216515151515157
1621.0788,3546.4871393299372,1944.428141642149,2.519,0.13934696969696964,18.9844518095581,18.97403916007436,0.13216515151515157
1621.2312,3545.715651752093,1923.06114993757,2.5245,0.13963030303030294,19.290244493615138,18.97403916007436,0.13216515151515157
1621.3836,3544.973360362592,1897.9207555816804,2.53,0.1385636363636364,19.64300062196703,18.97403916007436,0.13216515151515157
1621.536,3546.1405472318465,1912.380593854407,2.5298,0.14072424242424245,19.476542465279675,18.97403916007436,0.13216515151515157
1621.6884,3538.023303594437,1952.590738134392,2.511,0.14377121212121208,18.66709568231758,18.97403916007436,0.13216515151515157
1621.8408,3517.9283926137355,2055.5733147738265,2.4666,0.15162575757575752,16.62976286658417,18.96464708878299,0.13216515151515157
1621.9932,3459.6577572155657,2170.0251745702667,2.4103,0.16113636363636363,13.715939380184695,18.942837052163863,0.13216515151515157
1622.1456,3410.7885210404697,2179.524766351799,2.3602,0.17431818181818182,12.508369387558883,18.936121501627458,0.13223484848484843
1622.298,3371.375605310138,2139.3211866494566,2.3344,0.17943636363636362,12.288079174567564,18.929868218392585,0.1326666666666666
1622.4504,3403.7991222486517,2073.484903628531,2.3527,0.17509090909090907,13.77128383718605,18.929868218392585,0.13294393939393936
1622.6028,3451.446482196968,2043.940701578622,2.398,0.1648636363636363,15.20865482430976,18.929868218392585,0.13294393939393936
1622.7552,3480.8507528139157,2059.0726876978515,2.4409,0.15376363636363632,15.77622385989194,18.929868218392585,0.13340909090909087
1622.9076,3489.9577838768078,2125.5882328328066,2.4217,0.15968181818181815,14.907109075354127,18.929868218392585,0.1334696969696969
1623.06,3427.680771363122,2132.91831930515,2.4047,0.16328333333333328,13.666410424933918,18.922422554660113,0.13358030303030294
1623.2124,3412.4266966410887,2050.9632058008347,2.4194,0.16102878787878785,14.603633558693152,18.919851194619845,0.13369848484848487
1623.3648,3384.88020211555,1933.510825567255,2.4876,0.1446121212121212,16.101725254674893,18.9188126453952,0.13391969696969688
1623.5172,3334.471079370914,1798.5760093091653,2.5262,0.14381515151515156,17.19212945859488,18.9188126453952,0.13445151515151516
1623.6696,3280.145755558114,1709.9608021780684,2.5319,0.14908787878787882,17.37069473818867,18.9188126453952,0.13454848484848478
1623.822,3233.976273563835,1638.966977611539,2.5234,0.15831363636363632,17.353385294070673,18.9188126453952,0.13512272727272726
1623.9744,3232.5597673575103,1597.0506958802591,2.5381,0.1503590909090909,17.89025830175403,18.906394750808907,0.13539696969696963
1624.1268,3254.449242123336,1581.6511857194748,2.5696,0.13696363636363637,18.644878597933555,18.906394750808907,0.13603636363636362
1624.2792,3296.4715425172367,1623.7830949689362,2.5957,0.12755454545454548,19.081412703585094,18.906394750808907,0.13622878787878778
1624.4316,3353.231225535604,1663.8907858772357,2.6076,0.11939848484848478,19.69463674776563,18.9188126453952,0.13622878787878778
1624.584,3430.280781086639,1712.9321318081047,2.6041,0.11500909090909092,20.454279098850545,18.919851194619845,0.13622878787878778
1624.7364,3475.5955720365077,1722.7638830012718,2.6014,0.11217727272727271,21.129986095819113,18.922422554660113,0.13622878787878778
1624.8888,3468.7409312567925,1731.3410793048508,2.6017,0.11428636363636357,20.905807034398826,18.929868218392585,0.13622878787878778
1625.0412,3430.4313474797364,1694.1757151472536,2.6006,0.11626969696969694,20.651063168039435,18.936121501627458,0.13622878787878778
1625.1936,3375.01162651643,1649.4711464311517,2.5968,0.12412121212121209,20.15903646476585,18.96464708878299,0.13622878787878778
1625.346,3314.1529990475074,1593.6904915029318,2.5921,0.12689545454545456,19.692557629830613,18.97046565677173,0.13603636363636362
1625.4984,3258.575677426666,1536.301163415468,2.5913,0.12753787878787878,19.360518996304,18.97403916007436,0.13539696969696963
1625.6508,3211.964356469031,1506.4751742973983,2.5932,0.1278621212121212,18.906394750808907,18.97403916007436,0.13539696969696963
1625.8032,3187.7109976029424,1487.2304577771467,2.5946,0.13038787878787883,18.713194855627794,18.97403916007436,0.13539696969696963
1625.9556,3185.668671645145,1490.254673180501,2.5971,0.13153030303030294,18.66623958232124,18.97403916007436,0.13539696969696963
1626.108,3194.5600248186292,1489.947255476094,2.5971,0.13358030303030294,18.816742624462577,18.97403916007436,0.13539696969696963
1626.2604,3205.505729525989,1485.5922409973743,2.5944,0.13369848484848487,19.023752545077986,18.9844518095581,0.13539696969696963
1626.4128,3197.361547321581,1481.3554791441381,2.5926,0.13294393939393936,18.9188126453952,18.98580264158036,0.13539696969696963
1626.5652,3177.803749766721,1480.6207726042412,2.593,0.13512272727272726,18.60594922019244,18.993421342764666,0.13539696969696963
1626.7176,3178.4068548475398,1483.0861036583765,2.5951,0.13603636363636362,18.60568436221063,18.993421342764666,0.13539696969696963
1626.87,3190.9781583407753,1485.9435009959918,2.5973,0.13391969696969688,18.800047384737884,18.993421342764666,0.13539696969696963
1627.0224,3211.761284367321,1491.7294175109848,2.6018,0.1296560606060606,19.11907147629072,18.993421342764666,0.13539696969696963
1627.1748,3224.7655220935585,1500.502136541756,2.605,0.12863636363636363,19.2694553732839,18.993421342764666,0.1351257575757575
1627.3272,3214.6371457228347,1504.0354336536811,2.6041,0.12880909090909093,19.056096867785335,18.993421342764666,0.13512272727272726
1627.4796,3212.6312904806828,1512.2850835998936,2.5997,0.12814242424242425,18.904129934683933,18.993421342764666,0.13512272727272726
1627.632,3224.7245812248666,1506.8639432375032,2.5961,0.12793333333333334,19.136709900013106,18.993421342764666,0.13512272727272726
1627.7844,3236.2081578352236,1509.7038593043178,2.5957,0.12935454545454547,19.296699211470873,18.993421342764666,0.13512272727272726
1627.9368,3234.1272578144813,1492.9320833455786,2.5928,0.1289833333333333,19.41432681955801,18.98580264158036,0.13512272727272726
1628.0892,3218.374298620365,1503.873658823959,2.5911,0.13194848484848481,19.02494053323783,18.98580264158036,0.13512272727272726
1628.2416,3208.6608578114783,1502.350379851155,2.5898,0.13199242424242424,18.86953042458926,18.993421342764666,0.13462121212121214
1628.394,3210.4791387320925,1498.8515197754477,2.595,0.1326666666666666,18.97403916007436,18.99366941571087,0.13396212121212114
1628.5464,3220.6969934878102,1530.92360199,2.5977,0.1293484848484848,18.827920979634417,18.997383222480234,0.13391969696969688
1628.6988,3232.810052257399,1538.6727836650298,2.5999,0.1287818181818182,18.96464708878299,19.001075776178652,0.13369848484848487
1628.8512,3251.3144462685086,1564.9926345737065,2.5999,0.1267818181818182,18.993421342764666,19.023752545077986,0.13358030303030294
1629.0036,3264.5367206828964,1584.210288323154,2.5985,0.12650606060606057,18.997383222480234,19.023752545077986,0.13358030303030294
1629.156,3270.986414889427,1590.7760043339251,2.5929,0.1284530303030302,18.99366941571087,19.001075776178652,0.13358030303030294
1629.3084,3265.9743972466376,1580.4111972755538,2.59,0.1297818181818182,19.001075776178652,18.997383222480234,0.13358030303030294
1629.4608,3250.5377571076187,1562.7291156737426,2.5905,0.129230303030303,18.936121501627458,18.997383222480234,0.13358030303030294
1629.6132,3249.522379912664,1576.454147062277,2.5859,0.12927424242424237,18.736876622307282,18.997383222480234,0.13358030303030294
1629.7656,3262.684649967887,1585.964422988367,2.5758,0.13223484848484843,18.781188782383214,18.997383222480234,0.13358030303030294
1629.918,3313.677399154621,1655.356691893477,2.5676,0.1334696969696969,18.81242057986911,18.997383222480234,0.13358030303030294
1630.0704,3363.6258297329955,1675.6385898247836,2.5678,0.13340909090909087,19.438997023725346,18.997383222480234,0.13358030303030294
1630.2228,3368.2796025695293,1680.5388310330686,2.5658,0.13281515151515155,19.44797663536403,19.001075776178652,0.13358030303030294
1630.3752,3346.0640384841277,1647.4046080847138,2.5639,0.1369409090909091,19.42809401482972,19.023752545077986,0.1334696969696969
1630.5276,3314.6179217737126,1618.0130290392995,2.5645,0.13750909090909097,19.223672586505153,19.02494053323783,0.13340909090909087
1630.68,3295.90120947031,1619.0925432501688,2.5683,0.1390075757575758,18.922422554660113,19.056096867785335,0.1330909090909091
1630.8324,3287.164206146609,1614.533342656098,2.5726,0.13820454545454544,18.856706848558733,19.081412703585094,0.13294393939393936
1630.9848,3261.899028814512,1624.5014038506226,2.5762,0.13931363636363633,18.345924470827384,19.11907147629072,0.13281515151515155
1631.1372,3238.28141600442,1587.9573648035084,2.5762,0.14151363636363634,18.35367766485676,19.136709900013106,0.1326666666666666
1631.2896,3227.213627142476,1546.3258526607156,2.5712,0.14347878787878782,18.581401443226707,19.164887627636144,0.1326666666666666
1631.442,3226.011303740395,1527.2591710710658,2.5641,0.14713030303030306,18.710549232252305,19.177048026474512,0.13248939393939396
1631.5944,3246.919261645447,1565.4427486051998,2.5639,0.1433409090909091,18.652381113242775,19.198118599317517,0.13223484848484843
1631.7468,3276.133560484326,1583.2063772882605,2.5667,0.13869242424242423,18.97046565677173,19.223672586505153,0.13201969696969698
1631.8992,3308.5158462495347,1588.875370242366,2.5677,0.13653939393939396,19.463792130222735,19.2694553732839,0.13199242424242424
1632.0516,3325.6266373092103,1641.5143724061866,2.5666,0.13782272727272718,19.164887627636144,19.27120577049566,0.13199242424242424
1632.204,3377.2703500483103,1679.4295229163893,2.5254,0.14910757575757577,19.307466683957756,19.27120577049566,0.13199242424242424
1632.3564,3539.8805638723134,1808.7485750467472,2.4503,0.17116515151515152,20.015665628374002,19.27120577049566,0.13199242424242424
1632.5088,3851.5777821584006,2095.6000649030993,2.3696,0.19081969696969692,21.27726690319494,19.27120577049566,0.13201969696969698
1632.6612,4207.265815551148,2201.2242504427004,2.3725,0.17909090909090905,26.66824767898678,19.27120577049566,0.13223484848484843
1632.8136,4401.227954150988,2258.374992498016,2.4341,0.14187424242424243,30.597766492371132,19.27120577049566,0.13248939393939396
1632.966,4375.393864400113,2342.600747972129,2.5018,0.11260909090909094,29.588873117719096,19.27120577049566,0.1326666666666666
1633.1184,4185.364406826209,2377.082676932004,2.5241,0.1088015151515152,25.198710759035137,19.27120577049566,0.13281515151515155
1633.2708,3926.175534052617,2259.0746539680185,2.5226,0.12110606060606052,21.720334206336098,19.27120577049566,0.13281515151515155
1633.4232,3725.291527283972,2126.0715805333316,2.5221,0.12860757575757573,19.8007291877457,19.296699211470873,0.13281515151515155
1633.5756,3652.8498340757683,2040.6113800237001,2.5173,0.13396212121212114,19.612751270723862,19.306812540977827,0.13281515151515155
1633.728,3640.2853467765926,2020.8918312343155,2.5062,0.1351257575757575,19.564246838282582,19.307466683957756,0.13281515151515155
1633.8804,3652.7622816342036,2050.7769134192667,2.4914,0.13776060606060603,19.27120577049566,19.354073646436312,0.1326666666666666
1634.0328,3684.8665384378246,2057.942422173924,2.4839,0.14098333333333324,19.700817845210477,19.365834888401068,0.13248939393939396
1634.1852,3664.672818539782,2068.27618544186,2.4821,0.14172878787878787,19.177048026474512,19.365834888401068,0.13223484848484843
1634.3376,3632.8400155897466,2086.8493572736766,2.4762,0.14381666666666665,18.3014446183675,19.365834888401068,0.13223484848484843
1634.49,3639.2465517900123,2083.284919286379,2.4712,0.14163181818181814,18.42859687382724,19.41432681955801,0.13223484848484843
1634.6424,3624.8818167222653,2054.9108864432515,2.4847,0.13909090909090902,18.658995077557314,19.42809401482972,0.13201969696969698
1634.7948,3642.155802534931,2028.856624802639,2.5111,0.1317909090909091,19.528707392954352,19.438997023725346,0.13223484848484843
1634.9472,3643.1483590891653,1994.9354296736174,2.5362,0.12768484848484846,20.20380916707012,19.438997023725346,0.13223484848484843
1635.0996,3607.476281553582,1970.1580521807477,2.5368,0.12755303030303028,19.884761225880812,19.44797663536403,0.13223484848484843
1635.252,3590.4993126455556,1983.39105209525,2.5249,0.13020909090909083,19.306812540977827,19.463792130222735,0.13223484848484843
1635.4044,3599.7604883769545,1994.230601887322,2.5077,0.13462121212121214,19.198118599317517,19.486206040641232,0.13223484848484843
1635.5568,3591.3369600180977,2035.337954244962,2.5069,0.13011363636363638,18.486466486943716,19.528707392954352,0.13223484848484843
1635.7092,3732.3439193284717,2070.169790599066,2.5163,0.11716515151515142,20.674559561755803,19.541162713739514,0.13223484848484843
1635.8616,3821.4835580920667,2098.2299282760578,2.539,0.10788636363636356,22.1747241697553,19.54771541421563,0.13223484848484843
1636.014,3823.2043921694553,2110.4876278894567,2.5502,0.11229242424242428,22.130672461452413,19.564246838282582,0.13223484848484843
1636.1664,3738.148120439993,2042.401268861891,2.5525,0.12489545454545446,21.47132568997368,19.577501771128116,0.13201969696969698
1636.3188,3587.769097395925,1971.4871727205166,2.5412,0.13201969696969698,19.541162713739514,19.612751270723862,0.13201969696969698
1636.4712,3526.528798828193,1901.135941199512,2.5408,0.1330909090909091,19.354073646436312,19.668584089832066,0.13201969696969698
1636.6236,3508.5094014929587,1872.9951946120661,2.5374,0.13532121212121212,19.365834888401068,19.700817845210477,0.13201969696969698
1636.776,3514.8452626274393,1930.745281614529,2.5208,0.13970151515151513,18.613000938162934,19.756062852492104,0.13201969696969698
1636.9284,3522.5795267400536,2010.5753095019472,2.4757,0.14591818181818186,17.37615207207042,19.78075720261515,0.13201969696969698
1637.0808,3468.247556410228,2092.889120821775,2.4264,0.1547075757575757,15.015763337410881,19.8007291877457,0.13201969696969698
1637.2332,3416.5807290499038,2097.132748915828,2.4051,0.1607621212121212,13.971393109001264,19.822740207582363,0.13201969696969698
1637.3856,3437.4802638108213,2061.8570648707046,2.4191,0.160769696969697,14.87246025983262,19.857819388256885,0.13201969696969698
1637.538,3467.5767918088736,1976.9472898374663,2.4554,0.15381969696969694,16.728627165174963,19.87836247459427,0.1317909090909091
1637.6904,3496.3390531207233,1885.3627684152252,2.4965,0.14181515151515145,18.68612712006452,19.884761225880812,0.13168636363636357
1637.8428,3521.488822623486,1827.7687728583533,2.5217,0.13537878787878785,20.03885366274463,19.974737869842325,0.1315651515151515
1637.9952,3521.586470083268,1798.201444578759,2.5387,0.1310772727272727,20.538590788810787,19.98861547697392,0.1314454545454546
1638.1476,3532.450915968695,1798.8976440224722,2.539,0.13168636363636357,20.727124372746086,20.015665628374002,0.1314454545454546
1638.3,3537.756379974535,1785.6609318127098,2.5466,0.12813333333333324,21.045799114568226,20.015665628374002,0.1314454545454546
1638.4524,3516.5606006765456,1774.4317655887148,2.5526,0.1305151515151515,20.849775501281897,20.015665628374002,0.1314454545454546
1638.6048,3481.415318684281,1752.8917250053341,2.5625,0.1315651515151515,20.55999689314043,20.015665628374002,0.1314454545454546
1638.7572,3452.807104988899,1757.6688973914652,2.5677,0.13248939393939396,20.034933648470727,20.015665628374002,0.1314454545454546
1638.9096,3449.462209828704,1758.1971326619728,2.5684,0.1335272727272727,19.974737869842325,20.015665628374002,0.1314454545454546
1639.062,3481.367601808301,1791.9703501808726,2.5657,0.1310954545454545,20.110923178771177,20.017365021039527,0.1314454545454546
1639.2144,3562.8537429835865,1865.3348208684947,2.5649,0.1294378787878787,20.659315704229655,20.034933648470727,0.1310954545454545
1639.3668,3632.6538395530215,1931.2064718226334,2.563,0.12276363636363628,21.076649387159403,20.03885366274463,0.1310772727272727
1639.5192,3689.3803220945224,2005.6484535187024,2.5533,0.11890303030303023,21.059685302219393,20.074516306753296,0.1305151515151515
1639.6716,3699.0919748636506,2017.8120905870524,2.5387,0.12237727272727272,20.955768358198696,20.110923178771177,0.13037878787878784
1639.824,3637.9738586274766,1978.5308629393517,2.5313,0.12706969696969697,20.28940217400517,20.125968665205153,0.13028030303030302
1639.9764,3576.927409966578,1941.0649874671396,2.5311,0.13028030303030302,19.668584089832066,20.151191839439267,0.13020909090909083
1640.1288,3535.4994066903064,1876.7767959454727,2.5349,0.13342878787878787,19.78075720261515,20.20170372699237,0.13011363636363638
1640.2812,3516.167100996363,1848.9132175457498,2.5396,0.1347045454545454,19.822740207582363,20.20170372699237,0.12994696969696964
1640.4336,3512.9615372203352,1831.5458535436326,2.5441,0.13504090909090913,20.017365021039527,20.20170372699237,0.12994696969696964
1640.586,3518.866574000102,1827.3885251032104,2.5495,0.13410454545454542,20.217425040175563,20.151191839439267,0.12994696969696964
1640.7384,3540.398643311806,1857.5126881280078,2.5518,0.1338575757575757,20.24585710976485,20.135162795076724,0.13011363636363638
1640.8908,3572.9524684787757,1878.6785394876904,2.5553,0.1290469696969697,20.595918852626966,20.125968665205153,0.13020909090909083
1641.0432,3593.9836148306063,1900.6569987578384,2.5519,0.12447727272727276,20.67053168429849,20.110923178771177,0.13028030303030302
1641.1956,3582.590584415966,1870.0522301661265,2.5526,0.12151515151515149,20.86025945548528,20.110923178771177,0.13037878787878784
1641.348,3537.9617022610223,1825.4710709550068,2.5566,0.12425303030303028,20.642108131051387,20.110923178771177,0.13037878787878784
1641.5004,3485.5876440034854,1797.654202812904,2.5669,0.12483181818181817,20.125968665205153,20.110923178771177,0.13037878787878784
1641.6528,3430.4004609881986,1741.5500824208004,2.5737,0.12692121212121207,19.87836247459427,20.110923178771177,0.13037878787878784
1641.8052,3388.741329413897,1728.1135384201937,2.5744,0.12840909090909094,19.312460393725576,20.110923178771177,0.13037878787878784
1641.9576,3370.9691868200416,1702.7638068837916,2.5694,0.1339742424242424,19.26423190359589,20.110923178771177,0.13037878787878784
1642.11,3374.2195456759514,1678.810688207732,2.5628,0.13342424242424233,19.54771541421563,20.125968665205153,0.13037878787878784
1642.2624,3383.9557421221443,1675.07593622621,2.5624,0.1314454545454546,19.756062852492104,20.135162795076724,0.13037878787878784
1642.4148,3376.050862288582,1680.7705075507843,2.5655,0.13230606060606054,19.577501771128116,20.151191839439267,0.13037878787878784
1642.5672,3364.5912098950776,1681.8658116078539,2.5718,0.12994696969696964,19.414288106273286,20.20170372699237,0.13028030303030302
1642.7196,3386.2866500537166,1709.8265098278562,2.5745,0.13037878787878784,19.486206040641232,20.20170372699237,0.13037878787878784
1642.872,3439.536159139484,1734.9726775956285,2.5779,0.1296484848484848,20.151191839439267,20.216268036750822,0.1305151515151515
1643.0244,3513.0627614194714,1802.4357719634902,2.5776,0.12608939393939395,20.646344917130776,20.217425040175563,0.1310772727272727
1643.1768,3636.454742960633,1875.2457107138177,2.5838,0.118810606060606,22.052925398877747,20.217425040175563,0.1310772727272727
1643.3292,3757.512250747373,1910.1358778415467,2.5958,0.10712424242424237,24.021722395990352,20.217425040175563,0.1310954545454545
1643.4816,3782.0975751394094,1941.403747011143,2.622,0.0880848484848485,24.329181554823762,20.216268036750822,0.1314454545454546
1643.634,3683.722009513865,1875.9936211293016,2.6358,0.08275303030303024,23.398888611002484,20.216268036750822,0.1315651515151515
1643.7864,3536.0531243256787,1804.5198248526428,2.6321,0.09282424242424243,21.483066753420815,20.216268036750822,0.13168636363636357
1643.9388,3433.70460452127,1743.090829443595,2.6122,0.11495454545454539,20.216268036750822,20.20170372699237,0.13197575757575758
1644.0912,3409.502758475657,1713.9685626225519,2.5933,0.12123181818181811,19.98861547697392,20.20170372699237,0.13197575757575758
1644.2436,3402.1046615977393,1691.8219723713482,2.5876,0.12210909090909085,20.074516306753296,20.20170372699237,0.13197575757575758
1644.396,3397.9705821365746,1704.1737720499848,2.5877,0.11957878787878788,19.857819388256885,20.216268036750822,0.13197575757575758
1644.5484,3445.2979821043446,1742.3933212829227,2.5885,0.12303636363636368,20.247675493621564,20.216598491841022,0.13197575757575758
1644.7008,3483.6634698796834,1764.7814924909937,2.585,0.11899696969696968,20.636846569366003,20.216598491841022,0.13197575757575758
1644.8532,3522.893025642685,1787.7514392044272,2.5839,0.11763030303030306,21.05715281656574,20.216598491841022,0.13197575757575758
1645.0056,3593.0642543153904,1875.1568782821398,2.5828,0.11536363636363628,21.23533299711987,20.217425040175563,0.13197575757575758
1645.158,3613.1938476128385,1894.6233845507388,2.5776,0.11908939393939394,21.31427601254549,20.227306136557864,0.13197575757575758
1645.3104,3588.664623513995,1889.870406229132,2.5706,0.12421060606060597,20.863932779548527,20.24585710976485,0.13197575757575758
1645.4628,3548.506146436417,1854.4488824937714,2.5641,0.12648030303030305,20.52969313076626,20.247675493621564,0.13197575757575758
1645.6152,3514.776359669556,1811.3412066456253,2.5645,0.12975909090909094,20.462257233475153,20.247675493621564,0.13197575757575758
1645.7676,3467.9081960050794,1764.7212082087326,2.5656,0.13197575757575758,20.20170372699237,20.24585710976485,0.13230606060606054
1645.92,3409.2739409775045,1728.669253620961,2.5679,0.1365287878787879,19.61555199712568,20.227306136557864,0.13248939393939396
1646.0724,3383.1744787880066,1696.9242135162685,2.5677,0.13573939393939394,19.5311257576268,20.217425040175563,0.1329484848484848
1646.2248,3371.4576466163753,1690.024640647976,2.5628,0.13862424242424234,19.370878391280044,20.216598491841022,0.13329545454545455
1646.3772,3383.8317676080264,1703.7936799763438,2.5566,0.1377530303030303,19.378432038397047,20.216268036750822,0.13342424242424233
1646.5296,3432.830609856774,1731.818181818182,2.5549,0.13676818181818182,19.890919420987107,20.216268036750822,0.13342878787878787
1646.682,3485.7351321617393,1774.671455795368,2.5571,0.1334515151515151,20.33168376550471,20.216268036750822,0.13342878787878787
1646.8344,3522.840093341393,1819.42776370361,2.5654,0.12903636363636364,20.514595152780718,20.216268036750822,0.1334515151515151
1646.9868,3548.1880725935066,1851.094957891841,2.5665,0.12715303030303027,20.58564466043722,20.20170372699237,0.1336242424242424
1647.1392,3560.3774841167215,1874.8108581565343,2.5683,0.12510757575757578,20.520032524737868,20.18944441496379,0.1338575757575757
1647.2916,3569.3917629961343,1888.3646873325301,2.565,0.12245757575757574,20.484079657728497,20.167122344385294,0.1339742424242424
1647.444,3578.4518030207864,1902.115916741241,2.5655,0.12035606060606055,20.475915754297855,20.167122344385294,0.13410454545454542
1647.5964,3603.9189070950383,1929.3923426924896,2.5609,0.12204999999999991,20.5507745290954,20.167122344385294,0.13410454545454542
1647.7488,3620.244865381052,1950.8810647407051,2.5537,0.12518181818181814,20.510272183924,20.18944441496379,0.13410454545454542
1647.9012,3624.756803554355,1955.2461602313967,2.5485,0.12745757575757566,20.493877828657762,20.20170372699237,0.13410454545454542
1648.0536,3617.160149528274,1952.8309321243894,2.5463,0.1336242424242424,20.36814910828066,20.216268036750822,0.1339742424242424
1648.206,3611.3273405204436,1961.3319039462153,2.5447,0.13580909090909082,20.135162795076724,20.216598491841022,0.1338575757575757
1648.3584,3612.3673806069914,1968.651422105217,2.5411,0.1388999999999999,20.02830695474895,20.216598491841022,0.1336242424242424
1648.5108,3613.6779131721405,1980.9560452630258,2.5334,0.14138333333333336,19.827449698166888,20.216598491841022,0.1334515151515151
1648.6632,3619.853614449962,1986.083083172442,2.5272,0.14261212121212113,19.823286473991864,20.216598491841022,0.1334515151515151
1648.8156,3621.1179607688464,1985.2771637111136,2.5207,0.1399818181818181,19.806134896244412,20.216598491841022,0.1334515151515151
1648.968,3630.2439338123636,2003.8986611090477,2.5177,0.14064090909090904,19.69980548552258,20.216598491841022,0.1334515151515151
1649.1204,3642.4038909668866,2005.7118039561483,2.5172,0.13959242424242424,19.89410197455871,20.216598491841022,0.1334515151515151
1649.2728,3648.280831444159,2030.0349261914469,2.5195,0.13969545454545457,19.690473554665466,20.227306136557864,0.1334515151515151
1649.4252,3649.656886751674,2036.684374060339,2.522,0.13713787878787884,19.64440713597204,20.247675493621564,0.1334515151515151
1649.5776,3678.871233471935,2049.143131437607,2.5229,0.13461515151515152,20.020330292560846,20.281608072965156,0.1334515151515151
1649.73,3707.082132301967,2052.149370620331,2.5183,0.13610909090909087,20.467152219085413,20.29429233448404,0.13342424242424233
1649.8824,3722.17527440052,2053.657875959873,2.5169,0.13528333333333328,20.717211004895212,20.32054233123291,0.13329545454545455
1650.0348,3732.979304499906,2057.714573115365,2.5195,0.13329545454545455,20.885518206494893,20.33168376550471,0.13329545454545455
1650.1872,3743.8508355493873,2061.7859341283747,2.5248,0.12998939393939393,21.07821897809075,20.36814910828066,0.13329545454545455
1650.3396,3746.192968267976,2074.5560599769947,2.5251,0.1329484848484848,20.947180742944187,20.370800974511113,0.13329545454545455
1650.492,3747.0495672698667,2091.3195828613343,2.5206,0.1361121212121212,20.69132896419713,20.41831873564163,0.13329545454545455
1650.6444,3735.9213495403033,2080.696623783018,2.5197,0.1359348484848485,20.62301481920764,20.42716817825565,0.13329545454545455
1650.7968,3700.3044738720628,2068.408119723371,2.5142,0.13570151515151507,20.083019784664618,20.41831873564163,0.13329545454545455
1650.9492,3682.102180751593,2056.9091700492972,2.5107,0.1347121212121212,19.87648218442372,20.370800974511113,0.13329545454545455
1651.1016,3698.517438121425,2054.8679403521996,2.5083,0.13658939393939384,20.18944441496379,20.36814910828066,0.13329545454545455
1651.254,3721.4799475964833,2073.769872777484,2.5175,0.13880151515151512,20.43048010962576,20.345224126071127,0.13329545454545455
1651.4064,3709.1798550645276,2072.55013422618,2.5255,0.13757727272727266,20.281608072965156,20.33168376550471,0.1334515151515151
1651.5588,3688.188358973987,2063.092174463955,2.5269,0.1378530303030303,20.032254825794578,20.32054233123291,0.1336242424242424
1651.7112,3669.503870556084,2052.7395115315067,2.5214,0.13936969696969698,19.78527280083262,20.32054233123291,0.1336242424242424
1651.8636,3672.1387316664136,2032.246579251616,2.5191,0.14121666666666668,20.097131213779697,20.32054233123291,0.1336242424242424
1652.016,3677.6328013957627,2031.5137910326796,2.5214,0.142169696969697,20.227306136557864,20.33168376550471,0.1336242424242424
1652.1684,3658.45754244795,2006.826370014538,2.5225,0.13938636363636364,20.216598491841022,20.345224126071127,0.1336242424242424
1652.3208,3642.4996534367133,1998.6439646591487,2.5194,0.14097575757575753,20.00831930415102,20.36814910828066,0.1336242424242424
1652.4732,3645.418469641845,1990.7932344381104,2.5194,0.1381757575757575,20.167122344385294,20.36814910828066,0.1336242424242424
1652.6256,3653.1650576200495,1993.3776436942105,2.5218,0.13844848484848488,20.29429233448404,20.345224126071127,0.1340939393939394
1652.778,3660.9402418766886,1995.968771732682,2.5237,0.1385227272727273,20.41831873564163,20.33168376550471,0.13435909090909087
1652.9304,3677.49968630252,2013.7713418139008,2.5166,0.14862424242424244,20.42716817825565,20.32054233123291,0.13461515151515152
1653.0828,3667.088959391321,2002.1729619941855,2.5079,0.1558106060606061,20.32054233123291,20.29429233448404,0.1347121212121212
1653.2352,3606.9127761394675,1961.7863583761457,2.4999,0.1589348484848485,19.695075882444154,20.281608072965156,0.13528333333333328
1653.3876,3494.066506483741,1872.1956223299867,2.4977,0.15085151515151513,18.820199857135893,20.227306136557864,0.13570151515151507
1653.54,3411.4909491399085,1817.1618055004915,2.498,0.14481060606060597,18.07428181334029,20.227306136557864,0.13570151515151507
1653.6924,3401.1631799536694,1804.1118123155493,2.5027,0.14188636363636364,18.08989534691061,20.227306136557864,0.13570151515151507
1653.8448,3458.5350244752626,1873.0654055020682,2.5126,0.14048636363636363,18.300855013982172,20.227306136557864,0.13570151515151507
1653.9972,3529.0398996863464,1923.4749771555796,2.5193,0.14405606060606063,18.947944087157474,20.227306136557864,0.13570151515151507
1654.1496,3545.385706093574,1934.7405905148198,2.5237,0.1465227272727273,19.126613189435606,20.227306136557864,0.13528333333333328
1654.302,3475.135904265023,1877.4738859890433,2.5213,0.14674999999999994,18.598853446355967,20.227306136557864,0.13528333333333328
1654.4544,3465.0538856805056,1841.4359333748182,2.5166,0.14452424242424242,18.83779967150892,20.216598491841022,0.13570151515151507
1654.6068,3513.014173075882,1882.7703656391936,2.5137,0.14325303030303027,19.141413874737037,20.18944441496379,0.13580909090909082
1654.7592,3520.72410483164,1859.0999833486126,2.5158,0.14576666666666663,19.590940209586996,20.167122344385294,0.135869696969697
1654.9116,3511.8889192300117,1813.0435636061247,2.53,0.1421636363636364,20.11483540897,20.135162795076724,0.1359348484848485
1655.064,3497.329958394625,1756.8219505911118,2.548,0.13435909090909087,20.679786320571594,20.11483540897,0.13600909090909086
1655.2164,3556.422621554862,1811.345512373665,2.5664,0.12518333333333337,21.23314062238545,20.097131213779697,0.13610909090909087
1655.3688,3599.309896094725,1883.7955266036677,2.5765,0.12012272727272733,21.18772136423121,20.097131213779697,0.1361121212121212
1655.5212,3549.3367118795645,1841.137832845464,2.5784,0.11974696969696973,20.82850359917455,20.097131213779697,0.1361121212121212
1655.6736,3560.369166361988,1820.7352353485473,2.5757,0.11931515151515153,21.265304264831528,20.097131213779697,0.1361121212121212
1655.826,3736.2235948403836,1952.0405163685134,2.572,0.11718636363636359,22.836146321792803,20.097131213779697,0.1361121212121212
1655.9784,3777.5180665254647,1983.632429266388,2.577,0.11212121212121211,23.252904745314567,20.097131213779697,0.1361121212121212
1656.1308,3755.1559473883926,1973.6790984275322,2.5775,0.1124196969696969,22.958610283478276,20.11483540897,0.13610909090909087
1656.2832,3733.0524562456367,1963.823889840304,2.5805,0.1111106060606061,22.691734134939672,20.167122344385294,0.13600909090909086
1656.4356,3624.756803554355,1901.0802102415082,2.578,0.11361818181818184,21.449099032960618,20.18944441496379,0.1359348484848485
1656.588,3590.744643629197,1864.712878265083,2.5791,0.11423484848484847,21.296251822410714,20.216598491841022,0.135869696969697
1656.7404,3557.364842311167,1829.7119284251273,2.5856,0.11066515151515152,21.178779655550606,20.227306136557864,0.13570151515151507
1656.8928,3534.798279917058,1813.7513054189392,2.5936,0.1005409090909091,21.03031059539311,20.281608072965156,0.13528333333333328
1657.0452,3512.5162200347104,1798.0677850317938,2.5978,0.09171818181818182,20.852644122108515,20.29429233448404,0.1347121212121212
1657.1976,3517.2869808453256,1797.090340934216,2.5933,0.0878818181818181,20.915645969929134,20.32054233123291,0.13461515151515152
1657.35,3515.003344327329,1791.0310944857047,2.5828,0.09616363636363628,20.864354302970746,20.345224126071127,0.13435909090909087
1657.5024,3512.722671236587,1785.0125706347865,2.5742,0.107619696969697,20.82749368752923,20.345224126071127,0.13432575757575757
1657.6548,3488.2962396670096,1783.6400183747692,2.57,0.11624242424242426,20.370800974511113,20.345224126071127,0.13416060606060606
1657.8072,3482.1391850331993,1765.2833401384773,2.5657,0.1155954545454545,20.44946612628974,20.345224126071127,0.13416060606060606
1657.9596,3475.999863149612,1747.2996538649834,2.5651,0.11582727272727265,20.55115438810448,20.345224126071127,0.13416060606060606
1658.112,3461.5201161108325,1714.1912313044613,2.5647,0.11729848484848476,20.68221803321682,20.33186034128118,0.13416060606060606
1658.2644,3447.1605033216247,1682.314175483914,2.5719,0.12011666666666668,20.856413832286478,20.33186034128118,0.1340939393939394
1658.4168,3379.584559467605,1627.1924790394867,2.5782,0.12085757575757577,20.345224126071127,20.33186034128118,0.13268939393939394
1658.5692,3324.908341396527,1590.3518653502088,2.5801,0.12193181818181821,19.822194656013277,20.345224126071127,0.1322318181818182
1658.7216,3271.9695904348564,1555.1425062590915,2.5753,0.12513636363636363,19.26623318770512,20.345224126071127,0.13014545454545448
1658.874,3232.045604926961,1536.1362443988733,2.5677,0.13268939393939394,18.74378045080182,20.345224126071127,0.12946060606060605
1659.0264,3193.0841652148683,1517.589701102543,2.5636,0.14263181818181814,18.265688842699674,20.33186034128118,0.12754848484848486
1659.1788,3193.5023542650233,1513.0823542727453,2.5645,0.14255909090909097,18.325659709564217,20.33186034128118,0.12704393939393943
1659.3312,3222.396075612129,1522.4356973210026,2.5702,0.1322318181818182,18.745554590420348,20.33186034128118,0.12704393939393943
1659.4836,3251.8208810002125,1531.9053978053748,2.577,0.1227212121212121,19.186693179587348,20.33186034128118,0.12704393939393943
1659.636,3350.4151744788064,1583.8143320647578,2.5847,0.11728787878787869,20.36913687934084,20.345224126071127,0.12704393939393943
1659.7884,3417.1514544755382,1616.659656544687,2.5893,0.11219393939393932,21.211906728010497,20.36913687934084,0.12594545454545453
1659.9408,3447.9091960082087,1693.4471706153581,2.5857,0.11358484848484843,20.85210200842709,20.370800974511113,0.12572575757575757
1660.0932,3445.002034450021,1712.2787463962377,2.5797,0.12250303030303031,20.53142215405874,20.41831873564163,0.12518333333333337
1660.2456,3376.0695594384297,1692.798221006804,2.5761,0.1340939393939394,19.51934476253463,20.42651799166169,0.12513636363636363
1660.398,3262.4122584498405,1607.4279202002747,2.5756,0.14129545454545447,18.539772484318753,20.42716817825565,0.12328333333333327
1660.5504,3253.719680520595,1597.4524616386047,2.5753,0.13973636363636363,18.501519885550426,20.44946612628974,0.1227212121212121
1660.7028,3262.1329297763814,1604.191107160282,2.5722,0.13937575757575754,18.54626277139047,20.44946612628974,0.12250303030303031
1660.8552,3272.1768349633385,1606.9863838483109,2.5709,0.13791969696969694,18.674848577307774,20.44946612628974,0.12250303030303031
1661.0076,3293.557787999909,1618.478693747511,2.5678,0.13600909090909086,18.88589131830141,20.44946612628974,0.12250303030303031
1661.16,3300.969822334613,1647.3636506616208,2.5673,0.13416060606060606,18.684789985911976,20.44946612628974,0.12250303030303031
1661.3124,3284.2527193677165,1627.7121192459338,2.5665,0.13865303030303028,18.616673065651057,20.458053659440512,0.12250303030303031
1661.4648,3249.349170712362,1587.3387859045567,2.5689,0.1427257575757575,18.49285381669009,20.497746908202732,0.12193181818181821
1661.6172,3216.2992931105982,1532.6425714604657,2.5713,0.13979848484848484,18.54573302799287,20.53142215405874,0.12181969696969701
1661.7696,3200.5275410225095,1500.3728781020875,2.5755,0.13432575757575757,18.651474413278198,20.55115438810448,0.12177727272727269
1661.922,3168.339885532287,1457.1022500469687,2.5742,0.135869696969697,18.553585132217673,20.679786320571594,0.12085757575757577
1662.0744,3089.153705666895,1352.9216983250938,2.5665,0.1431030303030303,18.228158488339243,20.68221803321682,0.12014545454545458
1662.2268,3047.643425719191,1334.1118570504398,2.5579,0.15050909090909087,17.687855958504482,20.725137412412778,0.12012272727272733
1662.3792,3047.7165623597007,1315.8173068828728,2.552,0.15759696969696968,17.813153946109054,20.784802857838404,0.12011666666666668
1662.5316,3082.7144473920825,1349.2946748013908,2.553,0.15644393939393939,18.064177523101236,20.799223841939817,0.11988636363636355
1662.684,3114.6535867565913,1376.3997122565956,2.5557,0.1502757575757576,18.337399853981182,20.799223841939817,0.11974696969696973
1662.8364,3173.915578843895,1404.6154151011826,2.5595,0.14387424242424243,19.05073598147962,20.799223841939817,0.11974696969696973
1662.9888,3313.2919751590066,1501.0999694165657,2.5618,0.14327727272727275,20.42651799166169,20.784802857838404,0.11974696969696973
1663.1412,3500.784460559896,1690.3892387425233,2.5657,0.13014545454545448,21.668886528371413,20.725137412412778,0.11974696969696973
1663.2936,3698.508462400924,1875.8469929212624,2.5714,0.11476818181818176,23.109760458556515,20.68221803321682,0.11988636363636355
1663.446,3793.805194077781,2107.012452664804,2.5761,0.10399393939393942,21.828899050279105,20.55115438810448,0.12011666666666668
1663.5984,3783.9757070745945,2159.9098620293803,2.571,0.10603939393939386,20.82044992384896,20.53142215405874,0.12014545454545458
1663.7508,3796.002241733607,2153.336187492847,2.5662,0.10989393939393943,21.112531244839857,20.497746908202732,0.12085757575757577
1663.9032,3762.995482677011,2058.8334627984736,2.5674,0.11333030303030298,21.84448678288676,20.458053659440512,0.12177727272727269
1664.0556,3721.4345104445583,2013.7567067413943,2.5794,0.11564393939393933,21.775604457657327,20.44946612628974,0.12181969696969701
1664.208,3702.1247135043745,1986.502471722646,2.5866,0.11626212121212125,21.84160726663101,20.42651799166169,0.12193181818181821
1664.3604,3708.281829419036,1975.034731581894,2.5876,0.11615909090909085,22.12485427705167,20.370800974511113,0.12250303030303031
1664.5128,3741.27741056469,2003.9948401077738,2.5826,0.11617424242424246,22.32011078227068,20.36913687934084,0.1227212121212121
1664.6652,3780.8543391133603,2032.9310824357558,2.5704,0.11827121212121215,22.579544673994715,20.345224126071127,0.12328333333333327
1664.8176,3782.7734878214055,2051.244778512,2.5588,0.11988636363636355,22.259602701382878,20.345224126071127,0.12333939393939386
1664.97,3746.6764840735527,2063.05028211265,2.5544,0.12181969696969701,21.361636742376742,20.33186034128118,0.12333939393939386
1665.1224,3725.5191953465237,2028.8390687309172,2.5641,0.11948030303030306,21.515985285232926,20.124461301182603,0.12445909090909091
1665.2748,3672.12545946747,1962.488651948002,2.575,0.11752727272727265,21.499592845110048,20.084124870035495,0.1250136363636364
1665.4272,3586.802262227254,1898.1004050277243,2.5783,0.12177727272727269,20.784802857838404,19.99511256233652,0.12513636363636363
1665.5796,3533.7450625535485,1842.947942767034,2.5755,0.12572575757575757,20.497746908202732,19.99511256233652,0.12545454545454546
1665.732,3542.7565854242534,1863.7813114343107,2.5673,0.12946060606060605,20.33186034128118,19.99511256233652,0.12545454545454546
1665.8844,3604.9504201044588,1897.8687581412842,2.5614,0.12754848484848486,20.985874047807666,19.99511256233652,0.12545454545454546
1666.0368,3637.2792482956224,1958.1968656001088,2.5624,0.12014545454545458,20.799223841939817,19.99511256233652,0.12545454545454546
1666.1892,3637.574425273982,1962.1172326422152,2.5701,0.11306212121212117,20.81457763637142,19.99511256233652,0.12545454545454546
1666.3416,3572.123374203363,1933.6801015562698,2.5715,0.11253787878787878,19.99231640752931,20.084124870035495,0.12545454545454546
1666.494,3524.620305420838,1898.1465047761926,2.5676,0.1186196969696969,19.562548061207888,20.124461301182603,0.12545454545454546
1666.6464,3522.249802393466,1856.4164219766087,2.5598,0.12328333333333327,19.99511256233652,20.194224294365625,0.1250136363636364
1666.7988,3493.7541121531754,1836.9047913202633,2.5563,0.12704393939393943,19.702321418933284,20.33186034128118,0.12445909090909091
1666.9512,3463.9119020831204,1813.9563948211785,2.5519,0.13032727272727274,19.423621645887792,20.33186034128118,0.12333939393939386
1667.1036,3466.7170144378297,1792.193726263576,2.5486,0.1328772727272727,19.7147353680223,20.33186034128118,0.12328333333333327
1667.256,3501.8985851088887,1783.7631902206708,2.5506,0.12992121212121205,20.458053659440512,20.33186034128118,0.12333939393939386
1667.4084,3535.2328637473934,1777.2097340715832,2.5591,0.12594545454545453,21.20616678671373,20.194224294365625,0.12445909090909091
1667.5608,3545.2908580813555,1797.8874822084051,2.5723,0.11874545454545458,21.245195216187884,20.124461301182603,0.1250136363636364
1667.7132,3555.733912578876,1813.470731903222,2.5823,0.11696515151515147,21.325517053860132,20.084124870035495,0.12545454545454546
1667.8656,3563.132798006142,1836.1257746155613,2.5866,0.11651212121212125,21.212115620401004,19.99511256233652,0.12545454545454546
1668.018,3548.055902833556,1839.5555131744281,2.5871,0.11451060606060603,20.895354858332283,19.99511256233652,0.1250136363636364
1668.1704,3512.7307678566694,1795.1079773938895,2.5865,0.11129242424242422,20.80251402378612,19.99511256233652,0.12445909090909091
1668.3228,3428.286059428124,1740.7404657622965,2.5844,0.11572878787878785,19.933241536522488,19.99511256233652,0.12445909090909091
1668.4752,3359.0589345126773,1679.5563061884047,2.5809,0.12333939393939386,19.413696039175253,19.99511256233652,0.12445909090909091
1668.6276,3350.6361591684094,1655.3602879718633,2.5756,0.12839545454545448,19.50537704999414,19.99511256233652,0.12445909090909091
1668.78,3398.0046756009215,1683.122390828971,2.5731,0.12685303030303025,19.991017202901737,19.99511256233652,0.12445909090909091
1668.9324,3481.3198862403347,1744.7311751634543,2.5711,0.12445909090909091,20.725137412412778,19.99511256233652,0.12445909090909091
1669.0848,3575.400121056855,1847.5660983744085,2.5704,0.11967121212121215,21.159923608337294,19.99511256233652,0.12445909090909091
1669.2372,3656.710687960688,1883.9690183520092,2.5699,0.11597272727272723,22.20157350626104,19.99511256233652,0.12445909090909091
1669.3896,3661.001802875232,1904.8476121910248,2.575,0.11462727272727265,22.05489637188861,19.99511256233652,0.12445909090909091
1669.542,3643.640484575494,1895.4434112508995,2.5831,0.11222272727272727,21.919777644895106,19.99511256233652,0.12445909090909091
1669.6944,3648.4424095520244,1900.2173903556486,2.583,0.11490303030303023,21.946968803036388,19.99511256233652,0.12445909090909091
1669.8468,3665.638011030588,1903.0006599316594,2.5813,0.11321818181818175,22.2207424911139,19.99511256233652,0.12445909090909091
1669.9992,3652.968036529681,1877.316619795343,2.5807,0.11044999999999991,22.310371430594536,19.99511256233652,0.12445909090909091
1670.1516,3549.5516478397576,1803.3507534965067,2.5868,0.10740151515151505,21.37529313422419,19.99511256233652,0.12445909090909091
1670.304,3391.5731424794535,1676.6663384478625,2.59,0.1144818181818182,20.084124870035495,19.99511256233652,0.12445909090909091
1670.4564,3239.138312693745,1560.020882169289,2.5866,0.12641212121212125,18.74542681586857,19.99511256233652,0.12445909090909091
1670.6088,3154.926778372604,1484.055171016909,2.5788,0.13742575757575748,18.095448134271702,19.99511256233652,0.12445909090909091
1670.7612,3104.2236996480256,1427.6386725208597,2.5673,0.14441060606060607,17.762297738686467,19.99231640752931,0.12445909090909091
1670.9136,3098.171794032564,1418.3644694116301,2.5634,0.1496424242424242,17.72930692708961,19.991017202901737,0.12445909090909091
1671.066,3118.6147947986256,1408.9702590785666,2.5652,0.1515969696969697,18.158611253953858,19.966027630477296,0.1250136363636364
1671.2184,3130.523736210238,1439.7889065398444,2.5701,0.15151212121212115,18.08371038323359,19.933241536522488,0.12545454545454546
1671.3708,3141.186436835152,1435.3857434361007,2.571,0.14988939393939388,18.30537239291922,19.7147353680223,0.12572575757575757
1671.5232,3157.8227599453808,1427.6527150460452,2.5674,0.14978030303030296,18.624573987961064,19.702321418933284,0.12594545454545453
1671.6756,3173.624762602872,1441.41485650403,2.5637,0.14745151515151517,18.719261680429454,19.685699766023774,0.1259696969696969
1671.828,3208.2420664952374,1467.928083082418,2.5596,0.15034393939393934,18.991549476927187,19.621608735342896,0.12641212121212125
1671.9804,3244.9178390635734,1502.2200624249322,2.5608,0.146630303030303,19.25876518413833,19.587853597173215,0.12641212121212125
1672.1328,3273.6669580889006,1537.0154468035325,2.5659,0.13988484848484845,19.41618251085846,19.567800422962755,0.12641212121212125
1672.2852,3314.1241709253018,1540.4162156097532,2.5736,0.13195151515151515,20.124461301182603,19.565768597864693,0.12641212121212125
1672.4376,3332.3821612597458,1555.7235364944263,2.5858,0.12545454545454546,20.37025122963217,19.562548061207888,0.12670606060606063
1672.59,3301.248690818781,1547.6952137220853,2.5915,0.12182727272727273,19.966027630477296,19.553436142410145,0.12685303030303025
1672.7424,3253.6085379470246,1504.4801226486948,2.5927,0.1250136363636364,19.621608735342896,19.50537704999414,0.12704393939393943
1672.8948,3227.4665023284774,1475.8725345834994,2.5873,0.13505,19.43650575919362,19.477407106257925,0.12754848484848486
1673.0472,3237.727599609518,1468.0864591180307,2.5871,0.13831060606060605,19.685699766023774,19.476180227502738,0.12839545454545448
1673.1996,3274.922666483294,1483.7466940634067,2.5924,0.13310454545454542,20.194224294365625,19.462460956415057,0.12853333333333336
1673.352,3323.9873452922716,1533.3303149665717,2.5971,0.12183030303030296,20.553681577110595,19.43650575919362,0.12912878787878784
1673.5044,3364.1827122067516,1612.401526068216,2.5978,0.11586818181818183,20.396038937587303,19.432863642044868,0.12912878787878784
1673.6568,3402.537614338883,1659.9616487863168,2.5957,0.11335454545454546,20.5145923051191,19.423621645887792,0.12953787878787876
1673.8092,3515.850742446631,1701.8567994706825,2.5891,0.11835454545454538,22.005928640947317,19.423621645887792,0.12992121212121205
1673.9616,3653.1957072553328,1754.0315967384684,2.5876,0.11850909090909084,23.918919851222924,19.423621645887792,0.13032727272727274
1674.114,3697.62905307699,1818.4681911253026,2.5922,0.10796515151515147,24.01247798486956,19.41618251085846,0.13032727272727274
1674.2664,3679.1731999753756,1814.7826190504543,2.6028,0.09505303030303035,23.80278167912725,19.413696039175253,0.13032727272727274
1674.4188,3488.523809632812,1782.3321067130419,2.6088,0.09518484848484846,20.698709790618043,19.413696039175253,0.13037424242424242
1674.5712,3364.658064416423,1688.8288514911064,2.6025,0.10704393939393936,19.565768597864693,19.40616763819083,0.13037424242424242
1674.7236,3323.0885971616376,1620.928268606108,2.5953,0.12162575757575757,19.567800422962755,19.3450150578965,0.13037424242424242
1674.876,3286.7636592635404,1567.6093237781852,2.582,0.12670606060606063,19.432863642044868,19.25876518413833,0.12992121212121205
1675.0284,3278.3111964867867,1565.682379138618,2.5749,0.13130757575757573,19.25727168512885,19.25727168512885,0.13037424242424242
1675.1808,3279.6304605362975,1555.7092436588773,2.5694,0.13037424242424242,19.3450150578965,19.221650488553518,0.1305439393939394
1675.3332,3285.042065351644,1557.7080227584825,2.5775,0.1259696969696969,19.476180227502738,19.199670586070567,0.13130757575757573
1675.4856,3282.5655705396202,1556.021363642397,2.5909,0.11775909090909088,19.553436142410145,19.153609771257074,0.13195151515151515
1675.638,3269.3619595577347,1545.2792681622282,2.5953,0.11887575757575757,19.477407106257925,19.116350880336228,0.13240454545454544
1675.7904,3252.924483699626,1541.1358899604706,2.5894,0.12166363636363636,19.199670586070567,19.037881001444173,0.13283030303030305
1675.9428,3225.9635025835228,1532.2249837125692,2.5781,0.12953787878787876,18.759688986776926,19.034335591344828,0.13310454545454542
1676.0952,3208.7081475710984,1521.8321501021796,2.5732,0.13337272727272728,18.547223800420102,19.034335591344828,0.13311818181818175
1676.2476,3221.088406618026,1518.059831877862,2.5718,0.13674696969696964,18.78117726529249,19.034335591344828,0.13337272727272728
1676.4,3235.737489118665,1517.6773561343443,2.5726,0.13240454545454544,19.034335591344828,19.034335591344828,0.13337272727272728
1676.5524,3232.1826989149713,1516.3816983475024,2.5745,0.12912878787878784,19.002694450201865,19.02524947247861,0.13337272727272728
1676.7048,3205.205725204085,1504.2603436405764,2.5763,0.12853333333333336,18.69434943807347,19.002694450201865,0.13494090909090908
1676.8572,3170.3798318908175,1488.8577461878551,2.574,0.13283030303030305,18.26436207182372,18.991549476927187,0.13505
1677.0096,3156.285855117367,1466.7385278718818,2.5719,0.1363666666666667,18.244315801902573,18.95592007260606,0.13516060606060606
1677.162,3160.206284331474,1461.8578832412957,2.5704,0.13712121212121217,18.34631344838346,18.91943371895954,0.13570303030303033
1677.3144,3174.1105877623877,1488.5407270700996,2.5723,0.14004545454545458,18.31642234526797,18.907937946739725,0.13619848484848487
1677.4668,3185.835158115884,1536.6140648584228,2.5723,0.13814545454545457,18.009448986074435,18.847260449252747,0.1363666666666667
1677.6192,3202.636080511413,1565.0987095637904,2.5654,0.13988636363636364,17.934281874964736,18.82489592443322,0.13674696969696964
1677.7716,3254.970557894265,1580.6537932579513,2.5577,0.14236969696969692,18.577968485266027,18.82489592443322,0.13712121212121217
1677.924,3275.8377944411786,1585.0085646624216,2.5503,0.14656212121212117,18.82489592443322,18.82489592443322,0.13712121212121217
1678.0764,3238.398395250349,1553.2302398843842,2.5496,0.14957424242424244,18.53693120860277,18.82489592443322,0.13712121212121217
1678.2288,3210.688812835171,1519.228861759644,2.5514,0.15067878787878783,18.449464787723425,18.847260449252747,0.13712121212121217
1678.3812,3198.0056531674736,1481.957603760127,2.5565,0.15158333333333324,18.65983139043202,18.907937946739725,0.13674696969696964
1678.5336,3205.1349458555123,1469.886141693552,2.5594,0.14880454545454538,18.91943371895954,18.91943371895954,0.1363666666666667
1678.686,3216.6013778198035,1471.5701624665603,2.5628,0.14372424242424234,19.116350880336228,18.95592007260606,0.13619848484848487
1678.8384,3196.3824668773823,1468.6396291781305,2.5674,0.13753030303030297,18.847260449252747,18.991549476927187,0.1358287878787878
1678.9908,3165.5232148754667,1461.866296787635,2.5711,0.13725909090909091,18.43770039312452,19.002694450201865,0.13570303030303033
1679.1432,3171.1285805246093,1463.341565429804,2.5726,0.13810454545454542,18.525031287470583,19.02524947247861,0.13516060606060606
1679.2956,3218.666576555267,1498.7144393367303,2.5738,0.1401409090909091,18.95592007260606,19.034335591344828,0.13505
1679.448,3287.1783865864145,1550.4278173608238,2.5772,0.13516060606060606,19.587853597173215,19.037881001444173,0.13494090909090908
1679.6004,3300.9769722200263,1585.7630938612551,2.58,0.12636212121212115,19.462460956415057,19.116350880336228,0.13337272727272728
1679.7528,3265.022800528317,1595.3805150022297,2.5805,0.1214106060606061,18.751775874402433,19.116350880336228,0.13311818181818175
1679.9052,3199.1603253739177,1567.2522437982213,2.5828,0.12606363636363627,17.975222146950852,19.116350880336228,0.13310454545454542
1680.0576,3167.664876021463,1548.4405862127826,2.5751,0.1390969696969697,17.606498873762437,19.116350880336228,0.13310454545454542
1680.21,3166.029582848596,1521.4272664923615,2.5655,0.14700606060606053,17.79795635437408,19.116350880336228,0.13310454545454542
1680.3624,3174.520515130527,1523.0549444069954,2.5556,0.14880606060606055,17.849976692279892,19.116350880336228,0.13310454545454542
1680.5148,3178.920668824884,1523.7356318678712,2.5556,0.15295606060606054,17.91435456017684,19.116350880336228,0.13310454545454542
1680.6672,3184.350713187997,1528.913929368992,2.5568,0.15279242424242423,17.957222172666455,19.116350880336228,0.13283030303030305
1680.8196,3185.418974562632,1550.077732736696,2.5572,0.1507712121212121,17.755251811074416,19.116350880336228,0.13240454545454544
1680.972,3181.0738629069883,1545.7612265473333,2.5546,0.1465090909090908,17.71204804486654,19.116350880336228,0.1318818181818182
1681.1244,3210.323591770702,1552.727793267132,2.5526,0.1479651515151515,18.101914602465964,19.116350880336228,0.1318818181818182
1681.2768,3263.512580262816,1549.3740996296347,2.5555,0.14553636363636366,19.037881001444173,19.037881001444173,0.1318818181818182
1681.4292,3310.111151534239,1583.3297403661295,2.5625,0.14181515151515148,19.511537183844204,19.034335591344828,0.1318818181818182
1681.5816,3337.307883075973,1629.882897619505,2.5714,0.13311818181818175,19.531324708166476,19.02524947247861,0.1318818181818182
1681.734,3343.227003797327,1654.0424732927493,2.5774,0.12925,19.40616763819083,19.02524947247861,0.1318818181818182
1681.8864,3346.471821785005,1678.3549478432478,2.5825,0.12875454545454543,19.221650488553518,19.02524947247861,0.1318818181818182
1682.0388,3350.934534744508,1655.2371311829734,2.586,0.1305439393939394,19.590714450766104,19.02524947247861,0.1318818181818182
1682.1912,3339.6005627358427,1676.4745192923826,2.5864,0.1275727272727273,19.153609771257074,19.02524947247861,0.1318818181818182
1682.3436,3307.14095060772,1641.2324104631798,2.59,0.1261818181818182,19.02524947247861,19.02524947247861,0.1318818181818182
1682.496,3268.2261509560203,1624.775047549191,2.5904,0.1290606060606061,18.55100341580527,19.02524947247861,0.1318818181818182
1682.6484,3248.3518451022146,1581.6241017096381,2.5845,0.13619848484848487,18.65081158667783,19.02524947247861,0.1318818181818182
1682.8008,3244.5240672791665,1571.4410186319908,2.5777,0.14145909090909087,18.64802847691219,19.02524947247861,0.1318818181818182
1682.9532,3256.6886058637497,1577.8586263518955,2.5687,0.14128636363636354,18.71684166689508,19.02524947247861,0.1318818181818182
1683.1056,3262.6392482228357,1570.606167411777,2.5705,0.13724090909090905,18.907937946739725,19.02524947247861,0.1318818181818182
1683.258,3255.554629872918,1581.003885597148,2.5669,0.13888181818181816,18.650765723764664,19.02524947247861,0.1318818181818182
1683.4104,3244.7416661876205,1557.4421771488283,2.5696,0.14046363636363637,18.743125699080185,19.02524947247861,0.1318818181818182
1683.5628,3248.0056946661525,1555.534574664894,2.5678,0.14065909090909087,18.804745539203722,19.02524947247861,0.1318818181818182
1683.7152,3269.1235145222877,1556.1230480815475,2.5673,0.13886060606060607,19.148147057783085,19.034335591344828,0.13240454545454544
1683.8676,3276.4258579656494,1550.50037719686,2.5698,0.13570303030303033,19.34947487735891,19.034335591344828,0.13240454545454544
1684.02,3254.285930872048,1529.504687369844,2.5755,0.12977575757575757,19.24206907958086,19.034335591344828,0.1318818181818182
1684.1724,3206.0586935941938,1510.2476845841766,2.5801,0.1318818181818182,18.67394226618376,19.02524947247861,0.13180151515151506
1684.3248,3162.458874027684,1477.1449618113443,2.5837,0.13494090909090908,18.323264034066028,19.02524947247861,0.13180151515151506
1684.4772,3144.3167094436785,1462.5249572110686,2.5917,0.13956666666666667,18.231975143412722,19.02524947247861,0.13180151515151506
1684.6296,3148.5196379615613,1457.2373972630903,2.591,0.1391287878787878,18.348913056887124,19.02524947247861,0.13180151515151506
1684.782,3158.1466818219033,1465.8384615236641,2.5824,0.1428848484848485,18.358231510547125,19.02524947247861,0.13180151515151506
1684.9344,3163.3089373855796,1465.9272903911544,2.5695,0.14389393939393932,18.349483858211457,19.02524947247861,0.13180151515151506
1685.0868,3177.866700586154,1472.0818802078882,2.5649,0.1453878787878787,18.491569647404763,19.02524947247861,0.13180151515151506
1685.2392,3201.4620850467145,1483.9308978950385,2.566,0.14675454545454547,18.765906251642644,19.02524947247861,0.13180151515151506
1685.3916,3247.9572394920915,1517.6327717063061,2.5666,0.14572272727272717,19.193754962019717,19.02524947247861,0.13180151515151506
1685.544,3305.7707825392836,1576.1264417445982,2.5712,0.1358287878787878,19.581970504468572,19.02524947247861,0.13180151515151506
1685.6964,3357.2127203996934,1630.283914371584,2.5772,0.12571060606060605,19.914307191178217,19.02524947247861,0.13180151515151506
1685.8488,3407.7454655631004,1701.5698768539044,2.5809,0.12158939393939386,20.00784851838809,19.02524947247861,0.13180151515151506
1686.0012,3447.102025398628,1723.0959874137113,2.5764,0.12485303030303027,20.414790716523264,19.02524947247861,0.13180151515151506
1686.1536,3488.284263122838,1756.710570982807,2.5712,0.1274787878787878,20.70694765901134,19.02524947247861,0.13180151515151506
1686.306,3525.40710471315,1817.1401385867443,2.5716,0.1183575757575757,20.639226681436213,19.02524947247861,0.13180151515151506
1686.4584,3502.9610824241686,1797.2779023266733,2.5823,0.11011515151515147,20.56490146069267,19.023366855241775,0.13180151515151506
1686.6108,3445.3836606523173,1766.6339190234828,2.5855,0.10974545454545448,19.93250209652962,19.02524947247861,0.13180151515151506
1686.7632,3410.948832410281,1750.1379496858306,2.5821,0.11817575757575755,19.496390867715498,19.037881001444173,0.1305439393939394
1686.9156,3391.633525540736,1710.5308201400414,2.5736,0.12675151515151517,19.56439667942437,19.043220137189167,0.12989696969696968
1687.068,3399.266614919301,1727.3946773801406,2.5751,0.12989696969696968,19.51022031929766,19.06563283545835,0.1298606060606061
1687.2204,3425.977859280882,1731.7916145604584,2.583,0.12585303030303022,19.988600683040467,19.06563283545835,0.12977575757575757
1687.3728,3448.045711493146,1745.140744914014,2.5954,0.11864545454545447,20.317650110777628,19.06563283545835,0.12977575757575757
1687.5252,3443.0835026822842,1733.502437026884,2.6011,0.11661818181818173,20.413735587648944,19.08041217297912,0.12977575757575757
1687.6776,3422.6078520103893,1729.7572154086865,2.5984,0.12018636363636367,20.072201241880997,19.083980585608703,0.12977575757575757
1687.83,3388.4926877261637,1683.546317408134,2.5931,0.12159242424242415,19.97407473204117,19.148147057783085,0.12925
1687.9824,3347.9384585643193,1668.5644214767453,2.5877,0.12242878787878789,19.398819720097283,19.153609771257074,0.12914696969696968
1688.1348,3326.468671933576,1637.1112934897972,2.5865,0.1263424242424242,19.377754454377264,19.159205054689423,0.1290606060606061
1688.2872,3337.5417603342794,1628.6505710963684,2.5879,0.12666818181818185,19.67454794308705,19.193754962019717,0.12905454545454542
1688.4396,3355.3537597465433,1632.1713394354122,2.5898,0.12424242424242425,19.958089480490745,19.207321068620377,0.129040909090909
1688.592,3349.752395270783,1626.0717776250815,2.5903,0.12294090909090905,19.93329586473641,19.215808089070745,0.12876818181818178
1688.7444,3320.5399581446377,1636.9363297288153,2.5851,0.1264166666666666,19.267366114388757,19.221650488553518,0.12876818181818178
1688.8968,3296.082981700684,1629.1572104638076,2.5821,0.12837575757575753,18.914636646326144,19.24206907958086,0.12875454545454543
1689.0492,3276.760479344476,1617.5278888236146,2.5836,0.12682121212121206,18.727562046142804,19.267366114388757,0.12871969696969698
1689.2016,3283.127760848701,1615.814626621182,2.585,0.12914696969696968,18.864775131261723,19.267366114388757,0.12846363636363636
1689.354,3299.411886326168,1602.821133470092,2.5855,0.12764545454545448,19.28973813631549,19.267366114388757,0.12837575757575753
1689.5064,3296.949348344116,1608.8074820104393,2.5825,0.12905454545454542,19.159205054689423,19.267366114388757,0.12816060606060609
1689.6588,3293.269542442984,1607.9409493182077,2.5795,0.12846363636363636,19.083980585608703,19.28973813631549,0.12767121212121213
1689.8112,3317.5401876238775,1615.313682470031,2.5805,0.12816060606060609,19.423651890076073,19.28973813631549,0.12764545454545448
1689.9636,3353.4488923606723,1614.8121933154828,2.5818,0.1273166666666667,20.057474709226494,19.34947487735891,0.12764545454545448
1690.116,3361.718976616862,1611.4314353899529,2.5872,0.12478030303030295,20.280731664510547,19.377754454377264,0.12764545454545448
1690.2684,3357.0426304763964,1619.761085239927,2.5874,0.1231196969696969,20.10815312462319,19.398819720097283,0.12764545454545448
1690.4208,3344.081644743988,1614.4435492969385,2.5882,0.1226272727272727,19.94892613735593,19.408188722413648,0.12764545454545448
1690.5732,3314.1998458157686,1608.3032348106892,2.5881,0.12130757575757578,19.501510071919625,19.423651890076073,0.1274787878787878
1690.7256,3290.3152679048535,1597.829300666601,2.589,0.12098484848484846,19.215808089070745,19.496390867715498,0.12747272727272727
1690.878,3274.933222736289,1576.0938417028847,2.591,0.1206287878787878,19.207321068620377,19.501510071919625,0.1273166666666667
1691.0304,3258.9972595767795,1562.3085877253188,2.5881,0.12505757575757578,19.06563283545835,19.51022031929766,0.1272863636363636
1691.1828,3253.3654400368887,1552.8211367078666,2.5841,0.12871969696969698,19.043220137189167,19.523147622030464,0.12710909090909095
1691.3352,3249.221007791521,1537.2914216314252,2.5762,0.13351363636363633,19.08041217297912,19.535311809708503,0.12682121212121206
1691.4876,3228.7212124229504,1524.8714640417,2.5748,0.1327378787878787,18.85868494858892,19.56439667942437,0.12675151515151517
1691.64,3211.8492791252984,1490.8494711593019,2.5769,0.13180151515151506,18.946570316413872,19.56439667942437,0.12666818181818185
1691.7924,3201.8959257765227,1483.7474163420566,2.587,0.129040909090909,18.928550369406988,19.56439667942437,0.12666818181818185
1691.9448,3202.6495410376247,1495.069654647739,2.6001,0.12767121212121213,18.92002560321926,19.56439667942437,0.12666818181818185
1692.0972,3213.3289898571397,1506.38210805524,2.6044,0.12876818181818178,19.011860748729006,19.56439667942437,0.12666818181818185
1692.2496,3219.295493936888,1529.4333118403126,2.5982,0.1333969696969697,18.823894400416215,19.581970504468572,0.12666818181818185
1692.402,3226.85488575261,1544.287302290186,2.582,0.13950606060606063,18.675162131011625,19.6672890362406,0.12666818181818185
1692.5544,3244.824568687443,1566.417811116119,2.5744,0.14065909090909093,18.68327928409164,19.67454794308705,0.1264166666666666
1692.7068,3256.5772603723267,1585.2451538982832,2.5748,0.1383878787878787,18.679210652733175,19.744090536235998,0.1263424242424242
1692.8592,3245.401549232039,1569.5272777455657,2.5776,0.13473939393939394,18.6826425405183,19.772315264519392,0.1263030303030303
1693.0116,3199.885778355418,1489.9399722347146,2.5766,0.13559242424242424,18.756035477930087,19.80287195581773,0.1260666666666666
1693.164,3150.101076077835,1431.9802341625946,2.5716,0.1367075757575757,18.487353097523766,19.83520839846614,0.12585303030303022
1693.3164,3135.0090409217423,1411.930815390046,2.569,0.13954545454545453,18.42028708781372,19.914307191178217,0.12571060606060605
1693.4688,3138.3338001021402,1375.279353618704,2.5708,0.1381999999999999,18.83697478371948,19.93250209652962,0.12551363636363638
1693.6212,3139.8856125661355,1367.5029611284592,2.5743,0.1393393939393939,18.96091018687645,19.93250209652962,0.12551363636363638
1693.7736,3146.4037781620173,1382.5787815888405,2.5762,0.13681363636363633,18.938053116369982,19.93250209652962,0.12551363636363638
1693.926,3162.5868466269894,1433.86036796771,2.5754,0.13720606060606053,18.699159107680696,19.93250209652962,0.12529090909090912
1694.0784,3227.873236080591,1505.697494110342,2.572,0.14043636363636358,19.023366855241775,19.93250209652962,0.12529090909090912
1694.2308,3336.442091712751,1605.171094491809,2.573,0.13783333333333334,19.80287195581773,19.83520839846614,0.12529090909090912
1694.3832,3467.8608486701983,1709.9272271128937,2.5805,0.1298606060606061,20.973247809204015,19.80287195581773,0.12529090909090912
1694.5356,3535.5773268344287,1772.4825572131551,2.5921,0.11844545454545458,21.54393106990962,19.80287195581773,0.12551363636363638
1694.688,3535.2738677380744,1816.3464025257226,2.6072,0.1123696969696969,21.116605282679558,19.80287195581773,0.12551363636363638
1694.8404,3512.2248008241286,1815.156557253063,2.6095,0.1119227272727272,20.72638505269801,19.80287195581773,0.12551363636363638
1694.9928,3512.815784621059,1824.2605101465515,2.6081,0.1152969696969697,20.61087414474213,19.772315264519392,0.12551363636363638
1695.1452,3555.3440390248,1851.0263844134834,2.5958,0.11867424242424236,20.95348709712768,19.744090536235998,0.1260666666666666
1695.2976,3606.8018034009015,1889.1968681975277,2.5934,0.11765151515151515,21.39624029376585,19.67454794308705,0.1263030303030303
1695.45,3646.0507695822707,1923.2783566823196,2.5909,0.11320909090909088,21.664294065834238,19.6672890362406,0.1263424242424242
1695.6024,3629.5133737088913,1905.8123525152598,2.5954,0.10784545454545448,21.621082735473337,19.535311809708503,0.1264166666666666
1695.7548,3563.578543702942,1867.7729503826854,2.5902,0.11192121212121214,20.845042831815643,19.535311809708503,0.12666818181818185
1695.9072,3509.446605865428,1826.73140935205,2.5834,0.1169818181818181,20.323483685376075,19.535311809708503,0.12682121212121206
1696.0596,3487.118939586351,1807.2857094574765,2.5715,0.12408787878787879,20.070445171761563,19.523147622030464,0.12683636363636366
1696.212,3493.9623688331226,1820.1068058737856,2.5645,0.12710909090909095,19.97930482968224,19.501510071919625,0.12710909090909095
1696.3644,3524.457282143907,1832.227364508049,2.5619,0.12924696969696967,20.356147702430576,19.450054931963923,0.12710909090909095
1696.5168,3523.4183631594706,1826.4533727067464,2.5653,0.1260666666666666,20.436636201925378,19.450054931963923,0.12711666666666668
1696.6692,3499.425947187142,1814.9749726384186,2.5696,0.12551363636363638,20.18113242376813,19.450054931963923,0.12711666666666668
1696.8216,3501.238873400578,1798.9740889890156,2.5723,0.12399545454545458,20.43331358084033,19.450054931963923,0.127169696969697
1696.974,3505.297622538788,1797.2164372188904,2.5725,0.12408484848484852,20.529738991397476,19.450054931963923,0.127169696969697
1697.1264,3496.4192674726332,1791.8502558736302,2.5779,0.1225984848484848,20.47878064900228,19.450054931963923,0.127169696969697
1697.2788,3484.894218368411,1795.2200499221956,2.5831,0.12102272727272727,20.27062154814069,19.450054931963923,0.127169696969697
1697.4312,3457.1189087844627,1789.897298182914,2.5827,0.11924393939393936,19.83520839846614,19.501510071919625,0.127169696969697
1697.5836,3431.47795601899,1784.2852936372785,2.5774,0.12165000000000001,19.408188722413648,19.523147622030464,0.127169696969697
1697.736,3439.4585335358493,1784.4566101296014,2.5742,0.124869696969697,19.523147622030464,19.501510071919625,0.127169696969697
1697.8884,3446.4861784370732,1783.107861060329,2.5746,0.12764848484848476,19.6672890362406,19.450054931963923,0.1272863636363636
1698.0408,3451.0791415780313,1800.3437664278417,2.5744,0.12950909090909093,19.535311809708503,19.408188722413648,0.12747272727272727
1698.1932,3491.420932717982,1816.9321625009761,2.5732,0.12747272727272727,20.041016920238448,19.351506209618442,0.12764848484848476
1698.3456,3533.3067485231522,1837.0298939247832,2.572,0.1272863636363636,20.53660931656062,19.298452226247257,0.12767121212121213
1698.498,3546.247818499128,1844.327392315908,2.5738,0.12529090909090912,20.694593129636115,19.298452226247257,0.12843636363636363
1698.6504,3534.896666898616,1834.5354917614432,2.5793,0.11902424242424242,20.655379557475186,19.298452226247257,0.12866969696969696
1698.8028,3498.6386530700324,1814.0686739265122,2.5804,0.11714090909090905,20.263052598622323,19.298452226247257,0.12871969696969698
1698.9552,3465.5542328538636,1775.6763794844132,2.5789,0.11964545454545453,20.13097248963514,19.298452226247257,0.12876818181818178
1699.1076,3417.7951857080548,1733.0342598357372,2.5756,0.1226954545454545,19.772315264519392,19.298452226247257,0.12876818181818178
1699.26,3370.8610736325236,1700.654651608508,2.578,0.12376818181818183,19.351506209618442,19.298452226247257,0.12876818181818178
1699.4124,3345.990574581669,1670.5196039421633,2.5818,0.12711666666666668,19.298452226247257,19.298452226247257,0.12876818181818178
1699.5648,3332.353015134437,1654.4384055512705,2.5808,0.12866969696969696,19.23991914427586,19.298452226247257,0.12876818181818178
1699.7172,3342.7100297751244,1665.003302147297,2.5776,0.13363939393939395,19.273735108919674,19.298452226247257,0.12889848484848485
1699.8696,3379.914348889663,1680.2331158070906,2.5777,0.13110909090909087,19.744090536235998,19.298452226247257,0.12924696969696967
1700.022,3422.79618192027,1722.9226148855312,2.5786,0.12928636363636367,20.0037058972878,19.298452226247257,0.12924696969696967
1700.1744,3470.3720402781764,1760.5115187011031,2.5797,0.1263030303030303,20.40787175066178,19.298452226247257,0.12924696969696967
1700.3268,3495.0360855595845,1784.2017365527795,2.5744,0.12475909090909094,20.519966052955546,19.298452226247257,0.12924696969696967
1700.4792,3493.986400047687,1796.4728307060118,2.5759,0.11970454545454548,20.362115449521216,19.298452226247257,0.12924696969696967
1700.6316,3487.342365946697,1793.7504744787796,2.5844,0.11552878787878784,20.343110865626883,19.298452226247257,0.12924696969696967
1700.784,3490.7811539047384,1791.3037141342563,2.5941,0.1174393939393939,20.512053000203835,19.298452226247257,0.12924696969696967
1700.9364,3495.22445464522,1789.8584085762875,2.5912,0.11851818181818174,20.587437676381768,19.298452226247257,0.12924696969696967
1701.0888,3496.9327264946583,1785.4465022118916,2.5825,0.12005454545454541,20.60347650558023,19.298452226247257,0.12924696969696967
1701.2412,3499.0884920398034,1784.9550774593204,2.5759,0.12065454545454547,20.59569629779375,19.298452226247257,0.12924696969696967
1701.3936,3489.378460185825,1755.1537487043652,2.5756,0.12174545454545449,20.780822847584716,19.298452226247257,0.12924696969696967
1701.546,3465.5896960104787,1763.8572456165427,2.5841,0.118019696969697,20.316337438063663,19.298452226247257,0.12924696969696967
1701.6984,3418.4353256261525,1716.122486553381,2.5926,0.11659393939393936,20.115805954721154,19.298452226247257,0.12924696969696967
1701.8508,3314.1421884429083,1642.7511986478564,2.6005,0.11615000000000003,19.205636770168994,19.298452226247257,0.12924696969696967
1702.0032,3278.4275594430114,1607.1872061992713,2.5956,0.12073484848484842,18.958313381446175,19.273735108919674,0.12924696969696967
1702.1556,3262.3179796747318,1589.6476802513396,2.5885,0.12683636363636366,18.82722766280463,19.23991914427586,0.12924696969696967
1702.308,3258.2621746548252,1573.8761347089257,2.5812,0.12889848484848485,18.877582837329882,19.237664199143722,0.12924696969696967
1702.4604,3258.1263421866433,1550.116360440705,2.5782,0.1317575757575758,19.10851738942511,19.205636770168994,0.12928636363636367
1702.6128,3230.63763756443,1537.0394743809104,2.5738,0.1346409090909091,18.755364036181284,19.164039480725673,0.12950909090909093
1702.7652,3210.8274833348787,1531.3874128797318,2.5735,0.1381318181818181,18.484292210464343,19.119879202783075,0.13110909090909087
1702.9176,3226.16495991109,1523.0572275761306,2.574,0.13843030303030307,18.829331468193093,19.10851738942511,0.1317575757575758
1703.07,3240.619162393508,1526.104498102884,2.5757,0.13826515151515154,19.050613773355348,19.050613773355348,0.1323106060606061
1703.2224,3264.2010953493705,1545.4735826947524,2.5752,0.1379166666666666,19.237664199143722,19.03937634828681,0.1324393939393939
1703.3748,3266.2403837189495,1526.510346264432,2.5723,0.13654545454545458,19.450054931963923,18.958313381446175,0.1325606060606061
1703.5272,3247.9295514703067,1520.8768793282993,2.5672,0.13719090909090903,19.164039480725673,18.877582837329882,0.132840909090909
1703.6796,3228.7622548370523,1506.0784198430774,2.5727,0.13697424242424233,19.03937634828681,18.877582837329882,0.13324545454545453
1703.832,3192.3885413360904,1484.8649006777375,2.5852,0.12843636363636363,18.74678349876539,18.866172410358324,0.13360303030303025
1703.9844,3173.020167624576,1488.2994177175012,2.5989,0.12333484848484846,18.49033347084539,18.860803471233783,0.13363939393939395
1704.1368,3173.984986051336,1485.470606152909,2.594,0.127169696969697,18.50045156887651,18.83160191453117,0.13401969696969698
1704.2892,3192.502228362366,1500.6727917880507,2.5866,0.13876212121212125,18.59604696459899,18.829331468193093,0.13401969696969698
1704.4416,3203.147660062802,1519.8477758763058,2.5775,0.1395696969696969,18.507064947813777,18.829331468193093,0.13401969696969698
1704.594,3205.8765989940616,1513.2220757653613,2.5726,0.13955454545454543,18.585808814457586,18.82722766280463,0.13401969696969698
1704.7464,3218.646183348786,1518.584726864003,2.5692,0.13863484848484847,18.716323518992482,18.816960286581562,0.13401969696969698
1704.8988,3239.375846244428,1515.7806792666765,2.5733,0.13844242424242417,19.119879202783075,18.816960286581562,0.13401969696969698
1705.0512,3267.0876293356177,1526.3605165388276,2.5842,0.1324393939393939,19.555915434270215,18.816960286581562,0.13401969696969698
1705.2036,3260.4300601382474,1514.172264914572,2.587,0.132840909090909,19.59250819943224,18.816960286581562,0.13451060606060605
1705.356,3220.070930302579,1521.2852664420343,2.5904,0.1325606060606061,18.866172410358324,18.816960286581562,0.1346409090909091
1705.5084,3166.4308465216013,1483.065898145292,2.5863,0.13360303030303025,18.34627689429961,18.816960286581562,0.1346409090909091
1705.6608,3124.3561396980813,1430.329172802347,2.5789,0.13324545454545453,18.139499221926705,18.816960286581562,0.1346409090909091
1705.8132,3101.134844424367,1410.5305732964534,2.5653,0.1394166666666666,17.865369983012005,18.816960286581562,0.1346409090909091
1705.9656,3089.0409987088456,1386.4187366668637,2.5547,0.14762878787878786,17.830013640864184,18.816960286581562,0.1346409090909091
1706.118,3080.7701521079725,1382.8654441978858,2.555,0.1499378787878787,17.735248761570816,18.816960286581562,0.1346409090909091
1706.2704,3071.144142256042,1382.5750187563901,2.5582,0.14856818181818185,17.60870823269302,18.816960286581562,0.1346409090909091
1706.4228,3070.6274537063623,1377.4640020029267,2.563,0.1467636363636363,17.681821384584957,18.816960286581562,0.1346409090909091
1706.5752,3078.669707627384,1381.1885562546588,2.5665,0.14800303030303028,17.797731483199808,18.816960286581562,0.1346409090909091
1706.7276,3086.6948060891336,1391.9505254750238,2.5662,0.1466439393939394,17.820504930730493,18.816960286581562,0.1346409090909091
1706.88,3067.336489228094,1392.4248979093984,2.5623,0.14647575757575754,17.483658486021262,18.816960286581562,0.1346409090909091
1707.0324,3031.4603523177543,1382.5035288311858,2.5563,0.14699393939393943,16.977233220291225,18.816960286581562,0.1346409090909091
1707.1848,3005.1999424200535,1356.659448656805,2.5539,0.14727121212121208,16.797494601594753,18.816960286581562,0.1346409090909091
1707.3372,2984.5455764980748,1337.8437277382673,2.552,0.14629696969696965,16.641790660600083,18.816960286581562,0.1346409090909091
1707.4896,2973.121924335608,1332.983468905799,2.5468,0.1508727272727272,16.47862983708351,18.816960286581562,0.1346409090909091
1707.642,2958.3386715428787,1320.3613319534807,2.5407,0.15782121212121206,16.329830014734625,18.816960286581562,0.1346409090909091
1707.7944,2939.888538871538,1322.328964904487,2.5396,0.16085454545454542,16.028785542576536,18.816960286581562,0.1346409090909091
1707.9468,2932.768589355628,1307.5675040303797,2.5384,0.1599181818181817,16.046464873300955,18.816960286581562,0.1346409090909091
1708.0992,2927.8442018022383,1301.8753326231677,2.5394,0.15851515151515144,16.02979107637266,18.816960286581562,0.1346409090909091
1708.2516,2920.939147101102,1285.939759122557,2.5441,0.16154090909090912,16.09659892839048,18.816960286581562,0.1346409090909091
1708.404,2921.650310664982,1261.5690392415022,2.5502,0.15794242424242427,16.35689426584182,18.816960286581562,0.1346409090909091
1708.5564,2924.2879963158575,1243.5146914651564,2.5518,0.1618075757575757,16.56038728836024,18.816960286581562,0.1346409090909091
1708.7088,2901.6495039683487,1227.4464764070933,2.5447,0.16335909090909084,16.31340169903453,18.816960286581562,0.1346409090909091
1708.8612,2885.442808497667,1229.004506349857,2.5374,0.16757121212121215,16.015673216650093,18.816960286581562,0.1346409090909091
1709.0136,2920.9867338519175,1268.2134043665985,2.5347,0.16578939393939393,16.190843659998798,18.816960286581562,0.1346409090909091
1709.166,3009.1429372512744,1324.238030917135,2.5319,0.1658878787878788,17.006264401128817,18.816960286581562,0.1346409090909091
1709.3184,3129.482331464337,1398.132429011982,2.5333,0.16341363636363632,18.207571748860957,18.816960286581562,0.1346409090909091
1709.4708,3207.7322343412575,1467.7322813943265,2.5389,0.15806666666666666,18.83160191453117,18.816960286581562,0.1346409090909091
1709.6232,3214.7286887113246,1488.9661162507366,2.5562,0.14607424242424238,18.860803471233783,18.816960286581562,0.1346409090909091
1709.7756,3162.022532522771,1449.8661680294044,2.5742,0.13401969696969698,18.522837896662665,18.816960286581562,0.1346409090909091
1709.928,3143.8464466180444,1422.2773048778324,2.5818,0.12911666666666669,18.55438153250371,18.816960286581562,0.1346409090909091
1710.0804,3137.2775059878977,1413.75732447354,2.5805,0.1323106060606061,18.52170335039456,18.816960286581562,0.1346409090909091
1710.2328,3125.547970701064,1411.3064725163345,2.5772,0.13451060606060605,18.332488262622316,18.816960286581562,0.1346409090909091
1710.3852,3117.3039003117306,1411.5803308692427,2.5736,0.13810151515151514,18.171773276198728,18.829331468193093,0.13451060606060605
1710.5376,3105.352760126782,1409.8892071315972,2.5703,0.13880151515151512,17.973676936887752,18.83160191453117,0.13401969696969698
1710.69,3099.214519942043,1412.9761087435315,2.5674,0.14138030303030297,17.825788527108674,18.860803471233783,0.13376060606060602
1710.8424,3104.0940841954975,1408.409703055667,2.5672,0.143140909090909,17.946207292493405,18.860803471233783,0.13360303030303025
1710.9948,3120.3452035441715,1416.8908450164072,2.5645,0.14300909090909095,18.10480914477161,18.860803471233783,0.1332560606060606
1711.1472,3203.056775442391,1500.5073073425908,2.5641,0.14108030303030306,18.609066350375013,18.860803471233783,0.13324545454545453
1711.2996,3219.594740906071,1479.7984211599523,2.5659,0.13918484848484844,19.105826039564203,18.860803471233783,0.132840909090909
1711.452,3203.5718564951158,1492.6593773827824,2.5696,0.14116363636363638,18.737942774247482,18.860803471233783,0.13266666666666665
1711.6044,3212.8615655110693,1514.3573297031153,2.5692,0.14128484848484849,18.66466064022324,18.866172410358324,0.13266666666666665
1711.7568,3221.7284869291684,1514.1594775553679,2.5697,0.13933333333333328,18.816960286581562,18.878682691209885,0.13266666666666665
1711.9092,3219.9620745936754,1512.1417841288617,2.5693,0.13165454545454539,18.8057140233817,19.022182744587056,0.13266666666666665
1712.0616,3223.8923423037504,1511.379227758602,2.5693,0.1280545454545454,18.878682691209885,19.105826039564203,0.13265151515151513
1712.214,3220.3737239480433,1520.6689746111144,2.5632,0.12975303030303023,18.67947741833478,19.119879202783075,0.1325606060606061
1712.3664,3234.8514918736037,1563.3791763843574,2.5587,0.13266666666666665,18.436435424506236,19.43915074574689,0.1324393939393939
1712.5188,3304.451903312258,1579.6764876453028,2.5604,0.13265151515151513,19.43915074574689,19.555915434270215,0.1323106060606061
1712.6712,3265.3970757126453,1563.1057804144077,2.5688,0.1332560606060606,19.022182744587056,19.58299308311898,0.13165454545454539
1712.8236,3300.165657921805,1567.88026497588,2.5744,0.13885909090909093,19.60001076631117,19.58299308311898,0.13108181818181816
1712.976,3406.9874540593228,1611.073700278978,2.5744,0.13540909090909095,20.973170546494746,19.58299308311898,0.13087727272727268
1713.1284,3461.272471868644,1672.237132881405,2.5739,0.13376060606060602,21.23957678594934,19.60001076631117,0.12975303030303023
1713.2808,3493.7180702480337,1735.9341210722928,2.5748,0.1290878787878787,21.08274457432386,19.61314313467692,0.12959090909090906
1713.4332,3470.071769463369,1765.7261432902985,2.5768,0.13108181818181816,20.31638363455457,19.616048628514935,0.12911666666666669
1713.5856,3487.817242038268,1818.290282169063,2.5783,0.13087727272727268,19.998918390451543,19.616048628514935,0.12911666666666669
1713.738,3592.810136250959,1873.6848705479238,2.5804,0.12959090909090906,21.229874625313975,19.616048628514935,0.12911666666666669
1713.8904,3666.934548586883,1959.5930372727712,2.5821,0.12252575757575754,21.499603864220525,19.616048628514935,0.12911666666666669
1714.0428,3740.0975762989724,1991.7975580875607,2.584,0.11664999999999995,22.477319861132468,19.616048628514935,0.12911666666666669
1714.1952,3740.94220686134,1972.6265703997287,2.5787,0.11770606060606059,22.7088259584505,19.616048628514935,0.12911666666666669
1714.3476,3689.183840696975,1992.0631185983405,2.5777,0.11845909090909085,21.443860830141606,19.616048628514935,0.12911666666666669
1714.5,3582.952762153298,1935.5957195900958,2.5774,0.11465,20.21242470478324,19.616048628514935,0.12911666666666669
1714.6524,3529.4526337729717,1897.3146896850944,2.5933,0.1047818181818181,19.85767224790634,19.616048628514935,0.12911666666666669
1714.8048,3569.638398440977,1889.335050760383,2.5988,0.10441515151515143,20.745880087786098,19.616048628514935,0.12911666666666669
1714.9572,3598.5025129306428,1883.60693424432,2.6034,0.10692121212121204,21.39626911443434,19.616048628514935,0.12911666666666669
1715.1096,3596.5662703914572,1884.3801699898859,2.5924,0.10395454545454541,21.259678145658597,19.616048628514935,0.12911666666666669
1715.262,3574.662119371197,1859.8691135417146,2.5863,0.10130303030303027,21.119876947662124,19.616048628514935,0.12911666666666669
1715.4144,3540.308174069798,1839.5977026756248,2.5771,0.10639090909090901,20.67252297656706,19.616048628514935,0.12911666666666669
1715.5668,3516.6174017181584,1805.6914826812385,2.574,0.11628030303030305,20.641512543958562,19.616048628514935,0.12911666666666669
1715.7192,3475.3379846004223,1792.3634028560207,2.5687,0.12268636363636355,20.0218657652366,19.616048628514935,0.12911666666666669
1715.8716,3467.8647942320576,1789.0610188373805,2.5662,0.12159393939393942,19.9096927976537,19.616048628514935,0.12911666666666669
1716.024,3502.9530307784075,1792.1968876454837,2.5668,0.12346212121212113,20.503736212496698,19.616048628514935,0.12911666666666669
1716.1764,3547.7172627638674,1823.2303957869499,2.5677,0.12318939393939396,20.937211551742426,19.617520698469324,0.1290878787878787
1716.3288,3557.456185398557,1809.309037463026,2.5631,0.12448333333333333,21.24988185896266,19.69696528111444,0.12848181818181814
1716.4812,3542.884242534139,1804.1502558839095,2.5533,0.12565303030303024,20.96791551110451,19.85767224790634,0.1280545454545454
1716.6336,3536.1187616159414,1794.0059717797212,2.5537,0.12848181818181814,20.973178863897513,19.85767224790634,0.12788636363636363
1716.786,3530.720044481512,1803.6837044160072,2.5654,0.12788636363636363,20.852300179965503,19.85767224790634,0.12788636363636363
1716.9384,3556.25664318775,1831.1618325315994,2.5831,0.11967272727272726,21.119657483999333,19.85767224790634,0.12788636363636363
1717.0908,3577.0533436294886,1834.939708263851,2.5868,0.11595151515151506,21.48588917811211,19.85767224790634,0.12788636363636363
1717.2432,3556.891594159603,1814.3526725391057,2.5798,0.11567272727272722,21.315108160449306,19.85767224790634,0.12788636363636363
1717.3956,3536.6439476743776,1800.5713624087014,2.5688,0.11895606060606059,21.02590398618648,19.85767224790634,0.12788636363636363
1717.548,3529.8491128474698,1786.0962253481512,2.565,0.12125757575757574,21.049198294426766,19.906155241636586,0.1277818181818181
1717.7004,3523.630171430157,1796.833964406417,2.564,0.12006060606060602,20.796996781263193,19.9096927976537,0.12663636363636366
1717.8528,3520.703771126533,1801.0820674153056,2.5637,0.12195151515151516,20.68946806210375,19.93976209443912,0.12634242424242417
1718.0052,3510.149837793765,1787.3782245962711,2.5667,0.11804242424242421,20.691513633900087,19.96305404433244,0.12573030303030305
1718.1576,3490.877105778845,1779.4809730398124,2.569,0.11994545454545454,20.459908859452277,19.96305404433244,0.12565303030303024
1718.31,3479.1224119175927,1771.859179050207,2.5699,0.12052272727272723,20.349272124499272,19.96305404433244,0.12560151515151508
1718.4624,3504.076593044271,1792.0872995807883,2.5685,0.12359696969696973,20.538882469254442,19.96305404433244,0.12560151515151508
1718.6148,3543.6256591980805,1830.1766588828116,2.5691,0.12251515151515144,20.787155037601142,19.96305404433244,0.12560151515151508
1718.7672,3585.3508773993503,1873.8046656998458,2.571,0.12413939393939386,21.01333751448908,19.96305404433244,0.12560151515151508
1718.9196,3591.383507443166,1885.461901050366,2.5769,0.12560151515151508,21.022556499187797,19.96305404433244,0.12560151515151508
1719.072,3549.4400432267767,1872.7765386813148,2.5839,0.12573030303030305,20.470005493006077,19.96305404433244,0.12560151515151508
1719.2244,3515.9561889711104,1834.978372179127,2.5862,0.12378333333333336,20.35965369264548,19.96305404433244,0.12560151515151508
1719.3768,3498.5503054344613,1796.4347136254387,2.5832,0.12444242424242416,20.502730960146543,19.96305404433244,0.12560151515151508
1719.5292,3498.445900344795,1801.9690413678413,2.5769,0.12155151515151508,20.38242127774013,19.96305404433244,0.12560151515151508
1719.6816,3495.4409037687233,1791.6216997834536,2.5782,0.11830757575757578,20.466342931378893,19.998918390451543,0.12560151515151508
1719.834,3492.4410650570276,1781.3925135927614,2.5807,0.1141499999999999,20.557853299940653,20.0218657652366,0.12552424242424237
1719.9864,3474.9853498813172,1788.0818012225602,2.5833,0.1167621212121212,20.182137539203463,20.1009965269701,0.12448333333333333
1720.1388,3446.4588991684627,1754.2022005799,2.5853,0.12025606060606053,20.1009965269701,20.182137539203463,0.12444242424242416
1720.2912,3396.338684498188,1726.691086580415,2.5904,0.1197106060606061,19.58299308311898,20.182137539203463,0.12444242424242416
1720.4436,3374.0290534010946,1699.3130270630095,2.5979,0.11938787878787874,19.572195066653894,20.182137539203463,0.12444242424242416
1720.596,3374.1635163034753,1698.413476754916,2.602,0.11704545454545455,19.616048628514935,20.182137539203463,0.12444242424242416
1720.7484,3380.4991338025516,1705.7998875112278,2.599,0.12110454545454537,19.617520698469324,20.1009965269701,0.12444242424242416
1720.9008,3386.8585886533574,1713.2498629905992,2.5953,0.12027575757575756,19.61314313467692,20.0218657652366,0.12444242424242416
1721.0532,3387.5813136213446,1682.0737187570535,2.5885,0.12663636363636366,19.93976209443912,19.998918390451543,0.12444242424242416
1721.2056,3354.020863594348,1683.9127768539338,2.58,0.13206212121212116,19.26926225406091,19.96305404433244,0.12444242424242416
1721.358,3326.2363439337114,1673.3158279317477,2.5729,0.13421363636363629,18.860730248572985,19.93976209443912,0.12444242424242416
1721.5104,3321.288939061758,1665.379021251067,2.5747,0.1305681818181818,18.880216321752552,19.93976209443912,0.12444242424242416
1721.6628,3312.816622339992,1664.6859379915413,2.58,0.13156212121212116,18.782008554805646,19.93976209443912,0.12448333333333333
1721.8152,3304.3838375734895,1663.9934313750111,2.582,0.1319060606060606,18.66042476901562,19.93976209443912,0.12552424242424237
1721.9676,3293.187704136041,1649.7148721146227,2.579,0.13236515151515144,18.61094010943686,19.93976209443912,0.12560151515151508
1722.12,3286.639615868604,1626.8615769241853,2.5753,0.13003636363636362,18.73040201010222,19.9096927976537,0.12565303030303024
1722.2724,3281.1026571764432,1616.9478200116394,2.5758,0.12998484848484843,18.750813367894946,19.906155241636586,0.12573030303030305
1722.4248,3289.3103887386446,1598.6681961012007,2.5757,0.13451515151515153,19.090855295277912,19.906155241636586,0.12634242424242417
1722.5772,3284.6207976412807,1580.92844275955,2.5764,0.13760303030303028,19.210379019147947,19.69696528111444,0.12663636363636366
1722.7296,3273.7548614937473,1581.4214114497402,2.5759,0.13800454545454546,19.017730564560406,19.671556776344023,0.12725909090909082
1722.882,3262.9570869757913,1581.9138666583628,2.5732,0.13987272727272726,18.810830446842687,19.66665456041286,0.1277818181818181
1723.0344,3265.029795539292,1587.1023977847217,2.5719,0.14276666666666668,18.779741704178054,19.617520698469324,0.12788636363636363
1723.1868,3269.7372302708154,1595.9151274742446,2.5718,0.14219696969696966,18.761936199185634,19.617226417237255,0.12848181818181814
1723.3392,3283.767972919688,1629.0527229445236,2.5731,0.13745303030303024,18.641376340945346,19.616048628514935,0.1295348484848484
1723.4916,3335.916260621741,1678.594342454173,2.5749,0.13415757575757575,18.98070028045903,19.61314313467692,0.1295348484848484
1723.644,3366.8806314889503,1696.9468874553424,2.5775,0.1307196969696969,19.321919969545643,19.61314313467692,0.1295348484848484
1723.7964,3398.425217920673,1715.705175654324,2.5834,0.1277818181818181,19.69696528111444,19.61314313467692,0.1295348484848484
1723.9488,3453.3586972408257,1778.9772515034929,2.5832,0.12634242424242417,19.906155241636586,19.61314313467692,0.1295348484848484
1724.1012,3497.0490780089767,1839.032746005323,2.5859,0.12337424242424237,19.96305404433244,19.61314313467692,0.12998484848484843
1724.2536,3532.2626065733925,1944.5621162552125,2.5783,0.1242772727272727,19.169961361388832,19.58299308311898,0.13003636363636362
1724.406,3575.270110014627,2062.5365410017107,2.5626,0.1295348484848484,18.221317027616042,19.572195066653894,0.13044848484848479
1724.5584,3578.1787445851874,2195.4070758661524,2.5185,0.13974848484848484,16.060340574188068,19.554343169154162,0.1305681818181818
1724.7108,3602.700607069236,2212.821441717056,2.4598,0.14763636363636362,15.867382713884842,19.515008098687254,0.1307196969696969
1724.8632,3627.556576433974,2230.5142842925106,2.407,0.15673636363636362,15.707058428029017,19.450293037362204,0.13102272727272726
1725.0156,3836.582722538791,2279.359087299154,2.4026,0.14841969696969692,18.721211016479124,19.321919969545643,0.1314196969696969
1725.168,4035.2902549329037,2367.1267601039735,2.4407,0.12552424242424237,21.50870611798592,19.26926225406091,0.1314227272727272
1725.3204,4195.642478402353,2410.130137538726,2.4985,0.1003090909090909,24.63132758104402,19.23587588517877,0.13156212121212116
1725.4728,4159.116215095081,2451.6901218123203,2.5406,0.08635151515151512,23.58659610652417,19.210379019147947,0.13163939393939392
1725.6252,3974.4788386385067,2413.873118022398,2.5618,0.08707727272727275,20.564689299298234,19.203910964511728,0.1319060606060606
1725.7776,3782.3087719037,2357.5419685784827,2.5537,0.09683181818181813,17.608240236711023,19.169961361388832,0.13206212121212116
1725.93,3581.0752859984427,2278.8222795250663,2.5043,0.11980151515151506,14.77551749102164,19.14525419745998,0.13236515151515144
1726.0824,3438.9462924142354,2211.3909852443344,2.4301,0.14903636363636363,12.894154704572792,19.090855295277912,0.13245454545454538
1726.2348,3389.970004103999,2155.4040675473084,2.3748,0.17004393939393936,12.580600452749298,19.017730564560406,0.13245454545454538
1726.3872,3387.972918447446,2119.2229793855504,2.346,0.17902121212121208,12.880054042207883,18.98070028045903,0.13245454545454538
1726.5396,3401.7857142857147,2116.0627071023478,2.3432,0.17971969696969697,13.126256963424929,18.98070028045903,0.13245454545454538
1726.692,3428.8375588206504,2115.365129510593,2.3452,0.1795636363636363,13.58003889297942,18.98070028045903,0.13245454545454538
1726.8444,3485.3724134145673,2084.580057654232,2.3538,0.1765075757575757,14.955705086488155,18.98070028045903,0.13245454545454538
1726.9968,3577.0407498641594,2088.4250685007532,2.3859,0.16648030303030303,16.65325156207289,18.94032653156731,0.13272575757575758
1727.1492,3668.744177313006,2111.2785079744403,2.4236,0.14675606060606058,18.216636978479194,18.880216321752552,0.13290303030303027
1727.3016,3827.9675225590113,2167.505200092446,2.4721,0.12725909090909082,20.739016217698683,18.860730248572985,0.13351666666666662
1727.454,3927.7743127683593,2230.1242372360507,2.5029,0.10917575757575759,22.015856054560498,18.844999455448256,0.13415757575757575
1727.6064,4032.9196326973456,2296.4672979440293,2.5127,0.10300606060606055,23.199151101379357,18.810830446842687,0.13421363636363629
1727.7588,4033.997813594361,2407.2387754989218,2.483,0.11620606060606056,21.221556240374976,18.810830446842687,0.13436818181818175
1727.9112,3888.593331981001,2474.429675620779,2.4193,0.14795909090909093,16.832090581876855,18.810830446842687,0.13436818181818175
1728.0636,3654.3038179562036,2383.436057759226,2.3783,0.17173333333333335,13.74557465108808,18.810830446842687,0.13436818181818175
1728.216,3501.8945617231893,2181.476203801981,2.3784,0.17625303030303024,14.075722294066225,18.810830446842687,0.13436818181818175
1728.3684,3487.4540898637288,2075.2354554794592,2.4106,0.16669545454545448,15.476533560745292,18.782008554805646,0.13451515151515153
1728.5208,3508.295369004072,1996.1596194198567,2.4222,0.16398030303030298,16.943931919472742,18.779741704178054,0.13494393939393942
1728.6732,3521.7248132549958,2031.857769956103,2.4328,0.15781818181818186,16.78133518595885,18.761936199185634,0.13567424242424236
1728.8256,3498.8997062439516,1946.8673830729847,2.4613,0.15343181818181814,17.693241316235337,18.750813367894946,0.136340909090909
1728.978,3487.753385626749,1876.5676543273723,2.5027,0.14328636363636363,18.692871848237278,18.750813367894946,0.13730909090909094
1729.1304,3532.545078195806,1829.4351798944595,2.5267,0.13831363636363636,20.25511526331585,18.750813367894946,0.13745303030303024
1729.2828,3576.2349332917206,1824.619796047256,2.5363,0.13245454545454538,21.179304918269708,18.750813367894946,0.13760303030303028
1729.4352,3596.1292058076074,1872.5027153746726,2.5468,0.1314227272727272,21.029241805715685,18.750813367894946,0.1377560606060606
1729.5876,3525.439725737445,1807.2632058287795,2.5644,0.13163939393939392,20.704431007099593,18.761936199185634,0.1377560606060606
1729.74,3378.0900713189294,1744.4455890937813,2.5755,0.13272575757575758,18.94032653156731,18.779741704178054,0.13800454545454546
1729.8924,3331.653661047963,1662.0045476108685,2.5813,0.13436818181818175,19.14525419745998,18.810830446842687,0.13831363636363636
1730.0448,3313.3171870719752,1600.7310425233572,2.586,0.13494393939393942,19.554343169154162,18.844999455448256,0.13974848484848484
1730.1972,3309.5145285299045,1585.826622532682,2.5878,0.13044848484848479,19.66665456041286,18.844999455448256,0.13987272727272726
1730.3496,3315.4940608275683,1594.4449704624883,2.5874,0.1314196969696969,19.671556776344023,18.844999455448256,0.14026060606060603
1730.502,3302.532808626459,1579.8312358758526,2.5884,0.13351666666666662,19.617226417237255,18.844999455448256,0.14219696969696966
1730.6544,3281.795081614195,1553.7393479902069,2.5843,0.13730909090909094,19.515008098687254,18.94032653156731,0.1425242424242424
1730.8068,3270.438901913658,1556.8272595958379,2.5771,0.136340909090909,19.23587588517877,18.94032653156731,0.1425242424242424
1730.9592,3301.0663484011275,1604.8347225578793,2.5732,0.13102272727272726,19.203910964511728,18.94032653156731,0.1426818181818182
1731.1116,3356.3033093943463,1667.706247332655,2.574,0.12633030303030307,19.450293037362204,18.94032653156731,0.14279090909090902
1731.264,3417.1744407011483,1725.350079644605,2.5763,0.12733333333333335,19.85804472996842,18.844999455448256,0.14328636363636363
1731.4164,3506.7171811884414,1784.3803493357752,2.5671,0.12482121212121211,20.669556072302598,18.72747467325447,0.1436393939393939
1731.5688,3606.6865697073836,1907.6134303996475,2.5481,0.12592878787878792,20.782820046324563,18.721211016479124,0.14486818181818173
1731.7212,3694.232004557189,2049.1307329272718,2.5137,0.13290303030303027,20.232187508236795,18.694925727703726,0.14490757575757576
1731.8736,3726.6488403739854,2189.054440519915,2.4755,0.1467787878787879,18.562864641644904,18.694925727703726,0.14490757575757576
1732.026,3714.1743029830377,2213.6812473309456,2.4495,0.15255757575757573,17.786418484138586,18.694925727703726,0.14490757575757576
1732.1784,3701.783001188991,2238.868460601645,2.446,0.15131818181818174,17.170483167366474,18.721211016479124,0.14490757575757576
1732.3308,3679.2664643552957,2201.671045208657,2.4658,0.14486818181818173,17.442726932122326,18.72747467325447,0.14490757575757576
1732.4832,3673.3513305052065,2164.8419161123757,2.4847,0.14279090909090902,18.00112797780537,18.844999455448256,0.14486818181818173
1732.6356,3691.869408598374,2143.1825980323224,2.4908,0.14529242424242417,18.694925727703726,18.94032653156731,0.1436393939393939
1732.788,3714.8080438756856,2151.4742327785007,2.4705,0.1508939393939394,18.844999455448256,18.963680569622476,0.14328636363636363
1732.9404,3703.7847138680495,2189.3453297198603,2.4336,0.1588257575757575,17.831094058551205,18.963680569622476,0.14328636363636363
1733.0928,3649.1063400828234,2222.750522506808,2.3882,0.16678333333333334,16.068965251954896,18.963680569622476,0.14328636363636363
1733.2452,3579.800902936658,2238.3357591762224,2.3434,0.1744090909090909,14.376240039049085,18.963680569622476,0.14328636363636363
1733.3976,3524.379851370149,2238.6366056745915,2.3111,0.18104696969696965,13.264007330585377,18.963680569622476,0.14328636363636363
1733.55,3494.735538639874,2221.0482210846562,2.3138,0.18192878787878783,13.040043587539046,18.976211257632023,0.14328636363636363
1733.7024,3482.732025023567,2198.4679967109537,2.3726,0.1598606060606061,13.488405737343792,19.14525419745998,0.14328636363636363
1733.8548,3558.681466484997,2174.6187460982787,2.4683,0.118510606060606,15.695734228797692,19.203910964511728,0.14279090909090902
1734.0072,3702.7723414568372,2186.2203563797398,2.5522,0.07908636363636361,18.72747467325447,19.231236530248438,0.1426818181818182
1734.1596,3973.9502865077347,2256.0414614233932,2.5875,0.06098939393939394,23.30298216502349,19.23587588517877,0.1425242424242424
1734.312,4364.623637129086,2403.224483874427,2.5627,0.06995454545454544,29.0848227509771,19.29131201063502,0.14026060606060603
1734.4644,4606.491102127177,2572.1909699894177,2.5078,0.09799090909090905,31.09221873101344,19.355652871950774,0.13922878787878787
1734.6168,4043.9527780947255,2583.8654219804885,2.4407,0.13567424242424236,18.187461930886045,19.358920466377143,0.13831363636363636
1734.7692,3712.930084113459,2389.20156144669,2.4022,0.15924090909090904,14.833114988484391,19.360418194724726,0.1377560606060606
1734.9216,3567.20280039464,2268.9021208428585,2.3893,0.16469999999999999,14.003798897488426,19.450293037362204,0.13753181818181817
1735.074,3549.382176931112,2175.3233545370267,2.4082,0.16097272727272727,15.144539434843423,19.450293037362204,0.13753181818181817
1735.2264,3622.8008244011326,2086.1566260112522,2.4481,0.1514818181818181,17.92487360186194,19.450293037362204,0.13753181818181817
1735.3788,3720.285319519781,2060.5356716717583,2.4943,0.1426818181818182,20.40199345398466,19.450293037362204,0.13753181818181817
1735.5312,3784.516015282094,2074.765057362353,2.5313,0.131469696969697,21.72621897618095,19.450293037362204,0.13753181818181817
1735.6836,3753.7408096158824,2111.5256881509326,2.5433,0.12863333333333332,20.717337990971732,19.515008098687254,0.13745606060606058
1735.836,3721.1846259403683,2145.4544942625985,2.5411,0.12814999999999993,19.591665102382947,19.554343169154162,0.13730909090909094
1735.9884,3704.122294368349,2194.850598219204,2.5193,0.1377560606060606,18.38424687537871,19.591665102382947,0.136340909090909
1736.1408,3669.3757606912104,2239.3948344038054,2.4851,0.14506969696969693,16.843509555696276,19.61184565367439,0.1359833333333333
1736.2932,3594.1277047343906,2193.4527450542964,2.4503,0.15481515151515152,15.933747209525736,19.617226417237255,0.13567424242424236
1736.4456,3630.853679455658,2121.4901101532237,2.4201,0.1567666666666666,17.381492314922742,19.66665456041286,0.13555151515151506
1736.598,3704.0322668847602,2090.086284631626,2.4035,0.15869696969696961,18.976211257632023,19.66665456041286,0.13537121212121217
1736.7504,3779.335417258221,2092.9825344452875,2.4142,0.15560454545454538,20.382145062841513,19.66665456041286,0.13510606060606062
1736.9028,3788.076507214497,2106.9760400601954,2.4527,0.15193787878787873,20.677224698516458,19.617226417237255,0.13494393939393942
1737.0552,3796.858124815483,2121.1579239653965,2.4914,0.14026060606060603,20.97023928876792,19.617226417237255,0.13494393939393942
1737.2076,3760.340009746288,2155.026131812937,2.5042,0.13753181818181817,19.903315198223467,19.617226417237255,0.13494393939393942
1737.36,3727.9478674376965,2149.585175196834,2.4935,0.1425242424242424,19.29131201063502,19.617226417237255,0.13494393939393942
1737.5124,3717.970924686693,2153.664833790493,2.4825,0.14490757575757576,18.963680569622476,19.66665456041286,0.13494393939393942
1737.6648,3735.4497613871167,2151.4134885437943,2.4712,0.14763181818181814,19.231236530248438,19.66665456041286,0.13494393939393942
1737.8172,3753.098337825641,2149.168360687988,2.474,0.14628333333333327,19.61184565367439,19.66665456041286,0.1345378787878788
1737.9696,3782.9659793699275,2140.0917543275773,2.4818,0.14551969696969702,20.361120634331012,19.671556776344023,0.1345378787878788
1738.122,3785.7757673089322,2155.2928065688347,2.4918,0.1436393939393939,20.27922039454986,19.702208913199755,0.1345378787878788
1738.2744,3755.3687727780125,2176.996687365277,2.4873,0.14770303030303034,19.360418194724726,19.734792995350983,0.1345378787878788
1738.4268,3719.436373598347,2193.999038325881,2.4655,0.15450909090909087,18.284224998419468,19.77572864533988,0.1344772727272727
1738.5792,3684.18062638323,2211.269056597751,2.4271,0.16234545454545457,17.11972565357903,19.80213767784882,0.13290303030303027
1738.7316,3616.979869276082,2215.815162631237,2.3916,0.1682530303030303,15.63172303577094,19.8241622864933,0.13290303030303027
1738.884,3560.4814593301444,2194.6451522319066,2.3858,0.167260606060606,14.923350212834308,19.844575928038097,0.13290303030303027
1739.0364,3526.989920075724,2128.403927491814,2.4149,0.16444242424242428,15.454201310611902,19.8241622864933,0.13290303030303027
1739.1888,3552.4020088320544,2085.179015491758,2.4648,0.15617121212121213,16.815517942572892,19.80213767784882,0.13290303030303027
1739.3412,3578.182945168573,2043.674833096536,2.5001,0.14667424242424235,18.08718368637338,19.77572864533988,0.13290303030303027
1739.4936,3643.792939792538,2007.5269086324977,2.516,0.13745606060606058,19.885645300906152,19.734792995350983,0.13244393939393936
1739.646,3712.8215372883974,2016.5638757193271,2.5193,0.13510606060606062,21.06891584605626,19.734792995350983,0.1323833333333333
1739.7984,3738.8175866717534,2048.0650220328257,2.5301,0.1359833333333333,21.217409745763838,19.734792995350983,0.13230757575757576
1739.9508,3699.7744691284897,2026.0865287846539,2.5448,0.13922878787878787,20.905436043018067,19.734792995350983,0.13230757575757576
1740.1032,3667.516965875728,1977.0037107736973,2.5517,0.1345378787878788,21.024194077534993,19.734792995350983,0.13230757575757576
1740.2556,3637.895701721198,1944.6303511627273,2.5524,0.13022575757575755,20.90969181455819,19.734792995350983,0.13230757575757576
1740.408,3632.636521822039,1944.9517399277918,2.553,0.1247439393939394,20.81273272918481,19.734792995350983,0.13230757575757576
1740.5604,3643.984615881222,1988.490502152567,2.5548,0.12824848484848478,20.455000863647175,19.734792995350983,0.13230757575757576
1740.7128,3640.6897243682542,2001.5983892649183,2.5576,0.1322,20.237675453188587,19.77572864533988,0.1322
1740.8652,3627.504769430894,1972.1160391006945,2.5598,0.1323833333333333,20.40963171535805,19.80213767784882,0.13196666666666665
1741.0176,3599.734980141226,1914.0198183941825,2.5658,0.13196515151515154,20.71489078461771,19.8241622864933,0.13196515151515154
1741.17,3549.369777256086,1838.9561872308386,2.5684,0.1344772727272727,20.775820144092307,19.844575928038097,0.131469696969697
1741.3224,3514.7925718871948,1804.8799263362657,2.5704,0.13537121212121217,20.58970448785997,19.85256511953356,0.13022575757575755
1741.4748,3464.136301488965,1792.928520504561,2.567,0.13555151515151506,19.80213767784882,19.8619305660369,0.12966969696969696
1741.6272,3440.7514565057636,1794.0387060319256,2.565,0.13230757575757576,19.358920466377143,19.885645300906152,0.12966969696969696
1741.7796,3428.3554691717954,1778.6512828113894,2.5686,0.13196666666666665,19.355652871950774,19.885645300906152,0.12966969696969696
1741.932,3451.3057893163514,1776.7684033683984,2.5787,0.1255560606060606,19.8619305660369,19.8619305660369,0.12966969696969696
1742.0844,3570.3617802611006,1810.4073475928649,2.5883,0.11469696969696973,21.683181858835756,19.85256511953356,0.13022575757575755
1742.2368,3698.477047722245,1835.220334819332,2.5967,0.09735151515151519,23.858533878168533,19.85256511953356,0.13022575757575755
1742.3892,3789.885184383883,1928.5231612594625,2.5956,0.10008484848484842,24.40978619715891,19.8619305660369,0.12966969696969696
1742.5416,3728.7733338879193,1884.6493210501358,2.5918,0.11168636363636357,23.76131092888159,19.885645300906152,0.1295954545454545
1742.694,3539.4078459196367,1847.2245874804476,2.5827,0.13244393939393936,20.60415127599037,19.903315198223467,0.12934848484848477
1742.8464,3445.773162310839,1771.9251024466869,2.5789,0.1295954545454545,19.8241622864933,19.92177295832156,0.12898181818181811
1742.9988,3421.877789116678,1720.1232980768257,2.5746,0.12934848484848477,19.98957730189539,19.98428702870511,0.12863333333333332
1743.1512,3434.6641905832957,1737.9156985446098,2.5765,0.12602272727272731,20.018847106362163,19.98428702870511,0.12824848484848478
1743.3036,3459.551733805201,1763.6449588280325,2.5795,0.11981363636363636,20.174888952673765,19.98428702870511,0.12814999999999993
1743.456,3504.000055181103,1822.9675974686588,2.5866,0.11286212121212125,20.297227566994394,19.98428702870511,0.12653636363636359
1743.6084,3543.555623243772,1854.513196370314,2.5864,0.1120227272727273,20.616610450908606,19.98957730189539,0.12602272727272731
1743.7608,3565.5711815750747,1879.0306224042345,2.5808,0.11631969696969696,20.660912038760102,20.018847106362163,0.1255560606060606
1743.9132,3550.808717654789,1854.2672480921976,2.5733,0.11829242424242417,20.647729921004714,20.059463638342855,0.12538030303030306
1744.0656,3504.797824449645,1850.0915941015583,2.5706,0.12031060606060598,19.844575928038097,20.1097171026,0.12482878787878789
1744.218,3446.7511995214354,1822.3910152774722,2.5712,0.12287878787878781,19.16044993516239,20.133548702361175,0.1247439393939394
1744.3704,3418.707553571529,1805.23268726772,2.572,0.12653636363636359,18.88467319580718,20.150426685510602,0.1236651515151515
1744.5228,3422.753901973137,1794.8690770203762,2.574,0.12538030303030306,19.09866198741166,20.150426685510602,0.12350606060606062
1744.6752,3454.6855873418876,1796.099141372684,2.581,0.12340909090909088,19.702208913199755,20.150426685510602,0.12341363636363636
1744.8276,3481.908469673811,1803.6399442339145,2.5858,0.12250454545454548,20.133548702361175,20.150426685510602,0.12340909090909088
1744.98,3483.3847803056196,1808.7904366733449,2.5811,0.12237878787878781,20.059463638342855,20.15076315305037,0.12336818181818185
1745.1324,3465.8852505432505,1801.6015812482124,2.5734,0.12211212121212121,19.77572864533988,20.174888952673765,0.12287878787878781
1745.2848,3450.0400693630104,1786.129718256789,2.5681,0.12336818181818185,19.643646826525252,20.237675453188587,0.12255151515151516
1745.4372,3441.979273593311,1777.3226919441452,2.5696,0.12341363636363636,19.61988971086358,20.27922039454986,0.12250454545454548
1745.5896,3445.0059281680096,1774.802692948653,2.5736,0.12255151515151516,19.734792995350983,20.297227566994394,0.12237878787878781
1745.742,3445.8939257075217,1770.2116587719565,2.5796,0.12103333333333327,19.85256511953356,20.297227566994394,0.12211212121212121
1745.8944,3440.673776037875,1758.457818646922,2.5821,0.11997575757575754,19.92177295832156,20.40963171535805,0.12211212121212121
1746.0468,3413.087758235138,1700.6859656581958,2.5858,0.11770454545454548,20.150426685510602,20.40963171535805,0.12211212121212121
1746.1992,3401.7249691969787,1688.9636091512127,2.5887,0.11887575757575762,20.1097171026,20.40963171535805,0.12211212121212121
1746.3516,3387.6001387048877,1670.6358885256145,2.5986,0.11772575757575762,20.15076315305037,20.40963171535805,0.12211212121212121
1746.504,3361.2296277835185,1648.7020528179662,2.6043,0.11739848484848488,19.98428702870511,20.40963171535805,0.12211212121212121
1746.6564,3327.6780274991975,1627.6956038334156,2.6065,0.11843181818181814,19.655400376968384,20.40963171535805,0.12211212121212121
1746.8088,3287.6889639141623,1599.2343822799796,2.6012,0.12068787878787877,19.24583983229444,20.40963171535805,0.12211212121212121
1746.9612,3260.3498458072736,1576.6824800470524,2.5963,0.1217227272727273,18.992741758573416,20.40963171535805,0.12211212121212121
1747.1136,3253.7335738761913,1564.362106715363,2.5919,0.12350606060606062,18.982584266994603,20.40963171535805,0.12211212121212121
1747.266,3259.837264816859,1563.080930976746,2.5877,0.12482878787878789,19.06852753764791,20.40963171535805,0.12211212121212121
1747.4184,3258.3736353956874,1614.092168475636,2.5808,0.12966969696969696,18.435361651196054,20.297227566994394,0.12211212121212121
1747.5708,3251.47052234746,1570.8595250623735,2.5748,0.1332378787878787,18.749507427512494,20.237675453188587,0.12211212121212121
1747.7232,3225.71086285649,1547.5710547346637,2.5729,0.1349136363636363,18.555520695637625,20.174888952673765,0.12211212121212121
1747.8756,3211.2266506526757,1537.6287726261721,2.5708,0.13974999999999993,18.405831841690638,20.174888952673765,0.1217227272727273
1748.028,3208.6169471399307,1533.0835198551417,2.568,0.1402984848484848,18.39055037821283,20.15076315305037,0.12133181818181817
1748.1804,3275.1865932256937,1565.6526223654093,2.563,0.13271363636363628,19.116109123019836,20.150426685510602,0.12103333333333327
1748.3328,3489.466345196145,1697.103732124871,2.5638,0.11952121212121207,21.372248556877864,20.133548702361175,0.12103333333333327
1748.4852,3710.127992112327,1922.4571121136873,2.5711,0.1041590909090909,22.721482410073992,20.1097171026,0.12103333333333327
1748.6376,3825.896600374557,2024.8455457383911,2.5827,0.09659393939393937,23.68547376115077,20.059463638342855,0.12103333333333327
1748.79,3816.6839677986077,1992.8133188972054,2.59,0.0959318181818182,24.014488490241348,20.059463638342855,0.12068787878787877
1748.9424,3704.973270222372,1889.2659569522568,2.6007,0.10503939393939397,23.322364466207063,20.059463638342855,0.1206060606060606
1749.0948,3581.6686251468864,1776.3366087939153,2.6063,0.11094242424242419,22.46940178930629,20.059463638342855,0.12031060606060598
1749.2472,3420.0693439256743,1656.9044480382697,2.6116,0.11753636363636356,20.987943680190607,20.059463638342855,0.11997575757575754
1749.3996,3311.9311014018117,1590.2987601617638,2.6018,0.1206060606060606,19.76540824904006,20.059463638342855,0.11997575757575754
1749.552,3265.8379210070093,1543.099716743999,2.5933,0.12898181818181811,19.42594785894094,20.059463638342855,0.11997575757575754
1749.7044,3274.1135563124976,1552.1403037061934,2.5881,0.1332575757575758,19.43050639017802,20.059463638342855,0.11997575757575754
1749.8568,3425.785328692188,1619.8910718917011,2.5955,0.1236651515151515,21.37984900639063,20.0524280845527,0.12031060606060598
1750.0092,3715.926671405042,1760.8756312259636,2.6087,0.10181515151515155,25.236216953505675,20.018847106362163,0.1206060606060606
1750.1616,4027.287249434158,2021.7215675505731,2.6249,0.07915606060606065,28.26815653569283,20.008479961469227,0.12068787878787877
1750.314,4165.095190462916,2167.238576846668,2.6266,0.07569090909090911,29.117053162050674,19.98957730189539,0.12103333333333327
1750.4664,4024.910073367456,2194.8648228265943,2.6195,0.08174242424242423,25.60995819300895,19.98428702870511,0.12103333333333327
1750.6188,3943.951378636154,2171.5433774339026,2.6035,0.09209090909090908,24.127376385401877,19.98428702870511,0.12103333333333327
1750.7712,3927.7287599175797,2129.5653255342427,2.5995,0.08770303030303031,24.384146806414073,19.92177295832156,0.12103333333333327
1750.9236,3957.4547645262483,2120.1133231176523,2.5972,0.09109999999999999,25.110441776801384,19.89058487908018,0.12103333333333327
1751.076,3927.136668994432,2076.168406683791,2.5965,0.09746212121212125,25.121402550057372,19.889514291616546,0.12133181818181817
1751.2284,3784.906072737749,2003.2849140421201,2.5936,0.10994090909090909,23.27664372523393,19.866157830438322,0.1217227272727273
1751.3808,3672.4174700079884,1922.8791708908395,2.5915,0.11467727272727272,22.174682002023168,19.85256511953356,0.12211212121212121
1751.5332,3587.283503674376,1868.0121911084336,2.5904,0.11806060606060609,21.282666495000203,19.844575928038097,0.12237878787878781
1751.6856,3561.3550909384076,1850.8825090388407,2.5889,0.11936515151515142,21.010378463694284,19.77572864533988,0.12250454545454548
1751.838,3633.0954974885394,1868.957161147275,2.5895,0.11283333333333327,22.11963433249033,19.76882161387726,0.12255151515151516
1751.9904,3739.8818894256315,1881.8752813088663,2.594,0.10666969696969698,24.032831834542787,19.76882161387726,0.12255151515151516
1752.1428,3758.6706538829117,1912.1118610532048,2.5922,0.10166515151515147,23.98487328625379,19.76882161387726,0.12255151515151516
1752.2952,3740.304108321563,1991.844416562108,2.5888,0.10359545454545452,22.522428617556834,19.76882161387726,0.12255151515151516
1752.4476,3662.9464366188895,1927.658419939881,2.584,0.10609999999999994,21.86758394595301,19.76882161387726,0.12255151515151516
1752.6,3610.6214817763125,1929.1993949099012,2.5845,0.10929848484848488,20.86770204198036,19.76540824904006,0.12289242424242418
1752.7524,3597.3345733594247,1887.4257073821382,2.5802,0.11295151515151512,21.13437080560769,19.739035573708787,0.12336818181818185
1752.9048,3601.0150892928878,1893.7687676026367,2.5751,0.11439696969696969,21.07847112672885,19.734792995350983,0.12341363636363636
1753.0572,3617.2975179737446,1923.2310281272537,2.573,0.11138333333333332,20.97788654750283,19.734792995350983,0.12350606060606062
1753.2096,3618.3624772962003,1893.0254310079802,2.5733,0.11009242424242417,21.395668472035954,19.734792995350983,0.1236651515151515
1753.362,3570.374327040666,1855.0312549639432,2.5732,0.11482272727272727,20.9957292058106,19.72442541553627,0.12482878787878789
1753.5144,3491.0850196029924,1739.8948528110604,2.5733,0.12289242424242418,20.97590107573312,19.707404040048445,0.12700757575757574
1753.6668,3399.2514509272105,1681.310098010229,2.5755,0.12817575757575758,20.0524280845527,19.699290843757087,0.12739696969696973
1753.8192,3336.212020214293,1627.2784835131279,2.5745,0.13167878787878784,19.565162373389438,19.67008833566184,0.12739696969696973
1753.9716,3294.8786689036097,1569.2824291338725,2.5705,0.13484090909090907,19.465614175894977,19.67008833566184,0.12739696969696973
1754.124,3258.2377936342505,1556.1929638430208,2.5682,0.13573787878787874,18.97163102990398,19.67008833566184,0.12739696969696973
1754.2764,3232.12443254902,1524.2919018992136,2.5749,0.13595757575757572,18.922100539829422,19.67008833566184,0.12739696969696973
1754.4288,3219.686566470472,1523.5977701886704,2.579,0.13451515151515145,18.752548675934154,19.699290843757087,0.1277818181818182
1754.5812,3244.6104125594525,1525.8241227387343,2.582,0.13245606060606063,19.1669891515339,19.707404040048445,0.1280469696969697
1754.7336,3256.2884934858207,1533.9422466718033,2.5796,0.13048333333333328,19.259576490910767,19.72442541553627,0.1281030303030303
1754.886,3246.81550034833,1579.8615340517697,2.5783,0.1291772727272727,18.59949765541484,19.739035573708787,0.12817575757575758
1755.0384,3245.294429550067,1574.67378989574,2.5738,0.1309409090909091,18.597779161133023,19.76540824904006,0.12828939393939395
1755.1908,3262.307504591634,1575.4347951934765,2.5751,0.1325469696969697,18.88404227868378,19.76882161387726,0.12828939393939395
1755.3432,3311.9634901662503,1591.0076747328878,2.5794,0.13054393939393932,19.588036507898998,19.76882161387726,0.12817575757575758
1755.4956,3374.1709867789623,1597.5085575200042,2.5867,0.12133181818181817,20.64786298688354,19.866157830438322,0.1281030303030303
1755.648,3379.254834396557,1663.0873186318163,2.5879,0.11661818181818183,20.008479961469227,19.889514291616546,0.1280469696969697
1755.8004,3357.811869997158,1655.910672094374,2.5856,0.11831515151515151,19.699290843757087,19.89058487908018,0.1277818181818182
1755.9528,3309.3384580306833,1606.4070766237203,2.5802,0.1294515151515151,19.379872142462652,19.91065812949466,0.12739696969696973
1756.1052,3265.0262980300586,1590.9852520678112,2.5813,0.13601818181818173,18.805849389866165,19.91065812949466,0.12739696969696973
1756.2576,3342.995995643576,1617.9743788873452,2.585,0.1280469696969697,19.866157830438322,19.91065812949466,0.12739696969696973
1756.41,3502.4056056875024,1675.0510813641777,2.5967,0.1072515151515152,22.138902083294155,19.91065812949466,0.12739696969696973
1756.5624,3568.764877171496,1824.7213827652433,2.6021,0.09801515151515147,21.588596518176434,19.91065812949466,0.12739696969696973
1756.7148,3517.193630279253,1767.9158082298572,2.6039,0.10296969696969697,21.360527630427043,19.91065812949466,0.12739696969696973
1756.8672,3359.7402153628755,1707.5591987468936,2.6041,0.11830909090909093,19.270799428584862,19.91065812949466,0.12739696969696973
1757.0196,3292.565154549638,1642.4298693761732,2.6046,0.12700757575757574,18.8682888029033,19.91065812949466,0.12739696969696973
1757.172,3289.072574335954,1583.0961891945376,2.5995,0.1281030303030303,19.43492001450392,20.008479961469227,0.12739696969696973
1757.3244,3311.5532792851914,1590.9935566848874,2.5893,0.12859393939393932,19.65633725394714,20.010271553745532,0.12700757575757574
1757.4768,3334.660779225326,1597.5931274143418,2.5774,0.1314,19.889514291616546,20.0524280845527,0.12687424242424242
1757.6292,3328.361175234722,1602.6913436263835,2.5792,0.13345454545454538,19.739035573708787,20.0524280845527,0.12687424242424242
1757.7816,3326.621154822127,1604.560996217595,2.5839,0.13358030303030305,19.72442541553627,20.0524280845527,0.12687424242424242
1757.934,3336.57722786042,1622.1972789875956,2.5849,0.13407727272727263,19.707404040048445,20.0524280845527,0.12687424242424242
1758.0864,3332.0470115976664,1617.1125309774138,2.5828,0.13396363636363628,19.67008833566184,20.0524280845527,0.12687424242424242
1758.2388,3325.416195256918,1617.16057799696,2.5804,0.13364090909090906,19.537365515802172,20.0524280845527,0.12687424242424242
1758.3912,3331.9960164719546,1607.6602267075193,2.5821,0.13092575757575753,19.76882161387726,20.0524280845527,0.12687424242424242
1758.5436,3339.706679961212,1610.950233371088,2.5854,0.12902575757575757,19.89058487908018,20.0524280845527,0.12687424242424242
1758.696,3331.0856519605645,1619.7920735411112,2.5875,0.12828939393939395,19.65938462135707,20.0524280845527,0.12687424242424242
1758.8484,3302.085579051257,1607.6008719441475,2.5883,0.12739696969696973,19.303356129686588,20.0524280845527,0.12687424242424242
1759.0008,3274.180380698664,1586.9941456160848,2.5883,0.12939696969696973,19.05555622444321,20.0524280845527,0.12687424242424242
1759.1532,3259.9069942545207,1563.850828743455,2.5927,0.1331636363636364,19.098228491552682,20.0524280845527,0.12687424242424242
1759.3056,3253.4869844509367,1555.3813746142166,2.5953,0.13262575757575756,19.10027280884857,20.0524280845527,0.12687424242424242
1759.458,3255.686770461265,1551.661469008006,2.592,0.13017575757575753,19.153044677767543,20.0524280845527,0.12687424242424242
1759.6104,3249.622849710274,1543.7593477718053,2.5858,0.13200454545454546,19.08956015562304,20.0524280845527,0.12687424242424242
1759.7628,3220.727622388706,1539.201927840315,2.5841,0.132719696969697,18.642290842168485,20.0524280845527,0.12687424242424242
1759.9152,3182.29275422844,1521.8481067770174,2.5871,0.13171060606060606,18.21048900106325,20.0524280845527,0.12687424242424242
1760.0676,3156.403522579469,1523.6160487557136,2.5836,0.13292121212121205,17.74332610828217,20.0524280845527,0.12687424242424242
1760.22,3171.36284323916,1520.0660690133934,2.5816,0.13247727272727272,18.011154938874046,20.0524280845527,0.12687424242424242
1760.3724,3192.950367849253,1500.9898259679119,2.5743,0.1327393939393939,18.511717781432385,20.0524280845527,0.12687424242424242
1760.5248,3176.469116966597,1486.1036147715188,2.5707,0.133680303030303,18.36838186824348,20.0524280845527,0.12687424242424242
1760.6772,3120.370759013807,1476.8300482586196,2.5662,0.13824393939393942,17.52375267556091,20.0524280845527,0.12687424242424242
1760.8296,3056.883302878164,1451.9803239516732,2.5658,0.14236515151515153,16.76375619448193,20.0524280845527,0.12687424242424242
1760.982,3050.9014072382843,1445.7433577863812,2.5681,0.14231818181818184,16.7468392758466,20.0524280845527,0.12687424242424242
1761.1344,3096.94095795862,1462.217648794318,2.5698,0.13870303030303033,17.32114420258089,20.0524280845527,0.12687424242424242
1761.2868,3194.8915277723913,1553.200163065634,2.5754,0.13260606060606053,18.00399698268668,20.0524280845527,0.12687424242424242
1761.4392,3330.561507756559,1620.0167741894336,2.5793,0.12687424242424242,19.585572772311952,20.065950704805438,0.1266151515151515
1761.5916,3413.2597526506515,1692.8395884533677,2.592,0.12062575757575753,20.29380733001188,20.18180402780381,0.12573030303030297
1761.744,3446.139374177472,1728.643763271084,2.594,0.12356969696969698,20.470804103138345,20.2206472020359,0.12563939393939394
1761.8964,3433.406777599049,1729.9643677286724,2.5974,0.12563939393939394,20.254299613165667,20.24478800948592,0.12532878787878782
1762.0488,3421.804799956891,1728.3173571714115,2.59,0.1277818181818182,20.010271553745532,20.254299613165667,0.12467272727272723
1762.2012,3434.4552027827203,1725.9059732314702,2.5845,0.12859848484848488,20.2206472020359,20.27372353646545,0.12356969696969698
1762.3536,3467.703033557536,1737.4391924783931,2.5746,0.13004848484848475,20.59689714531571,20.27372353646545,0.12289090909090906
1762.506,3511.273977289615,1763.0481761012113,2.5677,0.13168939393939394,21.01557974203466,20.27372353646545,0.12268787878787879
1762.6584,3534.126115429568,1800.2459391105792,2.5627,0.12920454545454543,20.934354977529797,20.27372353646545,0.12266666666666665
1762.8108,3530.2579474237114,1877.1917507030232,2.5644,0.1289893939393939,19.91065812949466,20.27372353646545,0.12266666666666665
1762.9632,3560.884940657759,1946.759201598795,2.5616,0.12268787878787879,19.536656437525274,20.27372353646545,0.12266666666666665
1763.1156,3619.3893824120005,1951.0371606008273,2.5604,0.12015151515151512,20.54614700416757,20.27372353646545,0.12266666666666665
1763.268,3639.872365630434,1918.8541267954636,2.5587,0.12266666666666665,21.337858916212525,20.254299613165667,0.12268787878787879
1763.4204,3651.1127029494,1920.7102090662813,2.5625,0.1266151515151515,21.555204255892846,20.254299613165667,0.12289090909090906
1763.5728,3612.050597149703,1944.0734461763368,2.5596,0.12259393939393934,20.496459684043614,20.254299613165667,0.12324242424242422
1763.7252,3678.7868693378914,2042.7954932499952,2.5529,0.11477424242424235,20.345221483196756,20.254299613165667,0.12324242424242422
1763.8776,3855.138857092988,2156.6882099629374,2.5368,0.11120303030303029,21.969593369064615,20.254299613165667,0.12324242424242422
1764.03,3894.540743182637,2212.3283594656154,2.5227,0.11242575757575757,21.80012708540664,20.254299613165667,0.12324242424242422
1764.1824,3863.147248268048,2224.181110222477,2.5123,0.11677727272727265,20.92226150445277,20.24478800948592,0.12356969696969698
1764.3348,3775.375091194879,2159.606849524717,2.5196,0.11856515151515146,20.24478800948592,20.2206472020359,0.12424696969696973
1764.4872,3688.8177266571543,2066.178728527299,2.5351,0.12216818181818181,20.065950704805438,20.18180402780381,0.12467272727272723
1764.6396,3683.9045520635545,2012.9321645823004,2.5507,0.12289090909090906,20.8357114893264,20.18180402780381,0.12513030303030304
1764.792,3657.658522536361,1978.742797194444,2.5563,0.12199393939393943,20.854044348037668,20.18180402780381,0.12513030303030304
1764.9444,3649.250514822087,1972.0662764373667,2.559,0.11937575757575751,20.808855129465822,20.18180402780381,0.12513030303030304
1765.0968,3643.461910402873,1958.4522829655132,2.5615,0.11761818181818176,20.903806121212643,20.18180402780381,0.12513030303030304
1765.2492,3626.8659380410404,1944.5968534279264,2.5628,0.11597424242424234,20.78998196070979,20.18180402780381,0.12513030303030304
1765.4016,3590.1017784431356,1918.6077252916311,2.5649,0.1161878787878787,20.469842709823354,20.18180402780381,0.12513030303030304
1765.554,3557.0368762494268,1895.0014983443607,2.5662,0.11784393939393943,20.18180402780381,20.18180402780381,0.12513030303030304
1765.7064,3547.956781975262,1878.2339917217207,2.5714,0.11916818181818176,20.27372353646545,20.2206472020359,0.12467272727272723
1765.8588,3543.934674401002,1852.5463090992964,2.5771,0.11944090909090901,20.574456202359364,20.24478800948592,0.12424696969696973
1766.0112,3533.605773411008,1850.6105557660362,2.5761,0.12119393939393941,20.40277345647214,20.254299613165667,0.12356969696969698
1766.1636,3533.261694365908,1853.2480482525477,2.5699,0.12467272727272723,20.313946981049355,20.27372353646545,0.12324242424242422
1766.316,3547.6511941896742,1864.426581780613,2.5674,0.12573030303030297,20.413518128994582,20.29380733001188,0.12289090909090906
1766.4684,3558.7479465393867,1880.398511227793,2.5712,0.12532878787878782,20.441439904636137,20.313946981049355,0.12268787878787879
1766.6208,3574.104626988008,1894.8777996539734,2.5749,0.12195757575757574,20.56523204921986,20.345221483196756,0.12266666666666665
1766.7732,3579.943857835825,1897.8935747460603,2.5715,0.12148787878787878,20.606281516397747,20.40277345647214,0.12259393939393934
1766.9256,3592.57722626636,1925.6222103590644,2.567,0.11860151515151508,20.439951238645698,20.412397001625042,0.12216818181818181
1767.078,3625.0585741912005,1931.7144028701932,2.5644,0.11703939393939392,20.94009275357505,20.413518128994582,0.12199393939393943
1767.2304,3648.5122855990307,1953.2514138323265,2.5637,0.11495151515151517,21.08571581933077,20.439951238645698,0.12195757575757574
1767.3828,3679.835035216794,1987.1590926871502,2.5583,0.11723787878787875,21.17279150311931,20.44065230856283,0.1215318181818181
1767.5352,3682.8896667637337,1973.7148836751505,2.553,0.1155439393939394,21.367611882951206,20.441439904636137,0.12148787878787878
1767.6876,3674.1837959815425,1993.2029686168623,2.5523,0.11735606060606063,20.935196002691615,20.469842709823354,0.12119393939393941
1767.84,3669.9280222122156,1955.8822774478044,2.5595,0.11427424242424243,21.41722467021053,20.470804103138345,0.12062575757575753
1767.9924,3661.621925522995,1965.0291853252033,2.5691,0.11241515151515144,21.218253916629628,20.496459684043614,0.1203272727272727
1768.1448,3646.7967293689176,1945.8022572072248,2.5749,0.10975757575757573,21.245322626200082,20.54614700416757,0.1201984848484848
1768.2972,3604.6306731837003,1908.4602770398078,2.575,0.11262727272727265,20.95295040386278,20.56523204921986,0.12015151515151512
1768.4496,3570.5081648431465,1873.1517375817662,2.5788,0.11427575757575749,20.81160018797159,20.56523204921986,0.11944090909090901
1768.602,3573.396485222224,1874.5883193712996,2.5762,0.11581363636363633,20.82528105549253,20.56523204921986,0.11937575757575751
1768.7544,3613.125317837673,1898.7105213978696,2.5751,0.11404696969696969,21.239096140786028,20.574456202359364,0.11916818181818176
1768.9068,3643.6971093097177,1944.4417863602002,2.5689,0.1105257575757575,21.155893740066496,20.5848439615873,0.11860151515151508
1769.0592,3642.4822417040323,1922.5262297418844,2.5702,0.1085318181818182,21.434270481454533,20.59479658479864,0.11856515151515146
1769.2116,3574.284849863619,1885.8258655124027,2.5714,0.11621818181818175,20.65792456531276,20.59689714531571,0.11784393939393943
1769.364,3510.525818719579,1803.8854556408705,2.5779,0.1201984848484848,20.5848439615873,20.59689714531571,0.11761818181818176
1769.5164,3481.9800677204,1777.3320193827155,2.5834,0.1215318181818181,20.44065230856283,20.59689714531571,0.11735606060606063
1769.6688,3483.094194385911,1740.7146181764188,2.5959,0.1135939393939394,21.005578012577267,20.59689714531571,0.11735606060606063
1769.8212,3477.7489106362295,1781.895520590598,2.5966,0.11048181818181815,20.412397001625042,20.59689714531571,0.11735606060606063
1769.9736,3453.4878187508075,1765.7302348861488,2.5912,0.11021818181818174,20.13234679166065,20.59689714531571,0.11735606060606063
1770.126,3403.297446856975,1727.2664421824759,2.5781,0.11488787878787875,19.605164102169486,20.59479658479864,0.11735606060606063
1770.2784,3347.434731612172,1683.1177436945209,2.5684,0.1203272727272727,19.078431771531072,20.5848439615873,0.11735606060606063
1770.4308,3312.5609965505023,1617.8610157598137,2.5667,0.12324242424242422,19.206859082936617,20.574456202359364,0.11735606060606063
1770.5832,3312.467396974439,1617.2043375882222,2.5679,0.1276287878787879,19.221520093529655,20.574456202359364,0.11735606060606063
1770.7356,3315.5084867444925,1598.502190860532,2.571,0.12523939393939387,19.50270834416046,20.574456202359364,0.11735606060606063
1770.888,3288.56866343636,1601.6504145741783,2.574,0.12513030303030304,19.03294137920971,20.574456202359364,0.11735606060606063
1771.0404,3225.147687004073,1556.2549398840365,2.5784,0.12424696969696973,18.4931572079221,20.56523204921986,0.11735606060606063
1771.1928,3170.257822673584,1513.7323534465722,2.5806,0.128530303030303,18.052210046546627,20.496459684043614,0.11735606060606063
1771.3452,3140.9274804361853,1489.4863666550525,2.5749,0.13090757575757572,17.78569068279171,20.469842709823354,0.11735606060606063
1771.4976,3160.5798544142353,1490.2342718680147,2.5658,0.13391515151515154,18.032957534115702,20.469842709823354,0.11761818181818176
1771.65,3202.841365831105,1523.0876704853792,2.5614,0.12969848484848484,18.35276759878069,20.441439904636137,0.11784393939393943
1771.8024,3205.76532914312,1549.1890391825893,2.5662,0.12729393939393943,18.160866797625854,20.44065230856283,0.11856515151515146
1771.9548,3185.3390797630645,1542.286115326367,2.5736,0.12700151515151514,17.95049052805051,20.439951238645698,0.11860151515151508
1772.1072,3174.3287617305923,1515.2532008978174,2.5798,0.1300227272727272,18.097400373726188,20.439951238645698,0.11916818181818176
1772.2596,3166.1150895300066,1489.105056654878,2.5851,0.13081666666666658,18.270727471190764,20.439951238645698,0.11916818181818176
1772.412,3206.321755650511,1485.909454098902,2.5851,0.12956666666666658,18.965836025034708,20.413518128994582,0.11916818181818176
1772.5644,3229.460135556801,1501.4149653832228,2.5826,0.12977424242424246,19.17257735979046,20.412397001625042,0.11916818181818176
1772.7168,3191.0884040370197,1534.1939517121514,2.5764,0.13370303030303027,18.149991944344382,20.40277345647214,0.11916818181818176
1772.8692,3165.079454086099,1538.9485770027159,2.5725,0.13463484848484852,17.647121014399758,20.3777151770378,0.11944090909090901
1773.0216,3160.5929637402837,1498.5818047192543,2.5696,0.13966363636363638,17.974398206197137,20.313946981049355,0.1201984848484848
1773.174,3245.9199701818375,1540.6871828777491,2.5754,0.12805606060606053,18.98337759771429,20.298244797542242,0.1203272727272727
1773.3264,3406.5267174292794,1585.278958126375,2.5884,0.11601666666666663,21.363648722176578,20.298244797542242,0.12119393939393941
1773.4788,3566.4932174613073,1785.7153319010897,2.5949,0.10079696969696966,21.974049683152025,20.298244797542242,0.12148787878787878
1773.6312,3714.029478281214,1911.2006516140807,2.585,0.09864696969696969,23.06793095134259,20.13234679166065,0.1215318181818181
1773.7836,3796.177169880174,2021.347498681946,2.567,0.09985151515151508,23.008449238617544,19.605164102169486,0.12195757575757574
1773.936,3836.288164648252,2099.5480598812046,2.5679,0.0976287878787879,22.699305070902966,19.50270834416046,0.12195757575757574
1774.0884,3801.513121955235,2048.904830790576,2.5739,0.099710606060606,22.789707003461103,19.221520093529655,0.12195757575757574
1774.2408,3702.376541897711,2046.5496033131542,2.5884,0.10011666666666663,21.02584503264502,19.206859082936617,0.12195757575757574
1774.3932,3594.704179905038,1841.7118736034593,2.5865,0.10564242424242422,21.724948021066243,19.17257735979046,0.12324242424242422
1774.5456,3555.1118145649953,1791.0900322431462,2.5892,0.1049242424242424,21.649549218372385,19.078431771531072,0.12424696969696973
1774.698,3490.6012583571733,1730.6784906984549,2.5885,0.10688636363636367,21.201453763705896,19.03294137920971,0.12513030303030304
1774.8504,3446.2640598076064,1686.9865151773442,2.5931,0.10754242424242416,20.957878398206347,18.98337759771429,0.12523939393939387
1775.0028,3435.500396187136,1682.9272332742544,2.596,0.11261363636363632,20.836372259569686,18.965836025034708,0.12700151515151514
1775.1552,3448.4709289827692,1724.2091293705562,2.5977,0.1136984848484848,20.59479658479864,18.4931572079221,0.12729393939393943
1775.3076,3483.102154998046,1758.7571449509014,2.6018,0.10960606060606061,20.834429598939092,18.35276759878069,0.1276287878787879
1775.46,3536.6029118958886,1804.5711064957454,2.6052,0.10777575757575757,21.272997634724945,18.326750577392342,0.12805606060606053
1775.6124,3571.7006005566136,1806.5251831862765,2.6115,0.10356666666666665,21.95140075468604,18.270727471190764,0.128530303030303
1775.7648,3573.212162989119,1785.187163520333,2.6108,0.10017878787878792,22.240502428881204,18.160866797625854,0.12956666666666658
1775.9172,3490.4733439146894,1767.5139290303723,2.6115,0.10051666666666666,20.938824661998392,18.149991944344382,0.12969848484848484
1776.0696,3467.655691824615,1779.8706440468934,2.6021,0.10926515151515147,20.298244797542242,18.097400373726188,0.12977424242424246
1776.222,3475.9800427655027,1783.6421058914614,2.599,0.11215454545454537,20.3777151770378,18.052210046546627,0.1300227272727272
1776.3744,3527.8186090116783,1813.4772056981737,2.5892,0.11422424242424241,20.870431392860958,18.032957534115702,0.13081666666666658
1776.5268,3667.7552808215387,1893.5452347952605,2.5857,0.11363484848484842,22.4225286117355,17.974398206197137,0.13090757575757572
1776.6792,3818.706651164656,1982.255947743363,2.5945,0.11001818181818179,24.241457261721482,17.95049052805051,0.13370303030303027
1776.8316,3866.0137060840248,2174.372085856309,2.6118,0.09627575757575751,22.57170671465274,17.78569068279171,0.13391515151515154
1776.984,3680.0571809409744,2214.971404486625,2.6176,0.08541818181818181,18.326750577392342,17.647121014399758,0.13463484848484852
1777.1364,3460.3372466477986,2206.335832110004,2.5702,0.09903181818181821,14.093375021720474,17.40962043882793,0.13530151515151514
1777.2888,3411.219869236572,2200.1961985980247,2.4814,0.1404909090909091,12.858457429216903,17.40962043882793,0.13966363636363638
1777.4412,3515.2627912662792,2205.2152472402254,2.4099,0.17770757575757576,14.15360001975593,17.38701131447631,0.1404909090909091
1777.5936,3643.6491959585146,2309.4460739037895,2.4104,0.17605606060606055,14.85961280212314,17.343340033528158,0.14264090909090904
1777.746,3650.6054399770046,2316.257268701042,2.4526,0.14831818181818182,15.141182751730554,17.13585332281651,0.1427681818181818
1777.8984,3549.0226215260795,2289.8406352053985,2.468,0.13530151515151514,13.831662627031966,17.0295946455893,0.14312727272727266
1778.0508,3514.9222750126855,2230.2531498301337,2.4212,0.15008333333333337,13.855655442464116,17.015332525809416,0.14342121212121206
1778.2032,3541.1801610261064,2155.387301459342,2.3786,0.1640924242424242,15.093876566160318,16.997319978989083,0.14379393939393936
1778.3556,3561.4965763828845,2182.9276153234646,2.3651,0.1672833333333333,14.97272413957403,16.971102752946223,0.14391515151515147
1778.508,3571.0896392707386,2193.2759685169917,2.3839,0.16243636363636357,15.11091095359406,16.97006895424023,0.14400606060606064
1778.6604,3593.7039438778525,2197.456775419629,2.3972,0.1604060606060605,15.524953589779903,16.969007084891025,0.1442409090909091
1778.8128,3610.343491964972,2192.0424830490683,2.4018,0.15696212121212116,15.918761643603004,16.889333144987315,0.1443257575757575
1778.9652,3620.9372857938806,2176.99046781011,2.4083,0.15379242424242417,16.35750313187361,16.869341049902207,0.1449666666666667
1779.1176,3646.2383213905473,2176.0159917185742,2.4191,0.14956969696969702,16.889333144987315,16.850754376772223,0.14529848484848482
1779.27,3648.3288666839826,2176.8287718486336,2.4309,0.1493939393939394,16.997319978989083,16.84031688427508,0.1462515151515151
1779.4224,3670.6484210069957,2184.0663474643193,2.4381,0.1508121212121212,17.343340033528158,16.80706719575381,0.14626060606060604
1779.5748,3685.632924020097,2202.902656709277,2.4474,0.14784393939393936,17.40962043882793,16.8020917481061,0.1464393939393939
1779.7272,3669.826393612961,2214.0752131810113,2.4548,0.1462515151515151,17.015332525809416,16.784550470311643,0.14668636363636361
1779.8796,3671.1258962521515,2219.8803099966717,2.4569,0.14391515151515147,16.969007084891025,16.767103108580233,0.1469727272727272
1780.032,3666.8771993142655,2223.287182618096,2.4484,0.1442409090909091,16.784550470311643,16.71905302289061,0.1469742424242424
1780.1844,3663.611253344488,2237.952831179206,2.4451,0.14264090909090904,16.49008917377211,16.681693856423408,0.1469848484848485
1780.3368,3655.0969895815347,2263.2061195667834,2.4493,0.1427681818181818,15.99457745312683,16.63888532988171,0.14707575757575753
1780.4892,3607.557406677532,2296.2493087897833,2.4474,0.14379393939393936,14.64554163080546,16.61459321911308,0.14777575757575753
1780.6416,3590.5796759996606,2269.322747131332,2.427,0.14777575757575753,14.624684803970391,16.560846896507453,0.147780303030303
1780.794,3607.6598857337644,2211.8579679498303,2.3993,0.1541696969696969,15.576549011888618,16.544498921007758,0.14784393939393936
1780.9464,3659.599605224295,2187.9576190886382,2.3851,0.15847272727272727,16.71905302289061,16.49008917377211,0.14800909090909092
1781.0988,3667.6670124156785,2201.028735412227,2.3979,0.1556439393939394,16.767103108580233,16.47335342010788,0.14801818181818174
1781.2512,3675.7744994350064,2214.255358563349,2.4147,0.15365303030303035,16.84031688427508,16.47335342010788,0.14825909090909087
1781.4036,3652.2720655108333,2242.1607131954247,2.4165,0.1553075757575757,16.03600279594029,16.47335342010788,0.14831818181818182
1781.556,3626.4516812196684,2244.6325445207544,2.4034,0.15707727272727273,15.461836760776317,16.459257092779513,0.14834242424242422
1781.7084,3616.263218403078,2212.262524722832,2.3996,0.15677878787878785,15.721904910644758,16.444238093345927,0.1486363636363636
1781.8608,3649.980301123375,2174.395353300009,2.4181,0.15202272727272728,16.971102752946223,16.43836896652365,0.1487287878787878
1782.0132,3674.316671126959,2204.7877457781356,2.4413,0.14834242424242422,17.13585332281651,16.414999259148022,0.1493939393939394
1782.1656,3677.3887644190922,2229.223896578054,2.4458,0.1487287878787878,16.869341049902207,16.414999259148022,0.14956969696969702
1782.318,3688.353491411389,2228.570300498723,2.4391,0.14800909090909092,17.0295946455893,16.414999259148022,0.14956969696969702
1782.4704,3676.4971955853084,2239.3915437989135,2.4361,0.14801818181818174,16.63888532988171,16.414999259148022,0.14956969696969702
1782.6228,3677.149195985538,2231.363393780734,2.4419,0.14626060606060604,16.80706719575381,16.414999259148022,0.14956969696969702
1782.7752,3667.759694353359,2242.7975514655077,2.4369,0.14707575757575753,16.43836896652365,16.414999259148022,0.14956969696969702
1782.9276,3653.3620999640416,2247.6052827572985,2.4308,0.1469742424242424,16.07102828859058,16.414999259148022,0.14956969696969702
1783.08,3640.8636778456794,2231.8127034661925,2.4226,0.14825909090909087,16.024459856864933,16.414999259148022,0.14956969696969702
1783.2324,3643.244160709142,2233.8278340224883,2.4292,0.14990909090909094,16.081090939248146,16.414999259148022,0.14956969696969702
1783.3848,3650.1726287350502,2229.6739760178375,2.4297,0.15175757575757576,16.267243616463507,16.381667383435573,0.14956969696969702
1783.5372,3658.0931109513563,2216.0809829278883,2.4313,0.15142272727272732,16.61459321911308,16.381667383435573,0.14956969696969702
1783.6896,3667.128667128667,2213.797010502463,2.4304,0.1499454545454545,16.8020917481061,16.381667383435573,0.14956969696969702
1783.842,3662.6119181487948,2217.056203247609,2.4314,0.14984242424242422,16.681693856423408,16.381667383435573,0.14956969696969702
1783.9944,3665.1399258554698,2233.677227777916,2.4294,0.15054848484848488,16.47335342010788,16.381667383435573,0.14956969696969702
1784.1468,3668.1392978305266,2240.800806923545,2.4184,0.1514318181818181,16.349177799194294,16.381667383435573,0.14956969696969702
1784.2992,3672.1873972167036,2229.333138291064,2.4123,0.150780303030303,16.544498921007758,16.381667383435573,0.14956969696969702
1784.4516,3655.833501252195,2231.229452814402,2.4156,0.147780303030303,16.250398470433744,16.381667383435573,0.14984242424242422
1784.604,3655.5748115543993,2220.8006248551887,2.4228,0.14529848484848482,16.444238093345927,16.381667383435573,0.14990909090909094
1784.7564,3668.01128322631,2211.3556887270192,2.4301,0.14668636363636361,16.850754376772223,16.381667383435573,0.1499454545454545
1784.9088,3703.5596943834207,2208.413999373993,2.4384,0.14342121212121206,17.589555806084057,16.414999259148022,0.15008333333333337
1785.0612,3714.7899339917913,2240.4417374890295,2.4465,0.1449666666666667,17.38701131447631,16.414999259148022,0.15008333333333337
1785.2136,3714.251245699914,2264.596730154131,2.439,0.1464393939393939,16.97006895424023,16.43836896652365,0.1499454545454545
1785.366,3692.473193831825,2263.1741909040893,2.4336,0.1443257575757575,16.560846896507453,16.444238093345927,0.14990909090909094
1785.5184,3670.7943030428573,2244.832576586131,2.4298,0.14312727272727266,16.414999259148022,16.459257092779513,0.14990909090909094
1785.6708,3665.8275834282467,2244.272246127747,2.4368,0.14400606060606064,16.381667383435573,16.470011530714864,0.14990909090909094
1785.8232,3689.786747758043,2267.2616492840793,2.4346,0.1469727272727272,16.459257092779513,16.47335342010788,0.14984242424242422
1785.9756,3685.18285664542,2289.5791846604207,2.4339,0.1469848484848485,16.04185655312546,16.49008917377211,0.14956969696969702
1786.128,3652.2458076459907,2302.9653701404823,2.4268,0.1486363636363636,15.209645696962026,16.5129103670191,0.14951060606060607
1786.2804,3626.697634793452,2302.3078218793266,2.4096,0.1533484848484848,14.66347781104476,16.526727091161785,0.1493939393939394
1786.4328,3606.806071456887,2274.1024644317094,2.3872,0.1580363636363636,14.594530772397373,16.544498921007758,0.1487287878787878
1786.5852,3589.6028707401438,2254.609633722096,2.3745,0.16233484848484853,14.502407478380773,16.560846896507453,0.1486363636363636
1786.7376,3576.2685017335752,2235.466169505249,2.3699,0.1649787878787879,14.519471373703901,16.61459321911308,0.14834242424242422
1786.89,3564.616271631245,2220.7569371331983,2.3632,0.1646090909090909,14.488323887481682,16.61459321911308,0.14825909090909087
1787.0424,3565.6379192958566,2214.4017482730865,2.3597,0.16261969696969691,14.572737075362568,16.61459321911308,0.14801818181818174
1787.1948,3572.429005591883,2224.63240285115,2.3725,0.16164090909090906,14.623132845497262,16.61459321911308,0.14800909090909092
1787.3472,3560.248563285521,2250.243628739332,2.3983,0.1581227272727273,14.207308510354258,16.61459321911308,0.14800909090909092
1787.4996,3554.009162534121,2256.3838339870035,2.4009,0.15923484848484845,14.027555447021419,16.61459321911308,0.14800909090909092
1787.652,3541.649237290499,2239.7914230979227,2.3868,0.15995757575757572,13.973262415125335,16.61459321911308,0.14800909090909092
1787.8044,3543.9017102116227,2208.5452150360775,2.3709,0.1634757575757576,14.35740390975343,16.61459321911308,0.14800909090909092
1787.9568,3542.106088866422,2191.7934306600837,2.3681,0.16507424242424237,14.54306481077552,16.63888532988171,0.14800909090909092
1788.1092,3529.9104319971093,2192.9856117695986,2.3713,0.1656545454545454,14.34166935178121,16.681693856423408,0.14800909090909092
1788.2616,3520.606172611348,2177.752627878663,2.3705,0.16544696969696973,14.391761769855728,16.71905302289061,0.14800909090909092
1788.414,3514.0550673642515,2167.02286038486,2.3732,0.1650287878787878,14.446298674205075,16.760287607104956,0.14800909090909092
1788.5664,3529.1257077355936,2150.754634036539,2.3732,0.1635287878787878,14.920468828068579,16.767103108580233,0.14800909090909087
1788.7188,3572.6090595176984,2128.9718281428004,2.375,0.1619833333333333,15.960413484603299,16.8020917481061,0.147780303030303
1788.8712,3636.394004722063,2129.4165482493095,2.3866,0.16051818181818178,17.12976161933384,16.80706719575381,0.1473818181818182
1789.0236,3660.878682948449,2167.7657219911584,2.4042,0.1575348484848485,17.15738520504063,16.80706719575381,0.14725757575757575
1789.176,3641.368236946985,2224.10483064186,2.4172,0.15389545454545459,16.10831645698471,16.850754376772223,0.14707575757575753
1789.3284,3593.0134278267574,2253.197944326495,2.4014,0.15788333333333326,14.745902819756369,16.869341049902207,0.1469848484848485
1789.4808,3534.6302148261966,2227.516552903518,2.3706,0.16641666666666663,13.934001413810204,16.97006895424023,0.1469742424242424
1789.6332,3530.2252371725303,2164.834228245121,2.3477,0.17120606060606056,14.58817091837182,16.97006895424023,0.1469727272727272
1789.7856,3613.4594250473915,2093.024213982885,2.3786,0.1598924242424242,17.164188191822195,16.97006895424023,0.14673939393939384
1789.938,3675.68141200192,2092.364722236524,2.4357,0.14673939393939384,18.689890101285286,17.0295946455893,0.14668636363636361
1790.0904,3715.2653769690114,2141.5608240512456,2.4747,0.13757121212121212,19.025872568521493,17.12976161933384,0.1464393939393939
1790.2428,3722.0389153333836,2161.774186799135,2.468,0.13950151515151513,18.81245383019222,17.15738520504063,0.14626060606060604
1790.3952,3728.8371973531134,2182.3711949914295,2.4654,0.13823939393939397,18.62338867771102,17.164188191822195,0.14529848484848482
1790.5476,3727.5603435519197,2194.945432417933,2.4806,0.13748333333333335,18.532543201123676,17.21746437914451,0.14529242424242422
1790.7,3735.733615719497,2195.981239057918,2.4855,0.1373484848484848,18.70569282914775,17.35386566745006,0.1449666666666667
1790.8524,3717.0051767345726,2219.9029447944804,2.4573,0.14149393939393934,17.804372158293578,17.38701131447631,0.14452727272727267
1791.0048,3679.950547646184,2255.0116301780927,2.4226,0.14800909090909087,16.381458312782836,17.589555806084057,0.1443257575757575
1791.1572,3671.8600356343904,2234.0701562529775,2.4122,0.14951060606060607,16.470011530714864,17.612831636341355,0.14409393939393939
1791.3096,3669.2829970626476,2178.2288598172513,2.4314,0.14529242424242422,17.35386566745006,17.625208661597703,0.14400606060606064
1791.462,3657.856049923495,2150.194773220763,2.4542,0.14368333333333325,17.70818389105876,17.70818389105876,0.14368333333333325
1791.6144,3663.694922873693,2134.3850268128617,2.4705,0.14409393939393939,18.154538171135815,17.804372158293578,0.14342121212121206
1791.7668,3694.9216647513203,2165.0141386504038,2.4646,0.1473818181818182,18.244771187131924,18.154538171135815,0.14312727272727266
1791.9192,3727.4691731695602,2243.0352210986603,2.4528,0.14725757575757575,17.625208661597703,18.244771187131924,0.14149393939393934
1792.0716,3746.860713403263,2284.444864158724,2.4316,0.15053181818181816,17.21746437914451,18.532543201123676,0.13950151515151513
1792.224,3722.73445104934,2279.780189697458,2.4189,0.15213030303030306,16.760287607104956,18.62338867771102,0.13823939393939397
1792.3764,3694.6350214550657,2258.8620315529233,2.4137,0.1544560606060606,16.526727091161785,18.689890101285286,0.13757121212121212
1792.5288,3660.083000307409,2220.727812940111,2.421,0.15254393939393943,16.5129103670191,18.70569282914775,0.13748333333333335
1792.6812,3639.885405707503,2226.237760439872,2.4331,0.14452727272727267,16.157210636841953,18.81245383019222,0.1373484848484848
1792.8336,3745.1756902710217,2264.621968616262,2.4502,0.12969545454545447,17.612831636341355,19.025872568521493,0.12969545454545447
1792.986,3910.2640582844874,2302.2365230790147,2.4803,0.11532424242424236,20.39577393218896,19.639931856669843,0.12578030303030305
1793.1384,3989.142412907651,2302.803557559512,2.5148,0.10736969696969689,22.237667790168747,19.700310385546132,0.12572272727272726
1793.2908,3946.003958950166,2209.251166778893,2.5508,0.10971060606060598,23.11847761245069,19.845826658788525,0.12317575757575758
1793.4432,3744.08997608352,2105.350408222471,2.5816,0.10987727272727273,20.932153112888866,20.087755470750086,0.12153636363636368
1793.5956,3718.5832783313226,2054.36380437442,2.6005,0.10040000000000003,21.325783590364676,20.10733912918609,0.12126515151515142
1793.748,3828.8859800968276,2046.1951377355174,2.6218,0.08359545454545456,23.800215698199967,20.2109227304217,0.12092727272727269
1793.9004,3975.603775258389,2155.0398449050067,2.629,0.07191363636363633,25.273005703172334,20.27943430303345,0.12051363636363636
1794.0528,4085.418487322871,2211.652535455011,2.6304,0.06818939393939395,26.747928135741468,20.315839605657047,0.11859848484848484
1794.2052,4094.138316863202,2234.717152114,2.6142,0.07794848484848488,26.412188613262945,20.39577393218896,0.1177621212121212
1794.3576,4026.4519930144756,2202.985450032778,2.5981,0.09522727272727267,25.309276300059597,20.429879692526363,0.11728333333333327
1794.51,3900.626173355191,2128.6789200725766,2.5839,0.10788030303030305,23.70259517943081,20.536143746777157,0.1170499999999999
1794.6624,3819.725977269623,2066.1591200114426,2.5769,0.11275151515151507,22.92999971077462,20.547317187494947,0.11565303030303023
1794.8148,3756.7480957428456,2004.6208879128858,2.5724,0.11421515151515149,22.52174712907475,20.63165402592671,0.11546515151515153
1794.9672,3716.22115905134,1976.662669674895,2.5753,0.11368636363636364,22.149398050373225,20.77282167406529,0.11532424242424236
1795.1196,3707.194852739955,1962.162705003515,2.5765,0.11447272727272731,22.183279473940413,20.898015527967978,0.1152621212121212
1795.272,3712.3964566588675,1965.4739481199997,2.5808,0.11226969696969696,22.2751523354372,20.911738312598448,0.11525909090909085
1795.4244,3727.929629212879,1972.806595698272,2.5751,0.11294696969696968,22.424412433913844,20.915984803668284,0.11478030303030301
1795.5768,3764.6128858944353,2009.3439768793596,2.5678,0.11420909090909087,22.568460682260866,20.91707238323398,0.11447272727272731
1795.7292,3760.3260923204475,1990.663214790471,2.5608,0.11478030303030301,22.6794664080088,20.932153112888866,0.11447272727272731
1795.8816,3740.2628000922796,1985.1116625310176,2.564,0.11141060606060602,22.39741534139159,20.932153112888866,0.11447272727272731
1796.034,3695.0963598209187,1906.357087951986,2.5705,0.11404090909090907,22.641325530497,20.932153112888866,0.11434393939393939
1796.1864,3575.374956891395,1812.9669966250742,2.5795,0.12051363636363636,21.669967574220706,20.992705074811447,0.11421515151515149
1796.3388,3519.3866475763807,1760.8725793779176,2.5854,0.12317575757575758,21.334340024181017,21.00953981428865,0.11420909090909087
1796.4912,3462.3615850527763,1712.2017971377918,2.5889,0.12126515151515142,20.915984803668284,21.00953981428865,0.11404090909090907
1796.6436,3417.0824976541194,1694.3923285386702,2.5885,0.12153636363636368,20.315839605657047,21.060216242203754,0.11368636363636364
1796.796,3379.771931925539,1692.5462993041572,2.5831,0.12572272727272726,19.639931856669843,21.074674421764737,0.11320606060606053
1796.9484,3414.571302141389,1705.3265157572057,2.5839,0.12578030303030305,20.10733912918609,21.142415649621356,0.11315303030303023
1797.1008,3483.5519886990287,1725.6441017563864,2.5895,0.11728333333333327,21.142415649621356,21.152155885883943,0.11315303030303023
1797.2532,3536.2623516840754,1806.6301191557914,2.5966,0.10798181818181815,21.170776303372886,21.170776303372886,0.11315303030303023
1797.4056,3569.9310609769527,1841.5805691499006,2.5897,0.1048727272727272,21.293849141105937,21.170776303372886,0.11315303030303023
1797.558,3577.636952012949,1903.5628100783908,2.5773,0.10723030303030295,20.536143746777157,21.187772801777175,0.11315303030303023
1797.7104,3608.740540079752,1961.509873512216,2.5693,0.10860454545454538,20.27943430303345,21.236524315763504,0.11315303030303023
1797.8628,3630.5725655927017,1971.0549800178483,2.5681,0.11066818181818183,20.547317187494947,21.236524315763504,0.11315303030303023
1798.0152,3664.14416147239,1990.5800111284398,2.5688,0.11045606060606059,20.91707238323398,21.236524315763504,0.11315303030303023
1798.1676,3695.58917851951,1980.1375571936878,2.5648,0.10931818181818181,21.619861180533082,21.236524315763504,0.11315303030303023
1798.32,3771.0171106189764,1996.5335775287786,2.5625,0.10506515151515149,22.820877468306186,21.236524315763504,0.11315303030303023
1798.4724,3836.8386866128576,1982.0355270764394,2.563,0.10191363636363629,24.305897813055548,21.236524315763504,0.11315303030303023
1798.6248,3768.7090811298713,1938.2852026423764,2.5668,0.10531212121212113,23.598907916647963,21.236524315763504,0.11315303030303023
1798.7772,3694.7828163506265,1895.3832989867658,2.5732,0.11077272727272726,22.80228209329753,21.236524315763504,0.11315303030303023
1798.9296,3618.160602172084,1844.4110955124172,2.5777,0.11525909090909085,22.052953223098033,21.236524315763504,0.11315303030303023
1799.082,3590.072178354032,1844.8900238540407,2.5816,0.11222727272727273,21.557545760642583,21.236524315763504,0.11315303030303023
1799.2344,3566.852147659253,1817.975772252012,2.583,0.11315303030303023,21.479503981486456,21.236524315763504,0.11315303030303023
1799.3868,3525.623230248182,1804.2367599033244,2.5833,0.1130121212121212,20.898015527967978,21.236524315763504,0.11315303030303023
1799.5392,3522.2009595917575,1798.1091537206346,2.5833,0.1152621212121212,20.911738312598448,21.236524315763504,0.11315303030303023
1799.6916,3539.403735882447,1794.6735643053087,2.583,0.11565303030303023,21.265601025687776,21.236524315763504,0.11315303030303023
1799.844,3604.345080565627,1858.046015899461,2.5828,0.11236363636363628,21.66501746827494,21.236524315763504,0.11315303030303023
1799.9964,3633.104158521584,1857.4074175638345,2.5821,0.10982575757575752,22.204758811570144,21.236524315763504,0.11315303030303023
1800.1488,3622.4735980147702,1845.94700169878,2.5801,0.1111318181818182,22.134560567905073,21.236524315763504,0.11315303030303023
1800.3012,3568.5141844926516,1805.666879341998,2.5807,0.1170499999999999,21.64445902157421,21.236524315763504,0.11315303030303023
1800.4536,3500.221634768868,1787.1424249318095,2.5812,0.11859848484848484,20.63165402592671,21.236524315763504,0.11315303030303023
1800.606,3475.9522946074844,1783.9678183443166,2.5783,0.12092727272727269,20.2109227304217,21.236524315763504,0.11315303030303023
1800.7584,3466.4331449237457,1808.4792042691502,2.5734,0.1177621212121212,19.700310385546132,21.236524315763504,0.11315303030303023
1800.9108,3484.8822651734727,1824.7017199370216,2.5757,0.11546515151515153,19.845826658788525,21.22442706880312,0.11320606060606053
1801.0632,3497.053090268257,1830.65481946308,2.5883,0.10974696969696973,20.087755470750086,21.187772801777175,0.11368636363636364
1801.2156,3524.102758581618,1846.8339642945434,2.5954,0.10784545454545448,20.429879692526363,21.187772801777175,0.11404090909090907
1801.368,3558.9349350097377,1869.460389581316,2.5946,0.10428787878787882,20.77282167406529,21.170776303372886,0.11417878787878791
1801.5204,3617.7311555731226,1926.6056785564617,2.5876,0.10295909090909085,21.060216242203754,21.152155885883943,0.11420909090909087
1801.6728,3666.268525301222,1966.309531182263,2.5824,0.10233484848484853,21.398697793493827,21.142415649621356,0.11421515151515149
1801.8252,3675.982855061592,1995.120856016815,2.5778,0.1044787878787879,21.152155885883943,21.0834430663631,0.11434393939393939
1801.9776,3673.616969989153,1999.842532084088,2.5717,0.10557727272727274,20.992705074811447,21.074674421764737,0.11447272727272731
1802.13,3690.6177425721476,2006.1329221024116,2.5727,0.10577424242424234,21.236524315763504,21.060216242203754,0.11450303030303029
1802.2824,3861.0821163999717,2074.30898901256,2.5794,0.09234393939393933,23.655534846155494,21.00953981428865,0.11478030303030301
1802.4348,4079.207284757577,2143.41620318573,2.5895,0.08168333333333327,27.22674889316739,20.992705074811447,0.11494848484848486
1802.5872,4172.901604130187,2243.5998884088767,2.5826,0.08207424242424247,27.637574718333216,20.992705074811447,0.1151333333333333
1802.7396,4099.788419711805,2264.6993700747616,2.5668,0.09856212121212113,25.59043328209669,20.992705074811447,0.1151333333333333
1802.892,3900.027254127465,2170.890691950041,2.5561,0.10875454545454548,22.817088135477167,20.992705074811447,0.1151333333333333
1803.0444,3753.518923991242,2075.782402432098,2.5641,0.10968030303030306,21.3941859641636,20.992705074811447,0.1151333333333333
1803.1968,3658.3828939393034,1919.4401884678673,2.5754,0.11320606060606053,21.817323953326607,20.992705074811447,0.1151333333333333
1803.3492,3582.721128416104,1854.9928703275998,2.5766,0.12034242424242422,21.251520121370397,20.992705074811447,0.1151333333333333
1803.5016,3554.6557476847506,1863.6468413692915,2.5694,0.12172424242424243,20.567202743346318,20.992705074811447,0.1151333333333333
1803.654,3606.7207122563423,1921.6232420583308,2.5629,0.11434393939393939,20.720840913543586,20.992705074811447,0.1151333333333333
1803.8064,3698.19433962722,2024.651863503392,2.5587,0.10746666666666664,21.00953981428865,20.992705074811447,0.1151333333333333
1803.9588,3769.240376874573,2104.415751910924,2.552,0.10809696969696966,21.187772801777175,20.992705074811447,0.11494848484848486
1804.1112,3792.8326910322157,2150.7394578132594,2.5453,0.10937727272727266,20.91729118502457,20.992705074811447,0.11450303030303029
1804.2636,3808.2196573102074,2157.2148148567558,2.5398,0.11239393939393935,21.074674421764737,20.992705074811447,0.11434393939393939
1804.416,3830.8156947815196,2151.434748635766,2.5394,0.11246515151515146,21.594008617540627,21.00953981428865,0.11417878787878791
1804.5684,3805.2814510007597,2095.3119457528687,2.5446,0.11278939393939393,21.950713829447672,21.060216242203754,0.11417878787878791
1804.7208,3773.617609225059,2073.1055365792945,2.5481,0.11417878787878791,21.683909135525607,21.060216242203754,0.11417878787878791
1804.8732,3738.6616621589305,2053.396390387841,2.5467,0.11450303030303029,21.27939848010985,21.00953981428865,0.11417878787878791
1805.0256,3727.9661058409692,2063.3268030754944,2.5371,0.11571212121212116,20.858280420020467,20.992705074811447,0.11434393939393939
1805.178,3787.1116440015653,2086.339405256371,2.533,0.11525454545454544,21.627932146169215,20.91729118502457,0.11450303030303029
1805.3304,3777.07336295841,2057.120180227485,2.54,0.1151333333333333,21.90485486424653,20.954601384047333,0.11450303030303029
1805.4828,3687.1532708968925,2001.1949392353704,2.5539,0.11557121212121207,21.0834430663631,20.992705074811447,0.11450303030303029
1805.6352,3616.250347031899,1932.1748313942912,2.5651,0.11787727272727265,20.776114151175832,21.00953981428865,0.11450303030303029
1805.7876,3555.8666550004373,1874.025866229722,2.5728,0.11699393939393937,20.483494034189615,21.060216242203754,0.11450303030303029
1805.94,3543.6750980091247,1844.8408915520452,2.5766,0.11734242424242422,20.66360019422239,21.060216242203754,0.11450303030303029
1806.0924,3539.379075859763,1843.1173354618677,2.58,0.11741212121212116,20.634226543752096,21.060216242203754,0.11450303030303029
1806.2448,3502.4056056875024,1812.103639486499,2.5812,0.11709848484848484,20.361931006863575,21.00953981428865,0.11450303030303029
1806.3972,3477.12999880217,1798.8636705671554,2.5831,0.11707272727272726,20.085890321158924,21.00953981428865,0.11494848484848486
1806.5496,3467.683307678393,1768.5671994610746,2.5858,0.11730454545454547,20.309875465574816,21.00953981428865,0.1151333333333333
1806.702,3482.0834923195384,1768.8289168708443,2.5882,0.11587727272727269,20.584552813960574,21.00953981428865,0.11494848484848486
1806.8544,3507.302276984825,1753.7197500604138,2.5882,0.11527727272727267,21.22442706880312,21.00953981428865,0.11494848484848486
1807.0068,3469.040971786727,1727.2713363061896,2.5949,0.11674696969696968,20.905267539369092,21.00953981428865,0.11494848484848486
1807.1592,3393.9070016034207,1697.1670451141301,2.5948,0.11832727272727263,19.92314278060724,21.060216242203754,0.11494848484848486
1807.3116,3335.7337191461047,1661.9628610189009,2.5983,0.11971666666666662,19.34250401577761,21.074674421764737,0.11450303030303029
1807.464,3314.459328821986,1650.1453622144863,2.5912,0.12016818181818173,19.058278644313866,21.074674421764737,0.11434393939393939
1807.6164,3327.6852935525008,1650.8612588683693,2.5867,0.12043181818181817,19.24426910552509,21.060216242203754,0.11450303030303029
1807.7688,3345.9832283688443,1665.619279215279,2.581,0.1214090909090909,19.34860497959943,21.00953981428865,0.11473939393939397
1807.9212,3341.009910128149,1678.6867910811502,2.5776,0.12348939393939395,19.087200420698263,20.992705074811447,0.11494848484848486
1808.0736,3350.9455867123133,1687.6160651304635,2.578,0.12396818181818184,19.158249778241935,20.95898623404631,0.11494848484848486
1808.226,3394.5533456062926,1700.565460332693,2.5759,0.12660454545454547,19.74967061926626,20.992705074811447,0.11473939393939397
1808.3784,3423.5497088634897,1717.3437065100175,2.5725,0.12828484848484853,20.035487673231803,21.00953981428865,0.11450303030303029
1808.5308,3400.5029352766483,1719.341235082684,2.5689,0.1319257575757575,19.57991903977427,21.060216242203754,0.11434393939393939
1808.6832,3361.5076494150453,1690.2411310862963,2.5671,0.1321212121212121,19.228897382435726,21.060216242203754,0.11434393939393939
1808.8356,3327.1694826076805,1669.2122884254256,2.5679,0.1326287878787879,18.886982943067164,21.074674421764737,0.11434393939393939
1808.988,3310.7727200148593,1642.1927151943237,2.5679,0.1320787878787879,18.913833515573458,21.076061472169823,0.11434393939393939
1809.1404,3312.665402318214,1642.3298669109327,2.5649,0.1348378787878787,18.92235023169351,21.0834430663631,0.11434393939393939
1809.2928,3310.5497706618817,1640.154071165898,2.5648,0.1334181818181818,18.910097569618333,21.12901748727807,0.11434393939393939
1809.4452,3309.083368707666,1636.604089469838,2.5649,0.13493787878787872,18.925718633075583,21.12901748727807,0.11434393939393939
1809.5976,3332.108936348848,1659.2342263874857,2.5688,0.1271560606060606,19.091849932823674,21.0834430663631,0.11450303030303029
1809.75,3396.39545275244,1704.174724874745,2.5696,0.11911363636363637,19.691410319987455,21.12901748727807,0.11473939393939397
1809.9024,3470.8581150097534,1746.3095746235094,2.5713,0.11494848484848486,20.520842171072665,21.110541985855257,0.11494848484848486
1810.0548,3511.925337020394,1779.9537959500212,2.5784,0.11554696969696973,20.909033434889924,21.110541985855257,0.1151333333333333
1810.2072,3539.4489468165284,1805.0509447203149,2.5877,0.11642878787878788,21.176236701010748,21.110541985855257,0.11525454545454544
1810.3596,3617.464949874136,1875.2676316994061,2.6018,0.10275606060606061,21.847872450815462,21.110541985855257,0.11527727272727267
1810.512,3785.677025113645,1977.9774790910649,2.6179,0.08502727272727267,23.861697735859615,21.110541985855257,0.11554696969696973
1810.6644,3900.017273698555,2117.5224986765484,2.6323,0.07216363636363637,24.30033899167423,21.110541985855257,0.11557121212121207
1810.8168,3936.082564755532,2107.791984166665,2.6386,0.07130454545454547,25.248842272722026,21.110541985855257,0.11557121212121207
1810.9692,3884.024654891412,2058.7055281106514,2.6282,0.07800606060606055,24.796075952666765,21.0834430663631,0.11571212121212116
1811.1216,3800.204971685481,2010.9918385928336,2.6173,0.08465909090909082,23.685099993301684,21.076061472169823,0.11571212121212116
1811.274,3752.945840854411,1955.311383979405,2.6072,0.09341969696969687,23.430764759411634,21.076061472169823,0.11571212121212116
1811.4264,3659.4414309280432,1905.3501080823605,2.6012,0.10443787878787877,22.242946711588854,21.076061472169823,0.1157636363636364
1811.5788,3576.969386868955,1867.8496381041327,2.5983,0.10761666666666662,21.15768052881517,21.0834430663631,0.1157636363636364
1811.7312,3521.6922609426074,1789.274216840311,2.5991,0.10697424242424242,21.14016126805593,21.0834430663631,0.1157636363636364
1811.8836,3472.202444895305,1739.548299574416,2.6017,0.10788636363636357,20.86949865953657,21.110541985855257,0.1157636363636364
1812.036,3450.0830261121937,1686.741920738625,2.5989,0.11143484848484846,21.076061472169823,21.12901748727807,0.1157636363636364
1812.1884,3438.3411132193387,1659.6904851490917,2.5927,0.1157636363636364,21.12901748727807,21.110541985855257,0.1157636363636364
1812.3408,3434.1804612257592,1671.9417672775544,2.5902,0.11712121212121215,20.89361451556359,21.0834430663631,0.11579242424242421
1812.4932,3439.268365614086,1679.170463347477,2.5893,0.11719393939393932,20.893274792681158,21.076061472169823,0.11587727272727269
1812.6456,3451.1768309183776,1724.7955200586703,2.591,0.1168787878787878,20.583064824013963,20.96891554394103,0.11633484848484849
1812.798,3449.5363836681204,1708.0539112921529,2.5891,0.11990454545454537,20.73706084328809,20.96891554394103,0.11642878787878788
1812.9504,3483.5519886990287,1744.7561434249085,2.5946,0.11263787878787883,20.954601384047333,20.95898623404631,0.1166939393939394
1813.1028,3676.6213683110946,1800.5181806259989,2.5999,0.0951818181818182,23.90622885263929,20.954601384047333,0.11674696969696968
1813.2552,3976.9317084627232,1958.8084686333584,2.6081,0.0812469696969697,27.90687427871062,20.94990919321864,0.11683333333333332
1813.4076,4122.46200788786,2148.4745337394384,2.6031,0.08076212121212119,28.217871018126942,20.954601384047333,0.11683333333333332
1813.56,4103.514105156588,2227.1780017946026,2.5935,0.08727121212121206,26.518707483994838,20.95898623404631,0.11674696969696968
1813.7124,3929.658088804085,2205.7530497358234,2.5789,0.09979545454545452,23.094266143962756,20.96891554394103,0.1166939393939394
1813.8648,3705.139909146274,2063.6900240086775,2.5777,0.11360909090909085,20.749556321945317,21.076061472169823,0.11642878787878788
1814.0172,3644.6120604613398,1899.1730995339922,2.5813,0.12216818181818175,21.87407160278549,21.110541985855257,0.11633484848484849
1814.1696,3592.683090697568,1817.5497306770553,2.5865,0.11579242424242421,21.992291553655537,21.12901748727807,0.11587727272727269
1814.322,3677.6727378029286,1856.61091757878,2.583,0.10425303030303022,23.064307769661426,21.14016126805593,0.11579242424242421
1814.4744,3812.16340273105,1954.6267515809197,2.5796,0.10138333333333327,24.34756016796584,21.15768052881517,0.1157636363636364
1814.6268,3833.07993254383,2060.3782767991133,2.5806,0.101230303030303,23.308728205204353,21.15768052881517,0.1157636363636364
1814.7792,3828.6214576144725,2110.6790805250384,2.5874,0.1038696969696969,22.557955449445647,21.176236701010748,0.1156318181818181
1814.9316,3774.5475620236925,2064.864381495889,2.5959,0.1037439393939394,22.226933616389335,21.189401145950804,0.11554696969696973
1815.084,3688.54988436977,1984.1321504919972,2.6001,0.10642121212121214,21.727370930496445,21.19762767990505,0.11494848484848486
1815.2364,3592.3866860114963,1906.4882523920237,2.6007,0.11473939393939397,20.95898623404631,21.19762767990505,0.11473939393939397
1815.3888,3485.101420110225,1781.7465675950104,2.5972,0.12394999999999999,20.551914055800218,21.19762767990505,0.11473939393939397
1815.5412,3409.7010918202973,1700.6688851245037,2.5964,0.1257924242424242,20.17323694560265,21.19762767990505,0.11473939393939397
1815.6936,3441.5828571235006,1684.178885436052,2.5959,0.1166939393939394,20.929568019838484,21.19762767990505,0.11473939393939397
1815.846,3534.052356846531,1708.4732538175801,2.5983,0.10876666666666662,22.339364716166624,21.19762767990505,0.11473939393939397
1815.9984,3570.3450513588514,1787.4924788087137,2.5961,0.10983333333333335,22.03359734266764,21.19762767990505,0.11473939393939397
1816.1508,3544.458063060654,1810.518112309147,2.5956,0.11433484848484843,21.264578923275085,21.19762767990505,0.11473939393939397
1816.3032,3489.861882533173,1755.5712604690625,2.5961,0.11778333333333335,20.94990919321864,21.19762767990505,0.11473939393939397
1816.4556,3633.008889429231,1800.2544454117726,2.6036,0.11036060606060599,23.113542748366182,21.19762767990505,0.11473939393939397
1816.608,3756.8129210699526,1871.24392904744,2.6109,0.09824848484848483,24.659702119658288,21.19762767990505,0.11473939393939397
1816.7604,3769.9769818662626,1942.4071191005278,2.6126,0.0923333333333333,23.989239514128933,21.19762767990505,0.11473939393939397
1816.9128,3678.063272824688,1876.8056865734504,2.6108,0.09817878787878792,23.05758477252334,21.22309013466504,0.11473939393939397
1817.0652,3528.7416470239555,1798.127186821757,2.6028,0.11295303030303035,21.189401145950804,21.264578923275085,0.11461363636363628
1817.2176,3474.201093324701,1751.8429410730153,2.5973,0.11996969696969689,20.721609992061232,21.353913063767276,0.11433484848484843
1817.37,3476.872183881823,1715.399083544663,2.5961,0.12018333333333335,21.19762767990505,21.39337628974235,0.11368939393939394
1817.5224,3502.188293177282,1761.2236112595813,2.5968,0.1200212121212121,21.110541985855257,21.400380659785785,0.11360909090909085
1817.6748,3532.434540441624,1779.3583918523134,2.5952,0.12020606060606052,21.42754233485344,21.42754233485344,0.11342575757575751
1817.8272,3556.5139162609,1812.0002211496333,2.5874,0.1196696969696969,21.400380659785785,21.49215774347513,0.11295303030303035
1817.9796,3571.5834136978665,1818.5159287199035,2.5792,0.12005454545454537,21.52825871983391,21.52825871983391,0.11281515151515153
1818.132,3583.403480886164,1831.4996304552913,2.577,0.11792121212121211,21.565004246207735,21.52825871983391,0.11295303030303035
1818.2844,3592.2427356672697,1851.5548687145545,2.5791,0.11633484848484849,21.49215774347513,21.52825871983391,0.11342575757575751
1818.4368,3587.959148118676,1855.4852172981387,2.5828,0.11461363636363628,21.39337628974235,21.52825871983391,0.11360909090909085
1818.5892,3527.132769701837,1836.2242217734747,2.5829,0.11683333333333332,20.521243088313767,21.52825871983391,0.11368939393939394
1818.7416,3487.50995450676,1802.5562234318118,2.5802,0.11955151515151512,20.204119602104967,21.52825871983391,0.11433484848484843
1818.894,3490.773158153326,1787.5868281594192,2.583,0.11985303030303023,20.469952169957143,21.52825871983391,0.11457121212121216
1819.0464,3539.354416180702,1819.2855006884995,2.5843,0.12035909090909094,20.96891554394103,21.52825871983391,0.11461363636363628
1819.1988,3618.3324093606543,1885.3406107810804,2.5875,0.11368939393939394,21.613345581850986,21.52825871983391,0.11461363636363628
1819.3512,3677.6194894527853,1933.2913015845631,2.5869,0.1085212121212121,22.09574274530283,21.565004246207735,0.11461363636363628
1819.5036,3679.9461047263408,1947.2753478007546,2.5887,0.10362575757575762,21.968126603350232,21.613345581850986,0.11461363636363628
1819.656,3630.1963736148564,1896.019975391552,2.5835,0.10560151515151515,21.663000702930574,21.663000702930574,0.11461363636363628
1819.8084,3514.918221645116,1813.9704289492543,2.5757,0.11281515151515153,20.52145655688219,21.727370930496445,0.11461363636363628
1819.9608,3428.2166524949052,1733.3930087619376,2.572,0.12508636363636358,19.923914802685307,21.791563973259034,0.11461363636363628
1820.1132,3383.4861896483976,1681.564251974238,2.5714,0.12941818181818177,19.742611823112092,21.87407160278549,0.11461363636363628
1820.2656,3384.8350947875983,1669.4865726284172,2.571,0.12858939393939386,19.90175465251914,21.968126603350232,0.11457121212121216
1820.418,3408.2293979912915,1682.3559606898323,2.5718,0.12589696969696965,20.168738476442158,21.992291553655537,0.11457121212121216
1820.5704,3395.3171803272116,1690.455801901652,2.5756,0.12099545454545449,19.878457613026686,22.03359734266764,0.11433484848484843
1820.7228,3355.5347608300767,1667.50096422915,2.5828,0.11951363636363628,19.505824510861377,22.063242358910607,0.11457121212121216
1820.8752,3323.6683790246866,1636.5416995979522,2.5853,0.12335606060606052,19.327047463586926,22.063242358910607,0.11461363636363628
1821.0276,3513.5446685878965,1694.6966226164159,2.5909,0.12525909090909088,22.063242358910607,22.063242358910607,0.11461363636363628
1821.18,3751.6708967330437,1778.5931608191331,2.5933,0.1156318181818181,25.562615407130114,22.063242358910607,0.11461363636363628
1821.3324,3975.142318702601,2083.7606136428894,2.5946,0.10203787878787883,25.978031359223372,22.03359734266764,0.11461363636363628
1821.4848,3998.834985083086,2169.290027244233,2.5893,0.08769393939393932,25.158300646284804,21.992291553655537,0.11465151515151512
1821.6372,3932.471922434314,2209.3648655897223,2.5891,0.08080454545454538,23.187836185430243,21.992291553655537,0.11465151515151512
1821.7896,3842.444641945427,2132.263284147168,2.585,0.08579696969696969,22.4954934324117,21.992291553655537,0.11461363636363628
1821.942,3777.3916664394615,2042.3355795897774,2.5866,0.09366212121212125,22.521978791564177,21.968126603350232,0.11461363636363628
1822.0944,3738.8038281033423,1962.6782057721286,2.592,0.09942575757575753,22.919793901173225,21.968126603350232,0.11461363636363628
1822.2468,3707.73149601127,1887.7717233101412,2.6057,0.09302424242424237,23.44008699735017,21.968126603350232,0.11461363636363628
1822.3992,3630.6158110459824,1824.8415537017104,2.6235,0.08983030303030302,22.932823914703278,21.968126603350232,0.11461363636363628
1822.5516,3546.9287297736046,1762.7922444081375,2.6254,0.08860454545454544,22.151693704586584,21.968126603350232,0.11461363636363628
1822.704,3437.011243582385,1667.5611753680205,2.6184,0.0988757575757576,21.22309013466504,21.968126603350232,0.11461363636363628
1822.8564,3345.843656453867,1610.57313788049,2.6058,0.1113439393939394,20.158665095303924,22.03359734266764,0.11461363636363628
1823.0088,3327.638064773217,1585.4199620393867,2.5986,0.12332575757575762,20.06578238034265,22.063242358910607,0.11457121212121216
1823.1612,3342.886002980959,1577.58994151841,2.5967,0.12165151515151519,20.400973889698385,22.09574274530283,0.11433484848484843
1823.3136,3359.7809528638604,1606.8381295096772,2.5934,0.12170151515151514,20.346665843186667,22.09574274530283,0.11427424242424238
1823.466,3380.952856339453,1615.0312355942713,2.5902,0.12142121212121215,20.60005320950741,22.10048631577893,0.11424999999999996
1823.6184,3401.721172700965,1633.849414617699,2.5871,0.12166060606060605,20.728936242004906,22.10048631577893,0.11424999999999996
1823.7708,3410.6167755796264,1658.7403042874196,2.5882,0.12072727272727268,20.61177152220882,22.13449721613007,0.11424999999999996
1823.9232,3413.6420245316326,1678.633169637227,2.5934,0.11920151515151514,20.47715646948465,22.135246649147756,0.11417878787878788
1824.0756,3407.768325419515,1686.9164904388697,2.5952,0.11620606060606052,20.29092232739317,22.151693704586584,0.11417878787878788
1824.228,3443.4452528356455,1727.0530853508728,2.5963,0.1168727272727273,20.459792678802398,22.135246649147756,0.11424999999999996
1824.3804,3514.593982526195,1776.2568998955692,2.5955,0.1202651515151515,21.14186871244619,22.13449721613007,0.11427424242424238
1824.5328,3603.2202007305746,1890.4553094628207,2.5984,0.11873636363636367,21.353913063767276,22.10048631577893,0.11457121212121216
1824.6852,3746.777807962886,2011.2267097241627,2.6019,0.11342575757575751,22.493339043284482,22.09574274530283,0.11461363636363628
1824.8376,3835.8198624491106,2097.0288651069673,2.5999,0.1083318181818182,23.009480552101834,22.09574274530283,0.11465151515151512
1824.99,3891.4480067819463,2172.7492477711144,2.5912,0.10571818181818174,22.929309060800016,22.09574274530283,0.11465151515151512
1825.1424,3897.997288794537,2169.747119105449,2.5773,0.10583030303030296,22.98259023380727,22.09574274530283,0.11465151515151512
1825.2948,3867.235079171742,2157.9876340511755,2.5693,0.10780454545454538,22.471850568808406,22.09574274530283,0.11465151515151512
1825.4472,3823.9142680428413,2120.188535400471,2.5682,0.10848787878787874,22.160281516564634,22.09574274530283,0.11465151515151512
1825.5996,3813.8519905104154,2102.9536563657816,2.5699,0.11087272727272722,22.226846395746517,22.09574274530283,0.11465151515151512
1825.752,3803.847277029405,2085.9967204408517,2.5704,0.11457121212121216,22.278713277353184,22.09574274530283,0.11465151515151512
1825.9044,3802.675097094222,2087.6640833421807,2.5699,0.11727272727272722,22.22762052621119,22.09574274530283,0.11465151515151512
1826.0568,3821.751887052687,2090.3600658929777,2.5672,0.11629090909090903,22.539110324573468,22.09574274530283,0.11465151515151512
1826.2092,3824.8883780114097,2103.033460173114,2.5671,0.11527121212121211,22.417897610096606,22.09574274530283,0.11465151515151512
1826.3616,3813.560912502049,2105.0508789692435,2.5677,0.11613939393939396,22.171904358468172,22.09574274530283,0.11457121212121216
1826.514,3817.2479996393154,2103.8449007990193,2.573,0.11838333333333331,22.307475511023053,22.10048631577893,0.11427424242424238
1826.6664,3838.133518692013,2106.11706777095,2.5766,0.11679242424242421,22.71778799031153,22.13449721613007,0.11424999999999996
1826.8188,3852.6049954939185,2100.288789708585,2.581,0.11205909090909089,23.128206575679947,22.135246649147756,0.11417878787878788
1826.9712,3840.599980343386,2107.9523331671226,2.5793,0.10977424242424241,22.76384641184624,22.151693704586584,0.11417878787878788
1827.1236,3805.476240119558,2103.052323776221,2.5785,0.10776666666666664,22.135246649147756,22.160281516564634,0.11417878787878788
1827.276,3789.937020895634,2100.96487225334,2.5703,0.11165151515151511,21.791563973259034,22.171904358468172,0.11417878787878788
1827.4284,3827.852145443311,2099.9241464407733,2.566,0.11370454545454547,22.511201919183275,22.171904358468172,0.11424999999999996
1827.5808,3853.876382616084,2096.85863334074,2.5645,0.11565909090909095,23.054705408095227,22.171904358468172,0.11427424242424238
1827.7332,3844.1747132003516,2098.640221596578,2.57,0.11709242424242428,22.88659920469975,22.171904358468172,0.11427424242424238
1827.8856,3815.0215220784357,2082.906228217639,2.5741,0.11424999999999996,22.57414845286819,22.171904358468172,0.11427424242424238
1828.038,3775.711817061312,2059.7461538565503,2.574,0.11543030303030305,22.13449721613007,22.171904358468172,0.11427424242424238
1828.1904,3757.669751621482,2031.079244076019,2.576,0.11427424242424238,22.204359482271407,22.171904358468172,0.11427424242424238
1828.3428,3760.743659914273,2030.3513546999836,2.5709,0.11861969696969696,22.22994854192441,22.171904358468172,0.11427424242424238
1828.4952,3803.130595362127,2074.7184529461615,2.5604,0.11465151515151512,22.33827836764618,22.171904358468172,0.11427424242424238
1828.6476,3857.0804887153827,2104.9985427995653,2.5469,0.11384242424242424,22.84326005555067,22.171904358468172,0.11427424242424238
1828.8,3874.298831990421,2175.8264821211737,2.5409,0.11251060606060599,22.10048631577893,22.171904358468172,0.11424999999999996
1828.9524,3825.72852640418,2131.973943473313,2.5521,0.1127166666666667,21.886252128320216,22.171904358468172,0.11417878787878788
1829.1048,3748.5564737004574,2072.497992437558,2.5694,0.11547424242424244,21.389428676621133,22.171904358468172,0.11417878787878788
1829.2572,3714.147147491123,2006.7827677405721,2.5883,0.11099696969696972,21.807254713818672,22.171904358468172,0.11417878787878788
1829.4096,3682.351292447314,1961.892428047853,2.5877,0.11417878787878788,21.808312302577217,22.160281516564634,0.11417878787878788
1829.562,3692.933992439663,1989.6015901146568,2.5787,0.11580606060606059,21.557267097678892,22.151693704586584,0.11417878787878788
1829.7144,3819.209067864889,2080.9693712441167,2.5561,0.11120454545454549,22.525494597451484,22.135246649147756,0.11417878787878788
1829.8668,3930.696963639764,2164.17327586819,2.5363,0.10075454545454536,23.347953602364775,22.135246649147756,0.11417878787878788
1830.0192,4031.847361243206,2315.365197964484,2.5299,0.09554393939393936,23.04208922491112,22.135246649147756,0.11417878787878788
1830.1716,4164.787866366059,2336.2623481582773,2.5511,0.08981969696969697,25.68437860465333,22.135246649147756,0.11417878787878788
1830.324,4253.864135933847,2324.3240357829995,2.5823,0.08551515151515147,28.12654189225195,22.135246649147756,0.11417878787878788
1830.4764,4207.538783071558,2334.2995761040634,2.6044,0.08136818181818178,27.1850135009588,22.160281516564634,0.11417878787878788
1830.6288,4085.6649191780953,2229.786524276362,2.6006,0.09156969696969694,26.170862193703183,22.171904358468172,0.11417878787878788
1830.7812,3855.7191902989703,2126.522507789575,2.5911,0.10289848484848484,22.897826668367344,22.204359482271407,0.11384242424242424
1830.9336,3808.6669665617032,2139.890421884171,2.5843,0.10280909090909093,21.709246854595772,22.226846395746517,0.11381515151515142
1831.086,4077.7829062230344,2149.338098357604,2.5919,0.07810606060606062,27.134016407662664,22.22762052621119,0.11370454545454547
1831.2384,4260.5773585538645,2270.6227749125983,2.6046,0.06260757575757572,29.3752406476932,22.22994854192441,0.11370454545454547
1831.3908,4241.3624681167275,2293.8904095362022,2.6066,0.06650151515151519,28.602859473409925,22.22994854192441,0.11370454545454547
1831.5432,4067.5957546471086,2167.443547268829,2.5993,0.09456363636363636,26.724927830415318,22.22994854192441,0.11370454545454547
1831.6956,3907.506951593322,2054.2087353743777,2.5916,0.11694696969696963,24.988844402131598,22.22994854192441,0.11370454545454547
1831.848,3624.855951221427,1910.2915074757075,2.5939,0.12114999999999995,21.461831265788213,22.22994854192441,0.11358484848484847
1832.0004,3507.0480389641325,1842.8710576737622,2.6036,0.118110606060606,20.23297733718107,22.22994854192441,0.11342575757575751
1832.1528,3496.575696045703,1783.0494474477182,2.6068,0.11899090909090912,20.820566748034032,22.22994854192441,0.1127166666666667
1832.3052,3515.6844742390763,1812.9314113563976,2.5979,0.12278787878787872,20.72538006214411,22.22994854192441,0.1127166666666667
1832.4576,3530.2824805098985,1832.5655557038606,2.566,0.13155454545454548,20.489935197128226,22.22762052621119,0.1127166666666667
1832.61,3523.4753859581187,1908.2010071895609,2.5132,0.13985454545454545,18.999550775525343,22.226846395746517,0.11358484848484847
1832.7624,3553.623810212238,2051.1619549834554,2.4653,0.14561969696969693,17.302843716474563,22.204359482271407,0.11370454545454547
1832.9148,3600.0070866281235,2156.6149635682073,2.4251,0.15165151515151512,16.39060474582535,22.171904358468172,0.11370454545454547
1833.0672,3585.688303927082,2183.0855278189415,2.4101,0.1569969696969697,15.672102762912,22.160281516564634,0.11370454545454547
1833.2196,3573.279187055538,2139.346713140839,2.4078,0.1585939393939394,16.050198170887,22.171904358468172,0.11370454545454547
1833.372,3574.548930156739,2080.3330716991436,2.4422,0.1517696969696969,17.11254213184973,22.171904358468172,0.11370454545454547
1833.5244,3615.5296964520835,2032.3170414584677,2.4958,0.1395272727272727,18.880656060853894,22.171904358468172,0.11358484848484847
1833.6768,3678.045519433427,2012.965399185304,2.5481,0.12482878787878791,20.704108981533995,22.171904358468172,0.1127166666666667
1833.8292,3696.3152054620095,2046.9124394253606,2.5613,0.10967878787878782,20.685772681857845,22.171904358468172,0.11251060606060599
1833.9816,3790.606310464088,2123.063870927747,2.5558,0.0957454545454545,21.363495841992076,22.171904358468172,0.11205909090909089
1834.134,4004.5668879601544,2308.6991298446324,2.5504,0.08388181818181822,22.77447791990588,22.204359482271407,0.11165151515151511
1834.2864,4218.521635147704,2442.8733897513125,2.5757,0.06636515151515153,25.34252931578165,22.204359482271407,0.11120454545454549
1834.4388,4420.780569451072,2542.56799367361,2.6016,0.05276666666666667,28.419266607652624,22.204359482271407,0.11099696969696972
1834.5912,4549.817365434823,2635.7570537632178,2.5981,0.05397727272727268,29.71676745148767,22.204359482271407,0.11050757575757572
1834.7436,4486.304847946942,2666.2631115325503,2.5623,0.07492575757575753,27.28418832584127,22.204359482271407,0.11050757575757572
1834.896,4274.319306236467,2631.3517620042476,2.5193,0.10265606060606061,22.768902846661074,22.22994854192441,0.11050757575757572
1835.0484,4044.76847416152,2482.5112458248122,2.5035,0.11774393939393941,20.38600691407222,22.22994854192441,0.1103530303030302
1835.2008,3911.2776455340477,2354.6516343893472,2.4967,0.11965454545454539,19.737862571392057,22.204359482271407,0.1103530303030302
1835.3532,3892.3275940230806,2273.773352241659,2.4975,0.11956212121212118,20.621409005712753,22.13449721613007,0.1103530303030302
1835.5056,3877.2558492754947,2228.291701514186,2.4977,0.12100151515151511,21.01248665599318,22.122042245715004,0.1103530303030302
1835.658,3860.5197262678726,2241.1138512306275,2.5149,0.12148939393939394,20.639342091719367,22.121959614602563,0.1103530303030302
1835.8104,3827.3186167407516,2179.8287175269534,2.5364,0.1224742424242424,21.08466237650622,22.10048631577893,0.1103530303030302
1835.9628,3736.8740460121007,2014.7656942513738,2.5588,0.12298636363636356,21.882482050338137,22.057419412492887,0.1103530303030302
1836.1152,3632.259902019551,1904.6988194991668,2.5693,0.12275454545454538,21.469435311259552,21.974639673513593,0.1103530303030302
1836.2676,3571.955927126474,1874.2021727955373,2.5639,0.1159909090909091,20.70440892157628,21.886252128320216,0.1103530303030302
1836.42,3681.32392389515,1923.198263569022,2.5587,0.10501666666666665,22.057419412492887,21.882482050338137,0.1103530303030302
1836.5724,3856.4363137631003,2049.173439538963,2.5575,0.10223030303030298,23.71642722728446,21.827100670885766,0.1103530303030302
1836.7248,3958.6523438261,2153.949437308977,2.569,0.10769545454545454,24.366787245670643,21.808312302577217,0.1103530303030302
1836.8772,3863.715301985859,2061.4638151554113,2.579,0.11381515151515142,23.887003662752136,21.808312302577217,0.1103530303030302
1837.0296,3711.189577499087,1980.208311677512,2.589,0.11358484848484847,22.122042245715004,21.808312302577217,0.1103530303030302
1837.182,3625.0240835753584,1917.310330641676,2.5947,0.11050757575757572,21.378670162761576,21.77299983573401,0.1103530303030302
1837.3344,3642.821800519652,1896.4222451324852,2.5929,0.1103530303030302,21.974639673513593,21.77299983573401,0.1103530303030302
1837.4868,3699.370330273181,1933.7291726011897,2.5872,0.10858030303030296,22.50759517621839,21.709246854595772,0.1103530303030302
1837.6392,3755.5307213009314,1964.0946992641088,2.5862,0.10388333333333336,23.17352531169513,21.61750058081353,0.11050757575757572
1837.7916,3786.0344022338595,1985.1181269029748,2.5884,0.10016666666666663,23.50214877535367,21.60403082193654,0.112280303030303
1837.944,3785.394932935917,1985.4026009555728,2.5964,0.0996424242424242,23.558305963718606,21.60403082193654,0.112280303030303
1838.0964,3786.514146009377,1971.6146993966784,2.6096,0.09409242424242424,23.89002686877722,21.60403082193654,0.112280303030303
1838.2488,3779.682223961053,1971.8774563557145,2.623,0.0890318181818181,23.873488345936337,21.60403082193654,0.112280303030303
1838.4012,3760.075596270518,1895.386834896758,2.6249,0.08845606060606065,24.538038078716422,21.60403082193654,0.112280303030303
1838.5536,3721.3345526157395,1855.9484426290899,2.6134,0.09929090909090908,24.188597297443582,21.509553037887276,0.112280303030303
1838.706,3641.751099216211,1787.172813395822,2.5999,0.10818181818181818,23.408725303122974,21.469435311259552,0.11358484848484847
1838.8584,3552.426850659379,1712.9205801675494,2.5963,0.1144727272727273,22.607560860693386,21.461831265788213,0.11380303030303027
1839.0108,3492.3690361611443,1725.5337096144158,2.5962,0.11380303030303027,21.35812229890741,21.378670162761576,0.11381515151515142
1839.1632,3459.99550473025,1655.070853648405,2.5985,0.11710606060606057,21.61750058081353,21.36937835360626,0.11391060606060603
1839.3156,3426.0433246108614,1682.1814051623323,2.5978,0.11506818181818183,20.690941391515743,21.363495841992076,0.1144727272727273
1839.468,3464.293792117368,1708.4636774904866,2.6022,0.10793484848484851,21.102629275128397,21.35812229890741,0.1144727272727273
1839.6204,3488.1325673479664,1689.8878397933104,2.6046,0.10070757575757572,21.77299983573401,21.204196172989477,0.1144727272727273
1839.7728,3457.820937514181,1729.0860294046738,2.6023,0.10710454545454541,20.74087134105559,21.35812229890741,0.1144727272727273
1839.9252,3392.694353634958,1662.1613441693748,2.5957,0.12205454545454546,20.315681777488358,21.363495841992076,0.11391060606060603
1840.0776,3297.1027034511408,1632.1704654256175,2.5941,0.12923939393939388,18.985990482588907,21.36937835360626,0.11381515151515142
1840.23,3270.4283746142655,1618.6256657314964,2.6019,0.12447575757575752,18.740019162818097,21.378670162761576,0.11380303030303027
1840.3824,3306.355296514334,1638.0896692864635,2.6082,0.11471666666666662,19.18122877124041,21.469435311259552,0.11358484848484847
1840.5348,3416.2973523695523,1724.7047546511294,2.6084,0.10150606060606057,20.097580134824906,21.509553037887276,0.112280303030303
1840.6872,3553.0894275772434,1809.3262218739706,2.6042,0.09257878787878784,21.509553037887276,21.60403082193654,0.1108015151515151
1840.8396,3667.896519108441,1900.2375296912114,2.607,0.08993030303030294,22.521685250530126,21.61750058081353,0.11050757575757572
1840.992,3710.525450820321,1915.276656309008,2.6129,0.09269242424242427,23.19459021738337,21.77299983573401,0.1103530303030302
1841.1444,3684.8309003536133,1924.5303748098677,2.6199,0.09437121212121213,22.634772448561638,21.827100670885766,0.11027878787878792
1841.2968,3705.1624290694795,1916.7641399086897,2.6252,0.08881515151515149,23.179419371007654,21.882482050338137,0.11010151515151509
1841.4492,3763.3392968926523,1911.4223791940922,2.6294,0.08494242424242424,24.430654605606936,21.974639673513593,0.11010151515151509
1841.6016,3808.343370633774,1924.6373151056878,2.618,0.0866969696969697,25.0398806412498,22.057419412492887,0.11010151515151509
1841.754,3811.4102217820596,1938.729038446371,2.6061,0.09515303030303025,24.79779075205911,22.057419412492887,0.11010151515151509
1841.9064,3817.54920355002,1967.1534424862548,2.5927,0.0953636363636364,24.407915550100917,21.974639673513593,0.11027878787878792
1842.0588,3871.8430125174345,2013.1462146510548,2.5996,0.0875727272727272,24.92364265599153,21.882482050338137,0.1103530303030302
1842.2112,3927.637657385776,2084.0783389184535,2.5991,0.08192424242424241,25.042746619078027,21.84957849059747,0.11050757575757572
1842.3636,3944.1963505831536,2125.245871005664,2.6003,0.08606060606060607,24.79245157681075,21.827100670885766,0.1108015151515151
1842.516,3862.4618886019366,2068.472689442035,2.5982,0.09644696969696973,23.939397749785872,21.77299983573401,0.11148030303030303
1842.6684,3708.9451531217564,1984.5830194440953,2.6011,0.10556818181818173,22.121959614602563,21.61750058081353,0.112280303030303
1842.8208,3587.933806858981,1868.5973871515541,2.6004,0.112280303030303,21.36937835360626,21.61750058081353,0.112280303030303
1842.9732,3487.246608286558,1746.3786135083074,2.5982,0.11679696969696972,21.03096852938483,21.61750058081353,0.112280303030303
1843.1256,3415.0610016391843,1679.2389213203844,2.5938,0.11943030303030304,20.498413640077796,21.61750058081353,0.11148030303030303
1843.278,3381.6730627772986,1647.2959863373878,2.5929,0.1184030303030302,20.270256633879583,21.61750058081353,0.11148030303030303
1843.4304,3391.6637178776728,1646.100313828377,2.5973,0.1190196969696969,20.49405049870774,21.61750058081353,0.11148030303030303
1843.5828,3421.785592800779,1665.8486810391662,2.6035,0.11804090909090909,20.85025351762787,21.61750058081353,0.11148030303030303
1843.7352,3472.578252636904,1684.8324177676855,2.6111,0.11658787878787877,21.60403082193654,21.60403082193654,0.11148030303030303
1843.8876,3496.0422920181736,1706.129303106633,2.6168,0.11391060606060603,21.827100670885766,21.60403082193654,0.11148030303030303
1844.04,3462.931971792102,1708.8238212731746,2.6183,0.11545606060606056,21.204196172989477,21.60403082193654,0.11148030303030303
1844.1924,3433.979269941415,1685.1556474552658,2.6138,0.11791969696969698,20.92577145683018,21.509553037887276,0.11194242424242425
1844.3448,3420.437789104424,1671.7794523605935,2.6069,0.12341060606060604,20.7846380453925,21.378670162761576,0.112280303030303
1844.4972,3412.8737449459127,1657.7055571206831,2.5998,0.12656212121212115,20.75608456362045,21.36937835360626,0.11323787878787878
1844.6496,3403.7801166978425,1674.1099013604342,2.5964,0.1273924242424242,20.378781316649103,21.35812229890741,0.11323787878787878
1844.802,3387.1672147106187,1666.6703120523011,2.5952,0.13025606060606054,20.162580698127478,21.29574874810776,0.11323787878787878
1844.9544,3370.7231461852107,1661.3151751439345,2.5983,0.12896666666666662,19.959665232381788,21.22279808590705,0.11334696969696963
1845.1068,3366.3860608644372,1653.3372677842244,2.6017,0.1262363636363636,20.001495690761587,21.21735887540772,0.11340454545454541
1845.2592,3385.884151218386,1657.1422668597102,2.5989,0.12593484848484848,20.27848249859043,21.204196172989477,0.11380303030303027
1845.4116,3459.4732021351574,1694.9256217924728,2.5984,0.12198636363636367,21.144716502244712,21.204196172989477,0.11391060606060603
1845.564,3576.6923575190335,1743.554482931414,2.6,0.1108015151515151,22.722488291710366,21.204196172989477,0.11410757575757577
1845.7164,3706.883760978968,1896.880167333707,2.6117,0.0915560606060606,23.357603294239002,21.204196172989477,0.11410757575757577
1845.8688,3781.070087493069,1981.2380397703637,2.6195,0.08004242424242423,23.73987915971717,21.204196172989477,0.11410757575757577
1846.0212,3734.420007081676,1971.8175007860098,2.6188,0.08370454545454549,22.945420470362983,21.150763084854223,0.11410757575757577
1846.1736,3393.374236407298,1758.657696435372,2.6003,0.10126060606060608,19.219214757599776,21.144716502244712,0.11410757575757577
1846.326,3330.135762030771,1671.061793101936,2.5837,0.1194909090909091,19.03293156418145,21.102629275128397,0.1144727272727273
1846.4784,3316.201078418146,1617.6197426031576,2.5743,0.1240393939393939,19.32852594666898,21.03096852938483,0.11471666666666662
1846.6308,3318.6816297688356,1625.4586934575823,2.578,0.12266818181818183,19.311350650614852,20.92577145683018,0.11506818181818183
1846.7832,3314.0701195479032,1633.7854831084378,2.58,0.12546212121212116,19.154059537216455,20.85025351762787,0.11545606060606056
1846.9356,3320.518253590419,1648.3926549180835,2.5814,0.1264878787878788,19.10987276727622,20.798792338536334,0.11545606060606056
1847.088,3364.7583511800945,1678.9614235477648,2.5803,0.12597121212121215,19.514938292121524,20.798792338536334,0.11658787878787877
1847.2404,3500.4145832232753,1745.0638110521854,2.5817,0.12319696969696964,21.150763084854223,20.7846380453925,0.11679696969696972
1847.3928,3716.4839720532113,1866.2576574425293,2.586,0.11919393939393941,23.709386517786484,20.75608456362045,0.11766363636363636
1847.5452,3879.160584266746,2029.882156283611,2.6035,0.10209090909090908,24.87381664634184,20.75608456362045,0.11791969696969698
1847.6976,3930.073572834011,2093.63810146589,2.6278,0.08257727272727267,25.229641698695914,20.75608456362045,0.11791969696969698
1847.85,3892.894318392266,2097.6422171142276,2.6435,0.07566969696969696,24.552358372032355,20.75608456362045,0.11791969696969698
1848.0024,3850.040420371867,2043.8598373495267,2.6388,0.08314393939393942,24.416800194750813,20.75608456362045,0.11791969696969698
1848.1548,3799.6364914695173,1966.7434522542055,2.6227,0.09272272727272723,24.338125492466823,20.75608456362045,0.11804090909090909
1848.3072,3711.0133574565434,1908.1281375655217,2.612,0.09641515151515147,23.29124619266826,20.75608456362045,0.11815454545454541
1848.4596,3646.2601309926135,1873.4130845119507,2.6107,0.10200909090909088,22.49286221522715,20.730624490904436,0.11834242424242415
1848.612,3624.114630460398,1829.4187094075219,2.613,0.10721212121212119,22.659526026249097,20.555349499403015,0.1184030303030302
1848.7644,3637.6959826612706,1832.6140363324153,2.6108,0.11027878787878792,22.857205338241997,20.520560151034285,0.11886212121212121
1848.9168,3654.4177330380703,1807.6951590184597,2.6099,0.11010151515151509,23.48323620793555,20.520560151034285,0.1190196969696969
1849.0692,3616.078737504479,1798.572825382064,2.6136,0.11148030303030303,22.902645286345287,20.520560151034285,0.1190196969696969
1849.2216,3540.4808920896735,1738.6393777861438,2.6248,0.1062363636363636,22.322652982423488,20.520560151034285,0.1190196969696969
1849.374,3458.5664196802413,1649.2274927521646,2.6214,0.10871666666666666,21.84957849059747,20.520560151034285,0.1190196969696969
1849.5264,3375.8526852316413,1632.6591829312126,2.6092,0.11766363636363636,20.462076999238047,20.520560151034285,0.1190196969696969
1849.6788,3344.1220034011744,1610.0915977306583,2.5916,0.13214696969696962,20.02432230765166,20.520560151034285,0.1190196969696969
1849.8312,3336.0257950970927,1631.0778117228904,2.5855,0.1348454545454545,19.602868870211996,20.520560151034285,0.1190196969696969
1849.9836,3347.6700304453457,1660.3151984207395,2.5838,0.134660606060606,19.459543182963152,20.520560151034285,0.1190196969696969
1850.136,3382.205912868251,1670.5058706114282,2.583,0.13030303030303023,19.93696389933128,20.520560151034285,0.1190196969696969
1850.2884,3424.6459907035696,1689.80726883237,2.5864,0.12602272727272731,20.486707199353894,20.520560151034285,0.1190196969696969
1850.4408,3461.527978413148,1687.6898858760621,2.5924,0.11815454545454541,21.21735887540772,20.520560151034285,0.1190196969696969
1850.5932,3487.098992196358,1726.3927962748885,2.6015,0.11334696969696963,21.29574874810776,20.520560151034285,0.1190196969696969
1850.7456,3495.9260074873378,1748.8546092474703,2.6061,0.11100303030303024,21.22279808590705,20.520560151034285,0.1190196969696969
1850.898,3473.0689030434937,1746.3596022562876,2.6012,0.11323787878787878,20.798792338536334,20.520560151034285,0.11886212121212121
1851.0504,3444.912481365487,1722.1068689351243,2.5932,0.11886212121212121,20.520560151034285,20.520560151034285,0.11886212121212121
1851.2028,3415.13752987405,1693.7435956709514,2.5881,0.12425757575757577,20.28589321587258,20.520560151034285,0.11834242424242415
1851.3552,3418.2666427417907,1687.1994260864944,2.5925,0.12522424242424246,20.4522955056116,20.486707199353894,0.11834242424242415
1851.5076,3430.2421764481464,1684.8491816762705,2.5973,0.1204696969696969,20.730624490904436,20.486707199353894,0.11834242424242415
1851.66,3421.236359391451,1715.164519053351,2.5997,0.11194242424242425,20.232093646279328,20.486707199353894,0.11834242424242415
1851.8124,3401.299814312242,1694.537396294367,2.5924,0.11340454545454541,20.06577513022169,20.486707199353894,0.11834242424242415
1851.9648,3340.431384711828,1668.4475117798524,2.5829,0.12263333333333332,19.23449220550139,20.486707199353894,0.11834242424242415
1852.1172,3337.2603807630153,1654.0891493271308,2.5756,0.1332954545454545,19.289421240448977,20.486707199353894,0.11815454545454541
1852.2696,3368.1679398591955,1646.3652759525344,2.5787,0.13390606060606058,19.93471885064525,20.486707199353894,0.11766363636363636
1852.422,3347.989942849109,1638.9740280690435,2.5879,0.1269681818181818,19.73891957344344,20.520560151034285,0.11410757575757577
1852.5744,3326.3379834403377,1626.2400880986759,2.5962,0.12240303030303026,19.57097413311811,20.520560151034285,0.11340454545454541
1852.7268,3338.3020878626216,1605.4602503738436,2.6012,0.12188787878787878,20.048984865858042,20.520560151034285,0.11334696969696963
1852.8792,3365.7541144356396,1623.1527185411649,2.6036,0.122310606060606,20.34835186487504,20.555349499403015,0.11334696969696963
1853.0316,3459.1355565769536,1660.9584842119032,2.603,0.11834242424242415,21.571689235111016,20.722626047946786,0.11334696969696963
1853.184,3545.2125092032466,1704.725635930337,2.6079,0.11410757575757577,22.67241952494409,20.722626047946786,0.11334696969696963
1853.3364,3555.041323856334,1758.5592737750235,2.6159,0.10553333333333334,22.274243374627225,20.722626047946786,0.11340454545454541
1853.4888,3488.51582421909,1703.787965600029,2.6235,0.09773030303030303,21.77299863339337,20.722626047946786,0.11340454545454541
1853.6412,3372.132774408964,1625.022791904316,2.6184,0.09947575757575759,20.555349499403015,20.722626047946786,0.11340454545454541
1853.7936,3285.470524004523,1578.0203713732194,2.6063,0.1103424242424242,19.479795934804994,20.722626047946786,0.11340454545454541
1853.946,3247.6042525715525,1543.0286290534875,2.5942,0.12030909090909093,19.125351013057003,20.730624490904436,0.11340454545454541
1854.0984,3242.242763990682,1532.1425716972853,2.5868,0.12660151515151508,19.096249938677857,20.768486873829993,0.11334696969696963
1854.2508,3251.4219637393912,1534.7741142822615,2.5803,0.13107121212121214,19.17430221778749,20.798792338536334,0.11325606060606053
1854.4032,3259.272566292193,1528.9622469725493,2.5804,0.13129090909090907,19.368199221300493,20.971611526711538,0.11323787878787878
1854.5556,3277.5532763704323,1542.4078666849516,2.5818,0.1282666666666667,19.545067950361823,21.122289818943756,0.11213333333333335
1854.708,3292.6042793053125,1542.0255071660172,2.5884,0.12376666666666664,19.85506262156664,21.150763084854223,0.11194242424242425
1854.8604,3290.8694567798066,1532.4422242131905,2.5888,0.12209545454545452,19.93026396582043,21.171753399560888,0.11148030303030303
1855.0128,3265.722450020411,1523.566545317857,2.5877,0.12602878787878788,19.588724499613235,21.21735887540772,0.11139545454545452
1855.1652,3250.4892263558368,1493.9323701521332,2.588,0.13033787878787872,19.642665449161818,21.21735887540772,0.11100303030303024
1855.3176,3251.446242862126,1495.6558264332632,2.5885,0.13438636363636366,19.644784501956064,21.21735887540772,0.11139545454545452
1855.47,3259.7187316186305,1489.9778458674623,2.5871,0.13726060606060606,19.831986543057084,21.21735887540772,0.11139545454545452
1855.6224,3245.802446917606,1491.4899926306302,2.5814,0.13683787878787879,19.539073491261565,21.21735887540772,0.11139545454545452
1855.7748,3223.9162120253764,1503.5969413049625,2.58,0.13686212121212116,19.038415273831294,21.21735887540772,0.11139545454545452
1855.9272,3225.560663398776,1498.8817398043586,2.5821,0.13737575757575754,19.13003775133405,21.171753399560888,0.11139545454545452
1856.0796,3249.775298509134,1521.7546510124312,2.5866,0.13951212121212125,19.33067022988608,21.171753399560888,0.11139545454545452
1856.232,3306.7175837528207,1568.9698127737206,2.5889,0.13696515151515143,19.810675679946215,21.171753399560888,0.11139545454545452
1856.3844,3389.389476212558,1650.1167749961833,2.5936,0.13114090909090909,20.37907504053085,21.171753399560888,0.11139545454545452
1856.5368,3465.57787487763,1654.965711586389,2.5963,0.1229727272727273,21.700778907568697,21.122289818943756,0.11139545454545452
1856.6892,3534.958161543413,1733.4738463270887,2.5987,0.11139545454545452,22.061283640355306,21.122289818943756,0.11148030303030303
1856.8416,3555.626066658657,1740.9562236329095,2.6031,0.10681212121212119,22.389884275395357,21.122289818943756,0.11139545454545452
1856.994,3549.072211044042,1780.9303725171126,2.6042,0.10322878787878784,21.78924479338096,21.122289818943756,0.11139545454545452
1857.1464,3546.2230630152676,1784.6927465238603,2.6017,0.10548636363636357,21.66919613737336,21.122289818943756,0.11139545454545452
1857.2988,3528.5006303374653,1799.1737259246884,2.5967,0.1068515151515152,21.122289818943756,21.171753399560888,0.11100303030303024
1857.4512,3532.958632624462,1818.2468950212965,2.5975,0.11045909090909084,20.971611526711538,21.172043576472344,0.1109166666666666
1857.6036,3544.977483345119,1853.7293226772283,2.6009,0.10802878787878778,20.768486873829993,21.21735887540772,0.11066515151515145
1857.756,3625.7571504023067,1875.6507548140473,2.6004,0.10908030303030299,21.98731963918003,21.22279808590705,0.1106212121212121
1857.9084,3811.5389088344423,1899.5636861756263,2.5959,0.1083939393939394,25.223596905799536,21.26648403685034,0.11045909090909084
1858.0608,3963.130404933629,1905.6097951344432,2.5862,0.11213333333333335,28.09803977365864,21.29574874810776,0.11035454545454546
1858.2132,3918.3522351834094,1908.529586904782,2.5858,0.11035454545454546,27.142721959757278,21.438640276854542,0.1103424242424242
1858.3656,3697.3913254444333,1921.8461829473983,2.5884,0.10881666666666662,22.63826446277145,21.454986292086836,0.1103424242424242
1858.518,3535.437893213073,1933.6261262832952,2.5974,0.10163939393939393,19.51714351774546,21.49256698233671,0.1103424242424242
1858.6704,3509.5961201000378,1942.4454929911367,2.5977,0.10149848484848478,18.928069012053374,21.49256698233671,0.1103424242424242
1858.8228,3521.757366169176,1921.3543278695345,2.5978,0.10131818181818183,19.433202284508667,21.49256698233671,0.1103424242424242
1858.9752,3552.724979689556,1900.4389465283323,2.5976,0.10587878787878788,20.27763759460099,21.49256698233671,0.1103424242424242
1859.1276,3616.7309403737763,1881.3212207848962,2.6026,0.1075136363636364,21.761856733075955,21.49256698233671,0.1103424242424242
1859.28,3657.702415667639,1941.3604682194577,2.6035,0.10894090909090909,21.748631458067578,21.49256698233671,0.1103424242424242
1859.4324,3731.8001283112385,2046.4850209784859,2.6007,0.10148939393939398,21.695553323142875,21.49256698233671,0.1103424242424242
1859.5848,3959.752905182885,2195.846766204996,2.5853,0.09525606060606052,23.915711587415252,21.49256698233671,0.1103424242424242
1859.7372,4145.258113037164,2327.6557268883944,2.569,0.08484545454545453,25.5851588868703,21.49256698233671,0.1103424242424242
1859.8896,4080.5671024358903,2275.0733912700775,2.5519,0.08507727272727275,24.88038522998128,21.49256698233671,0.1103424242424242
1860.042,3781.60956618189,2108.019395438296,2.5661,0.08502424242424239,21.49256698233671,21.49256698233671,0.1103424242424242
1860.1944,3520.40285974983,1891.9678886867398,2.5814,0.09908787878787878,19.67159218722639,21.49256698233671,0.1103424242424242
1860.3468,3434.908041831951,1744.7451573018272,2.5952,0.11325606060606053,20.08618805085878,21.49256698233671,0.1103424242424242
1860.4992,3425.7737775449973,1671.9408501555927,2.5875,0.12488939393939394,20.722626047946786,21.49256698233671,0.1103424242424242
1860.6516,3471.407582884412,1698.275314498524,2.5803,0.12717121212121216,21.171753399560888,21.49256698233671,0.1103424242424242
1860.804,3586.4393058686765,1773.1672327072563,2.576,0.1251242424242424,22.33490965064459,21.454986292086836,0.1103424242424242
1860.9564,3676.4040715451392,1847.7240198666707,2.5738,0.11544090909090911,23.07111807468868,21.438640276854542,0.1103424242424242
1861.1088,3751.684750164629,1965.8846771285957,2.5752,0.1109166666666666,22.976453851126593,21.26648403685034,0.11035454545454546
1861.2612,3766.7203828016095,1981.849947690345,2.5778,0.1063787878787879,23.074429538416904,21.172043576472344,0.11045909090909084
1861.4136,3734.4566108336,1963.660680980516,2.5814,0.10533787878787879,22.72892192539898,21.172043576472344,0.1106212121212121
1861.566,3725.7742166156336,1967.4899398521284,2.5854,0.10402575757575758,22.544786146882565,21.172043576472344,0.11064848484848484
1861.7184,3726.785537431086,1940.0136081007026,2.5868,0.10500151515151505,22.946795851317948,21.172043576472344,0.11064848484848484
1861.8708,3709.5274490426796,1984.3116983898303,2.5852,0.10558636363636363,22.00161175468548,21.172043576472344,0.11064848484848484
1862.0232,3766.3387184068683,2044.3231801298225,2.5778,0.1034287878787879,22.202499429292526,21.172043576472344,0.11064848484848484
1862.1756,3811.257715045965,2073.3748869949463,2.5729,0.10211363636363628,22.62567301439458,21.172043576472344,0.11064848484848484
1862.328,3824.9891763347623,2115.0143117356233,2.5663,0.10486363636363633,22.23997020770501,21.21750905579942,0.11064848484848484
1862.4804,3848.4556935174737,2096.111671587165,2.5635,0.10456212121212122,22.949389485489913,21.26648403685034,0.11064848484848484
1862.6328,3870.8546740443194,2108.7792465126963,2.5581,0.1088484848484848,23.16167528834607,21.438640276854542,0.11064848484848484
1862.7852,3900.4764263036463,2166.776379862629,2.5493,0.11066515151515145,22.825981428634783,21.454986292086836,0.1106212121212121
1862.9376,3948.8054474859405,2249.634102327353,2.5312,0.11539999999999995,22.389121275748163,21.49256698233671,0.11045909090909084
1863.09,3979.4187802976994,2352.2693070529494,2.5143,0.1106212121212121,21.26648403685034,21.547042166696734,0.11035454545454546
1863.2424,3953.830467843995,2302.1269749915596,2.5153,0.09926818181818184,21.547042166696734,21.612597485299084,0.10953484848484846
1863.3948,3835.1875945270567,2169.693061039701,2.5445,0.08431969696969688,21.454986292086836,21.66919613737336,0.10937424242424235
1863.5472,3660.7731581735047,1999.7598713540306,2.579,0.08541515151515143,20.810485862677897,21.695553323142875,0.10908030303030299
1863.6996,3561.4133482894,1845.253013973796,2.5998,0.09626212121212115,21.172043576472344,21.700778907568697,0.10894090909090909
1863.852,3526.6797721542716,1740.9492628667747,2.6057,0.10937424242424235,21.878146236074077,21.700778907568697,0.10894090909090909
1864.0044,3496.098432146671,1717.9961221084907,2.6079,0.10745757575757578,21.612597485299084,21.700778907568697,0.10894090909090909
1864.1568,3466.0153105085765,1731.4718874406938,2.6088,0.10953484848484846,20.91197280201934,21.700778907568697,0.10894090909090909
1864.3092,3526.410477419057,1774.6394244765165,2.6029,0.11187272727272726,21.438640276854542,21.695553323142875,0.10894090909090909
1864.4616,3612.033475302366,1818.4052681252886,2.5971,0.10883030303030294,22.433720888677176,21.676285688991186,0.10894090909090909
1864.614,3777.9300958984422,1959.5426448039652,2.6011,0.10166818181818173,23.807901179000243,21.66919613737336,0.10908030303030299
1864.7664,4014.1760469058054,2071.527506867712,2.6087,0.08986515151515155,27.109543582339697,21.612597485299084,0.10937424242424235
1864.9188,4132.102559653164,2257.640647012552,2.6176,0.0726181818181818,26.904608546684155,21.547042166696734,0.10953484848484846
1865.0712,4152.345298572427,2308.793564465183,2.6177,0.06423787878787872,26.529345511037953,21.547042166696734,0.10984393939393935
1865.2236,4025.1226817247807,2253.892734523529,2.6127,0.06995303030303034,24.6331521744295,21.547042166696734,0.10984393939393935
1865.376,3937.7809932303244,2209.509007663691,2.6044,0.08381818181818179,23.431471869137187,21.547042166696734,0.11035454545454546
1865.5284,3875.1509757803065,2082.790939859412,2.5927,0.0946136363636364,23.937805249524523,21.49256698233671,0.1106212121212121
1865.6808,3816.081880497042,2037.5816152380087,2.5831,0.10067272727272726,23.317202335131135,21.454986292086836,0.11064848484848484
1865.8332,3779.415083437284,2017.5195894003436,2.5773,0.10678030303030296,22.826625437533725,21.438640276854542,0.11064848484848484
1865.9856,3762.749275967044,2013.1236109414062,2.5775,0.1107196969696969,22.56530768232642,21.26648403685034,0.11066515151515145
1866.138,3753.9904623024477,2018.1581261322347,2.5812,0.11064848484848484,22.357910678709843,21.21750905579942,0.1107196969696969
1866.2904,3730.201660967748,2080.62844808873,2.5782,0.11205757575757579,20.992696438485563,21.21750905579942,0.1109166666666666
1866.4428,3702.871304569669,2164.4084056873953,2.5625,0.1155651515151515,19.129158771566523,21.21750905579942,0.11187272727272726
1866.5952,3697.786059783301,2254.3111481898945,2.5238,0.1201924242424242,17.408491159390074,21.21750905579942,0.11205757575757579
1866.7476,3710.516416722158,2318.514264415598,2.4664,0.13058636363636356,16.27968914080102,21.21750905579942,0.11325606060606053
1866.9,3725.806096729163,2311.9651020700735,2.4144,0.14364393939393932,16.308598123667316,21.172043576472344,0.11539999999999995
1867.0524,3734.607608895424,2310.5560116528436,2.3808,0.1525757575757576,16.258646400124686,21.171753399560888,0.11544090909090911
1867.2048,3702.7363561818574,2300.0215061066024,2.3702,0.15653787878787873,15.777926704466381,21.069954791118338,0.1155651515151515
1867.3572,3692.2987467020066,2264.667399265766,2.3606,0.15929696969696971,16.039754825446487,20.992696438485563,0.1172045454545454
1867.5096,3651.685729792029,2195.8356927040336,2.3598,0.15873939393939396,16.296502270839397,20.91197280201934,0.11729545454545448
1867.662,3583.028576063535,2047.5036980012655,2.3845,0.15200454545454542,17.283806427798943,20.91197280201934,0.11865606060606053
1867.8144,3525.219545538134,1870.078619381328,2.4414,0.14486212121212125,18.955633734247325,20.91197280201934,0.11929090909090909
1867.9668,3474.0387410028893,1765.838669086005,2.5097,0.1353651515151515,19.855149144107504,20.992696438485563,0.1201924242424242
1868.1192,3455.461056908541,1731.4394294429915,2.5561,0.1317045454545455,20.303190362855172,21.069954791118338,0.1201924242424242
1868.2716,3459.2140729181447,1747.925915008823,2.5764,0.12635303030303027,20.33424214368564,21.171753399560888,0.11929090909090909
1868.424,3482.9787695988975,1803.859833936001,2.5803,0.12277121212121216,20.107230406985,21.172043576472344,0.11893030303030297
1868.5764,3518.419758558833,1845.9939569134838,2.5853,0.11865606060606053,20.257599047174505,21.172043576472344,0.11865606060606053
1868.7288,3549.7376711251904,1864.0457498472622,2.5855,0.11729545454545448,20.600614497683743,21.172043576472344,0.11865606060606053
1868.8812,3569.232931092024,1883.1274743850183,2.5819,0.12023636363636359,20.68411281334785,21.172043576472344,0.11893030303030297
1869.0336,3609.608094617208,1956.8604716110779,2.5698,0.12080303030303033,20.361896104561946,21.172043576472344,0.11923636363636364
1869.186,3653.2219787806293,2055.8353551071123,2.5408,0.11929090909090909,19.591479062299943,21.172043576472344,0.11929090909090909
1869.3384,3708.4487661012745,2199.4420575462946,2.4976,0.12218181818181821,18.238803335748063,21.172043576472344,0.12018636363636359
1869.4908,3749.3357476037713,2277.1402167018673,2.4543,0.13225303030303032,17.532770948309956,21.172043576472344,0.12018636363636359
1869.6432,3768.140667361449,2306.6706523836733,2.4299,0.1422969696969697,17.26341430315653,21.172043576472344,0.12018636363636359
1869.7956,3855.1144771690715,2322.2114035208015,2.428,0.14242272727272726,18.62685497226689,21.172043576472344,0.12018636363636359
1869.948,3994.474834022232,2332.2116068846153,2.4378,0.1373030303030302,21.21750905579942,21.172043576472344,0.12018636363636359
1870.1004,4100.764722660223,2386.687171713059,2.4583,0.1297409090909091,22.668567170603996,21.172043576472344,0.12018636363636359
1870.2528,4225.603999351187,2432.722997612771,2.4868,0.1172045454545454,24.780649281204592,21.172043576472344,0.12018636363636359
1870.4052,4355.162968540806,2497.1980258371514,2.5164,0.10348484848484847,26.806656872568812,21.172043576472344,0.12018636363636359
1870.5576,4471.443933110251,2537.0295612220693,2.5495,0.0899045454545454,29.09434718560835,21.172043576472344,0.12018636363636359
1870.71,4571.462853114759,2558.5988817042553,2.5805,0.07871060606060609,31.40391506687362,21.172043576472344,0.12018636363636359
1870.8624,4559.215958452499,2585.219803055106,2.6075,0.06677878787878788,30.96484887592608,21.172043576472344,0.12018636363636359
1871.0148,4467.203864541716,2578.5842151392,2.6122,0.060654545454545405,28.97046903521434,21.172043576472344,0.12018636363636359
1871.1672,4341.79375340093,2521.0521919010375,2.5915,0.06987727272727273,26.891738400790345,21.172043576472344,0.12018636363636359
1871.3196,4163.42821706104,2436.5969182804724,2.5587,0.08816666666666664,24.098165296712722,21.18083840426997,0.12018636363636359
1871.472,3981.2536246649634,2337.039780281457,2.5299,0.10984393939393935,21.676285688991186,21.21750905579942,0.12018636363636359
1871.6244,3891.4231654582577,2253.184619205885,2.5161,0.12197575757575763,21.069954791118338,21.21750905579942,0.12018636363636359
1871.7768,3837.2927446462973,2238.2700111472896,2.5087,0.13146818181818176,20.182521816084265,21.21750905579942,0.12018636363636359
1871.9292,3807.881865712198,2212.90016248263,2.5016,0.134519696969697,19.939573492673723,21.438640276854542,0.12018636363636359
1872.0816,3800.967949909029,2222.556026933179,2.4899,0.1343651515151515,19.57314614304495,21.501298774852437,0.12018636363636359
1872.234,3796.810828384898,2251.004754582877,2.4803,0.13607424242424235,18.99845955342085,21.501298774852437,0.12018636363636359
1872.3864,3786.3448107945615,2247.8141335001005,2.4706,0.1388136363636363,18.775363870244213,21.501298774852437,0.12018636363636359
1872.5388,3757.164869029276,2251.8994860822568,2.4585,0.14103030303030303,18.081987540388457,21.501298774852437,0.12018636363636359
1872.6912,3732.6592993181284,2218.771770060121,2.4528,0.13910757575757576,18.07422833960089,21.501298774852437,0.12018636363636359
1872.8436,3743.5657463734206,2164.108739364059,2.4547,0.1413318181818182,19.07251738131333,21.501298774852437,0.12018636363636359
1872.996,3725.897185774114,2116.1655469086836,2.4683,0.144360606060606,19.527793388979177,21.501298774852437,0.12018636363636359
1873.1484,3716.085235876316,2096.32215134373,2.4832,0.1462954545454545,19.74111072108808,21.501298774852437,0.12018636363636359
1873.3008,3692.996634138895,2098.1779307202023,2.4894,0.1451666666666667,19.33871296587317,21.501298774852437,0.12018636363636359
1873.4532,3709.649348072942,2134.3596185882557,2.4821,0.14227878787878787,19.081169341388563,21.501298774852437,0.12018636363636359
1873.6056,3728.020822121547,2151.2510145745846,2.467,0.1454045454545454,19.064066531965764,21.501298774852437,0.12018636363636359
1873.758,3746.593586785637,2159.844049055671,2.4648,0.14432121212121213,19.267493800303168,21.501298774852437,0.12018636363636359
1873.9104,3747.3536159257615,2184.327735157429,2.4692,0.1446878787878788,18.965782603752434,21.21750905579942,0.12018636363636359
1874.0628,3721.7389605505437,2192.345205179919,2.4743,0.14104242424242425,18.415812972017605,21.21750905579942,0.12018636363636359
1874.2152,3671.40890316659,2214.274661593014,2.4729,0.1406666666666666,17.166608761634155,21.21750905579942,0.1201924242424242
1874.3676,3623.9724349813214,2175.082743059074,2.4718,0.14039999999999997,16.87052019118731,21.21750905579942,0.12023636363636359
1874.52,3638.125840003629,2141.2087854189867,2.472,0.14413939393939393,17.60787359283765,21.21750905579942,0.12023636363636359
1874.6724,3700.5290979596098,2128.3727166080107,2.4764,0.14720606060606062,18.954254270410047,21.21750905579942,0.12023636363636359
1874.8248,3760.511666469264,2134.911262497426,2.4818,0.14731969696969702,20.014029033512355,21.21750905579942,0.12023636363636359
1874.9772,3786.565890346121,2158.539331730953,2.4825,0.14215757575757576,20.172030008754277,21.21750905579942,0.12023636363636359
1875.1296,3794.182999620333,2128.0948314804436,2.4812,0.13705151515151517,20.736482986945106,21.21750905579942,0.12023636363636359
1875.282,3771.6237285618836,2071.382505108799,2.4906,0.13400303030303023,21.18083840426997,21.21750905579942,0.12023636363636359
1875.4344,3743.1335972029656,2025.4846909109035,2.5177,0.12984090909090906,21.503503193130292,21.21750905579942,0.12023636363636359
1875.5868,3721.461772602569,1996.8671198926095,2.5475,0.12231060606060606,21.736900397277523,21.21750905579942,0.12023636363636359
1875.7392,3700.9649464707877,1995.3259097782754,2.5674,0.11893030303030297,21.537167772502077,21.21750905579942,0.12023636363636359
1875.8916,3713.079346361597,2003.029516427405,2.5739,0.117110606060606,21.71716604430677,21.21750905579942,0.12023636363636359
1876.044,3714.4187202803855,1994.1392717858732,2.5709,0.11721969696969696,21.839241511835922,21.21750905579942,0.12023636363636359
1876.1964,3705.752548616726,1984.5545918543412,2.5695,0.11709393939393933,21.792767279083353,21.501298774852437,0.12023636363636359
1876.3488,3707.8532770343013,1985.2784567977224,2.5664,0.11753333333333338,21.796611056521634,21.503503193130292,0.12023636363636359
1876.5012,3700.9289963172846,1993.5666922621099,2.5654,0.11923636363636364,21.54371071671914,21.503503193130292,0.12023636363636359
1876.6536,3699.1548256494157,1991.2913668242236,2.5621,0.12018636363636359,21.513333707687625,21.503503193130292,0.12018636363636359
1876.806,3695.3785944467486,1985.9226232943251,2.5605,0.12212121212121203,21.501298774852437,21.503503193130292,0.11929090909090909
1876.9584,3685.637380682327,1968.9184772146782,2.5596,0.12184393939393934,21.53921217032544,21.503503193130292,0.11923636363636364
1877.1108,3681.32392389515,1968.7277161725042,2.5679,0.1176287878787879,21.530028747681506,21.513333707687625,0.11893030303030297
1877.2632,3691.216648259025,1985.2888015512349,2.5785,0.11641666666666664,21.5818340193041,21.530028747681506,0.1176287878787879
1877.4156,3715.360480168898,2005.5151667084485,2.5849,0.11457727272727264,21.819439160592545,21.537167772502077,0.11753333333333338
1877.568,3745.2309129000355,2040.6031830196105,2.5813,0.11421818181818175,21.875672873366526,21.537167772502077,0.11721969696969696
1877.7204,3752.4098892251172,2048.6569467483623,2.5746,0.11294848484848476,21.844415792223835,21.537167772502077,0.1172045454545454
1877.8728,3758.5130690947385,2046.2239849943574,2.5758,0.11213484848484842,22.006889149240227,21.530028747681506,0.117110606060606
1878.0252,3771.8104195025367,2030.3824619719628,2.5816,0.10972727272727273,22.537238708713588,21.513333707687625,0.11709393939393933
1878.1776,3758.628938976538,2020.447083576112,2.5859,0.10802424242424237,22.45685965874944,21.503503193130292,0.117110606060606
1878.33,3756.6045619081774,2028.0034811398339,2.5814,0.10763787878787878,22.273214967816635,21.501298774852437,0.11721969696969696
1878.4824,3744.2233561901303,2028.8012566852929,2.5729,0.11156363636363628,21.949827967611697,21.461333530494795,0.11753333333333338
1878.6348,3733.5508788176116,2033.7422391849018,2.5673,0.11321060606060607,21.62845548007773,21.363664358632988,0.1176287878787879
1878.7872,3736.6495689612893,2028.9795258125737,2.5736,0.11290151515151516,21.807501119074292,21.18083840426997,0.11893030303030297
1878.9396,3725.9245133561194,1998.910043145765,2.5808,0.11176969696969696,22.07872248931424,21.078275343781414,0.11893030303030297
1879.092,3717.8983628073547,1975.5723845054977,2.5846,0.1110181818181818,22.276460393194913,21.069954791118338,0.11923636363636364
1879.2444,3703.23121503162,1954.8862535836374,2.5851,0.1140166666666666,22.279635438316124,20.937897974554055,0.11959696969696962
1879.3968,3694.7021994872516,1944.8499760084126,2.5881,0.11390757575757578,22.27724959803489,20.88039471381417,0.11959696969696962
1879.5492,3700.403305110879,1945.197506471228,2.59,0.1123318181818182,22.398130502390153,20.88039471381417,0.11959696969696962
1879.7016,3709.5455076527633,1953.376592165345,2.5902,0.11092121212121214,22.465204506816658,20.937897974554055,0.11923636363636364
1879.854,3710.1234760253965,1954.6894269130207,2.5834,0.11303181818181812,22.399632861762907,21.078275343781414,0.11893030303030297
1880.0064,3696.2703807231255,1963.7403842436893,2.5817,0.11074696969696965,21.997924748137116,21.124046413629948,0.11855454545454548
1880.1588,3690.7339329565107,1950.8286221376807,2.5804,0.10934090909090904,22.05521349313351,21.18083840426997,0.1183515151515151
1880.3112,3687.0596062539694,1945.121783896204,2.5842,0.1073893939393939,22.094247241819424,21.363664358632988,0.1176287878787879
1880.4636,3689.8492827310697,1961.4745294681302,2.5847,0.10723787878787869,21.931553306899296,21.461333530494795,0.11753333333333338
1880.616,3675.52184451385,1923.1436584527148,2.583,0.10410303030303023,22.157366929669113,21.501298774852437,0.11721969696969696
1880.7684,3649.2243003857543,1919.9963716604,2.5805,0.1080106060606061,21.680474783032114,21.503503193130292,0.117110606060606
1880.9208,3648.3856372346004,1884.9873251918536,2.5841,0.114419696969697,22.153872099446446,21.513333707687625,0.11709393939393933
1881.0732,3660.3511199017184,1903.3678620582853,2.593,0.11652272727272726,22.216196571471908,21.513333707687625,0.11686969696969694
1881.2256,3668.585211557488,1924.5947806100864,2.6039,0.11046969696969698,22.184613553523462,21.513333707687625,0.1167818181818182
1881.378,3611.4471500018367,1885.659031026144,2.6071,0.10609999999999999,21.643111463909335,21.513333707687625,0.11652272727272726
1881.5304,3540.0902444265066,1841.431483403555,2.6032,0.1091818181818181,20.854441012265006,21.513333707687625,0.11641666666666664
1881.6828,3481.1926511200804,1770.2620371139387,2.59,0.1167818181818182,20.565287301782,21.513333707687625,0.11457727272727264
1881.8352,3446.482281372261,1718.044540642914,2.5841,0.122319696969697,20.524655418669784,21.530028747681506,0.11453181818181815
1881.9876,3420.9483703917367,1701.5280816331544,2.5836,0.12867121212121205,20.26220337355901,21.537167772502077,0.11453181818181815
1882.14,3394.4210329374664,1669.756373341748,2.5928,0.12968333333333332,20.235885337498377,21.537167772502077,0.11453181818181815
1882.2924,3379.2398484220234,1665.6520470360904,2.5948,0.12757727272727265,20.032028028586783,21.537167772502077,0.11453181818181815
1882.4448,3317.5871302000573,1605.2167437588512,2.5932,0.12401212121212121,19.63248612025877,21.537167772502077,0.11453181818181815
1882.5972,3224.560828145084,1569.4941419455033,2.5895,0.12213333333333327,18.420089013693513,21.537167772502077,0.114419696969697
1882.7496,3173.8957487707403,1537.3519012624645,2.5859,0.12532424242424237,17.900495554840866,21.53921217032544,0.11440000000000003
1882.902,3180.2308171461186,1523.2071706676675,2.5815,0.1292075757575757,18.12295936012619,21.54371071671914,0.11421818181818175
1883.0544,3249.7683687079716,1538.884863845546,2.5779,0.13194848484848481,19.085325272704853,21.578727523861815,0.11421818181818175
1883.2068,3272.577347923932,1531.167394574001,2.5802,0.1309015151515151,19.567714854445434,21.578727523861815,0.11421818181818175
1883.3592,3256.601616547981,1552.3363476907468,2.586,0.12864393939393942,19.11689269972731,21.54371071671914,0.1140636363636364
1883.5116,3329.6301030022382,1620.73003040464,2.5855,0.12609545454545448,19.608644478660402,21.578727523861815,0.1140636363636364
1883.664,3455.645184148021,1716.25680337035,2.5822,0.12434545454545458,20.69401010083677,21.578727523861815,0.1140166666666666
1883.8164,3586.1523691195575,1823.7496724071702,2.5835,0.12125151515151515,21.76789496109119,21.578727523861815,0.1140090909090909
1883.9688,3591.091548092704,1834.2915018983836,2.5966,0.11453181818181815,21.836812473155238,21.54371071671914,0.11390757575757578
1884.1212,3534.8474727232247,1829.0674096552916,2.606,0.10898333333333335,20.937897974554055,21.53921217032544,0.1136030303030303
1884.2736,3524.359475416205,1820.1535426111798,2.6088,0.10538484848484846,20.88039471381417,21.530028747681506,0.1136030303030303
1884.426,3542.818353844795,1829.3352634980997,2.6056,0.10840454545454546,21.078275343781414,21.530028747681506,0.1136030303030303
1884.5784,3577.6495499767598,1851.2040114279052,2.6076,0.10749848484848477,21.461333530494795,21.530028747681506,0.1136030303030303
1884.7308,3619.698857205968,1855.1780343999187,2.6098,0.10493181818181818,22.21802538401358,21.513666437583463,0.1135015151515151
1884.8832,3628.4072863370466,1851.2501100850009,2.6117,0.09965606060606061,22.449746993431873,21.499257209558486,0.1134015151515151
1885.0356,3599.1781404246276,1813.8279386630995,2.6069,0.09816060606060603,22.33449643673355,21.499257209558486,0.11321060606060607
1885.188,3532.99548870786,1790.412482135525,2.6028,0.09900303030303034,21.363664358632988,21.499257209558486,0.11309393939393936
1885.3404,3475.1477906930345,1770.4995736395385,2.5988,0.10231515151515143,20.522967489102722,21.499257209558486,0.11303181818181812
1885.4928,3427.22212852083,1726.3605284203802,2.594,0.10961969696969698,20.16080306682474,21.499257209558486,0.11303181818181812
1885.6452,3394.33787025344,1692.3996928361187,2.5907,0.11686969696969694,19.95505833318282,21.499257209558486,0.11307727272727268
1885.7976,3359.377324864352,1660.8037243850451,2.5856,0.12281515151515152,19.670531164672425,21.4951669350474,0.11309393939393936
1885.95,3332.396734513594,1646.4684386369102,2.59,0.12583181818181818,19.400110713727035,21.461333530494795,0.11321060606060607
1886.1024,3329.9320248128006,1623.229651847063,2.5954,0.12699545454545447,19.660885050618297,21.452064964933832,0.1134015151515151
1886.2548,3333.176589464844,1615.293993575921,2.6016,0.12531666666666666,19.85324301523409,21.363664358632988,0.1135015151515151
1886.4072,3332.797548950464,1613.7212900028696,2.6015,0.11959696969696962,19.863521629468167,21.335252955294646,0.1136030303030303
1886.5596,3314.116963973113,1612.9228564609784,2.6,0.1183515151515151,19.53816209722531,21.270266914543544,0.11390757575757578
1886.712,3304.355179153942,1614.6436738864759,2.592,0.11967575757575752,19.291385671647532,21.207439263780547,0.1140090909090909
1886.8644,3320.3084575271764,1628.7950443590148,2.5855,0.12424545454545448,19.3580276808927,21.146472556066797,0.1140166666666666
1887.0168,3361.4297987222594,1680.0386276597856,2.5782,0.12730757575757579,19.428895566580184,21.12478654614979,0.1140636363636364
1887.1692,3424.4151361845406,1720.2485330196855,2.5777,0.12660909090909087,20.05694365644932,21.124046413629948,0.11440000000000003
1887.3216,3514.7966249649735,1764.8969637171233,2.5759,0.11855454545454548,21.124046413629948,21.124046413629948,0.114419696969697
1887.474,3625.028394866446,1807.0767687475322,2.5781,0.11088787878787874,22.653237734792445,21.124046413629948,0.114419696969697
1887.6264,3690.3585749985477,1841.2390427248406,2.5876,0.10955909090909084,23.543360011397915,21.124046413629948,0.114419696969697
1887.7788,3704.050272031382,1872.496963642965,2.596,0.11091363636363631,23.480807658441872,21.124046413629948,0.114419696969697
1887.9312,3652.8454563540095,1886.8590297161727,2.6032,0.1039318181818181,22.377881037586285,21.124046413629948,0.114419696969697
1888.0836,3619.913801396422,1893.8370144479636,2.6053,0.09369545454545447,21.680310714911446,21.124046413629948,0.114419696969697
1888.236,3631.217029550101,1897.6253534700768,2.6041,0.09525909090909093,21.8338884500857,21.124046413629948,0.114419696969697
1888.3884,3640.9071688124286,1902.0482588582845,2.6014,0.10287727272727273,21.936274907211583,21.124046413629948,0.114419696969697
1888.5408,3638.20834949718,1899.1044675684923,2.5906,0.11440000000000003,21.832962713898706,21.124046413629948,0.114419696969697
1888.6932,3619.2174748358707,1897.8262169001175,2.5909,0.1140090909090909,21.4951669350474,21.124046413629948,0.11453181818181815
1888.8456,3591.408897456321,1898.747188165971,2.5916,0.11119696969696963,20.96923172666739,21.124046413629948,0.11440000000000003
1888.998,3581.222550422626,1903.622253394106,2.5972,0.10594999999999999,20.760591917640923,21.124046413629948,0.11440000000000003
1889.1504,3596.9737272224124,1904.1252924437838,2.5964,0.1077424242424242,21.04112820530444,21.124046413629948,0.11440000000000003
1889.3028,3614.517838973705,1910.9034974925662,2.5952,0.10690606060606053,21.270266914543544,21.12478654614979,0.11440000000000003
1889.4552,3635.804081691079,1913.954916565883,2.5934,0.11075151515151516,21.61540139671035,21.146472556066797,0.1140636363636364
1889.6076,3641.668428956999,1901.5356397563187,2.5918,0.11488636363636358,21.87642974315648,21.207439263780547,0.1140090909090909
1889.76,3623.864718561963,1902.1111686625936,2.5894,0.11666363636363636,21.513666437583463,21.270266914543544,0.1136030303030303
1889.9124,3593.153204130712,1872.0104950509644,2.5898,0.11634242424242426,21.335252955294646,21.335252955294646,0.1135015151515151
1890.0648,3572.801695439755,1860.704760241965,2.5951,0.11478636363636363,21.146472556066797,21.363664358632988,0.1134015151515151
1890.2172,3577.0869274372426,1842.5401907101639,2.6,0.1134015151515151,21.499257209558486,21.38092492707182,0.11309393939393936
1890.3696,3590.630433655799,1829.8799951731514,2.6063,0.11144242424242419,21.965929019013966,21.390697289893613,0.11307727272727268
1890.522,3595.7431497435905,1842.3853813248131,2.6026,0.1140636363636364,21.871010541752554,21.39663453993541,0.11186060606060608
1890.6744,3576.2097573738797,1834.96180173021,2.5999,0.1153318181818182,21.578727523861815,21.39663453993541,0.11168636363636367
1890.8268,3564.0202335321924,1844.7292369611598,2.5974,0.11463939393939393,21.207439263780547,21.39663453993541,0.11168636363636367
1890.9792,3578.590448638774,1848.0926083571624,2.5995,0.1136030303030303,21.452064964933832,21.39663453993541,0.11168636363636367
1891.1316,3620.709316911849,1864.7995829896997,2.6004,0.115430303030303,22.03292736905474,21.39663453993541,0.11168636363636367
1891.284,3630.425538757294,1869.9570057129395,2.5984,0.11168636363636367,22.13231542953968,21.452064964933832,0.11168636363636367
1891.4364,3609.6123693173477,1864.280615824244,2.599,0.10545454545454537,21.81924219859238,21.461333530494795,0.11144242424242419
1891.5888,3528.2637307684745,1803.1565888868054,2.5993,0.10746363636363636,21.08936867263794,21.461333530494795,0.11119696969696963
1891.7412,3468.4014742982126,1747.308668840866,2.6,0.1135015151515151,20.69346588739412,21.461333530494795,0.11091363636363631
1891.8936,3387.972918447446,1702.2949706342947,2.5992,0.12069393939393933,19.791910617832244,21.461333530494795,0.11119696969696963
1892.046,3263.883014208814,1684.9609495926907,2.5987,0.11914545454545451,17.84650588328476,21.461333530494795,0.11144242424242419
1892.1984,3203.831142962556,1706.9988071169755,2.5983,0.11671666666666662,16.575614306189358,21.461333530494795,0.11168636363636367
1892.3508,3228.608351164121,1737.392645607811,2.6025,0.11309393939393936,16.65392045985843,21.452064964933832,0.11186060606060608
1892.5032,3377.7793538777973,1739.622762119144,2.6089,0.10845454545454536,19.238924907176685,21.39663453993541,0.112780303030303
1892.6556,3524.958626838952,1762.7535042533366,2.6121,0.1013848484848485,21.634109017508987,21.39663453993541,0.11283939393939385
1892.808,3544.7218765627363,1758.6343581071142,2.6123,0.09932424242424245,22.05127793388671,21.390697289893613,0.11307727272727268
1892.9604,3523.373560826745,1719.7991310726177,2.6084,0.10200606060606056,22.094580483238964,21.390697289893613,0.11309393939393936
1893.1128,3489.7819687728634,1681.7164100872087,2.6054,0.1070651515151515,21.90538183279068,21.390697289893613,0.1134015151515151
1893.2652,3462.585783631557,1641.035359789465,2.5981,0.11307727272727268,21.821019898155598,21.390697289893613,0.1135015151515151
1893.4176,3409.289194521872,1615.3701837006604,2.5939,0.11529999999999994,21.12478654614979,21.390697289893613,0.1135015151515151
1893.57,3361.763469939901,1617.0310291702212,2.5928,0.11523333333333331,20.262907866400173,21.390697289893613,0.1135015151515151
1893.7224,3296.1257545510975,1584.154299123466,2.5976,0.11557878787878788,19.529757391813817,21.390697289893613,0.1135015151515151
1893.8748,3239.4722466080134,1557.8202782406036,2.6012,0.11613787878787878,18.880658664874463,21.390697289893613,0.1135015151515151
1894.0272,3226.383518345822,1524.6876341229897,2.6015,0.11889696969696963,19.016932304148945,21.390697289893613,0.1134015151515151
1894.1796,3232.5631956559782,1525.0553382940996,2.5969,0.119890909090909,19.08307666870689,21.39663453993541,0.11327121212121205
1894.332,3264.173129686627,1531.5405398479415,2.5887,0.1251257575757576,19.486018983972404,21.452064964933832,0.11309393939393936
1894.4844,3271.8571976027847,1551.317933143694,2.5819,0.12738636363636358,19.35461025752756,21.452064964933832,0.11307727272727268
1894.6368,3255.6693829288847,1560.8652970176106,2.5773,0.12893030303030295,18.945687189592103,21.452064964933832,0.11307727272727268
1894.7892,3300.6338126543787,1571.028745496436,2.5793,0.12547424242424243,19.611299521082202,21.452064964933832,0.11307727272727268
1894.9416,3508.2307605540427,1649.6827283414195,2.5812,0.12109848484848484,22.40243853509757,21.452064964933832,0.11307727272727268
1895.094,3744.6051517805918,1847.915577904071,2.5856,0.10621515151515151,24.483076820431297,21.452064964933832,0.11307727272727268
1895.2464,3910.2389761537,2100.296025975315,2.5897,0.09482272727272723,24.364702966472855,21.39663453993541,0.11309393939393936
1895.3988,3985.6422729145006,2205.417889788438,2.5928,0.08778333333333331,24.372804601695353,21.390697289893613,0.11327121212121205
1895.5512,3978.213797667107,2249.487997933541,2.589,0.08878484848484847,23.5061955518198,21.38092492707182,0.1134015151515151
1895.7036,3948.8003316577706,2206.72878521318,2.5719,0.09096666666666668,23.40468817465486,21.335252955294646,0.1135015151515151
1895.856,3902.314118362513,2139.7386963459467,2.5544,0.09306969696969701,23.304846746668346,21.31482807872881,0.1136030303030303
1896.0084,3766.00366221616,2038.4510179882604,2.542,0.10282727272727275,21.968998204673284,21.270266914543544,0.1136030303030303
1896.1608,3692.374785732024,1982.5602345769432,2.5475,0.11186060606060608,21.38092492707182,21.218423165407682,0.11378636363636357
1896.3132,3673.9003611222274,1943.1327660762681,2.5626,0.11598484848484839,21.687772234947133,21.218423165407682,0.1136030303030303
1896.4656,3680.5415515994296,1939.8728517722022,2.5792,0.10910454545454538,21.99776606045089,21.218423165407682,0.1135015151515151
1896.618,3697.1446592756124,1934.1439223905713,2.5858,0.10610454545454548,22.44731690957067,21.270266914543544,0.1135015151515151
1896.7704,3690.979744416606,1922.7081419877068,2.584,0.10549999999999995,22.465957524687287,21.31482807872881,0.1135015151515151
1896.9228,3651.7032296248017,1899.799299417844,2.585,0.10644696969696968,22.030972630620752,21.335252955294646,0.1135015151515151
1897.0752,3612.7056296810797,1872.148474641233,2.5922,0.10626515151515147,21.71845932274614,21.38092492707182,0.1135015151515151
1897.2276,3593.7547899044735,1871.011899463803,2.5936,0.1033409090909091,21.390697289893613,21.335252955294646,0.1135015151515151
1897.38,3593.4073707292923,1869.3503210339322,2.5925,0.10367424242424245,21.39663453993541,21.31482807872881,0.1134015151515151
1897.5324,3629.314573936568,1888.9147106669764,2.5918,0.10473636363636357,21.808941008298476,21.290431166491576,0.1134015151515151
1897.6848,3675.402177989309,1893.1359536206537,2.5966,0.10363181818181816,22.66822154006723,21.218423165407682,0.1134015151515151
1897.8372,3676.4794573091744,1896.7396986125425,2.5998,0.10071212121212116,22.66940470664998,21.218423165407682,0.1134015151515151
1897.9896,3652.6484697344285,1879.918364174973,2.5987,0.10219545454545452,22.42604496717633,21.207439263780547,0.1135015151515151
1898.142,3581.382451225989,1847.5011455961828,2.5982,0.10474696969696973,21.50084882476168,21.20325599488498,0.1136030303030303
1898.2944,3528.521054203548,1815.4495471203861,2.5955,0.10871515151515151,20.90930842495343,21.12478654614979,0.1136030303030303
1898.4468,3520.3703318711327,1794.7834689136791,2.5908,0.11283939393939385,20.98032518836432,21.08936867263794,0.1136030303030303
1898.5992,3520.1182611909276,1764.7937542049917,2.5872,0.11733030303030295,21.31482807872881,20.98032518836432,0.1136030303030303
1898.7516,3532.34038410725,1790.8679834168447,2.5854,0.11537575757575758,21.20325599488498,20.98032518836432,0.113630303030303
1898.904,3587.9549245505345,1819.9948648438851,2.5905,0.112780303030303,21.907630872408244,20.98032518836432,0.1135015151515151
1899.0564,3606.17024246999,1836.6535304964027,2.595,0.10591666666666658,22.07497878571564,20.90930842495343,0.1135015151515151
1899.2088,3598.952903072689,1860.9853697731528,2.6086,0.09994545454545452,21.742089551745607,20.864732839041956,0.1135015151515151
1899.3612,3576.041926979758,1845.9738329575375,2.6102,0.10241060606060608,21.52001143641329,20.768250026837354,0.113630303030303
1899.5136,3534.003186168227,1829.938221573819,2.6002,0.11564090909090904,20.864732839041956,20.768250026837354,0.11378636363636357
1899.666,3475.7184348776027,1807.2814230088031,2.5805,0.12616060606060608,19.93590335769447,20.768250026837354,0.11378636363636357
1899.8184,3427.5304463211396,1795.772158461575,2.5674,0.12598030303030297,19.122597940754893,20.768250026837354,0.11378636363636357
1899.9708,3436.356379920315,1808.1155200734638,2.566,0.12380454545454549,19.115424333401357,20.768250026837354,0.11378636363636357
1900.1232,3498.6306212824184,1792.0567437599916,2.5678,0.12185909090909086,20.4357328870782,20.864732839041956,0.11378636363636357
1900.2756,3554.460918422323,1791.179498751816,2.5707,0.12228030303030302,21.481867124358782,20.90930842495343,0.11378636363636357
1900.428,3503.3918994406986,1774.74688895255,2.5722,0.12182575757575755,20.768250026837354,20.90930842495343,0.11378636363636357
1900.5804,3404.700228878962,1758.868784233888,2.5734,0.12161212121212121,19.215983835320237,20.90930842495343,0.11378636363636357
1900.7328,3360.851592159336,1716.3998400729809,2.5725,0.12588484848484854,18.95234205983879,20.90930842495343,0.11378636363636357
1900.8852,3360.951652137094,1699.8958758005208,2.5734,0.12901212121212122,19.154162811035583,20.90930842495343,0.11419848484848484
1901.0376,3410.7618039438617,1705.3971230935279,2.5737,0.13117121212121205,19.96021956071201,20.909101685898246,0.11430909090909089
1901.19,3449.3880391790726,1705.4381543667723,2.5768,0.12733181818181816,20.666585646509297,20.864732839041956,0.11430909090909089
1901.3424,3440.1689384798924,1754.5677477290783,2.5841,0.122769696969697,19.975312691879495,20.864732839041956,0.11430909090909089
1901.4948,3486.085964958431,1792.5594667488454,2.5882,0.11797727272727268,20.365086312222793,20.864732839041956,0.11430909090909089
1901.6472,3539.687350843637,1805.824138323285,2.5935,0.11327121212121205,21.218423165407682,20.864732839041956,0.11430909090909089
1901.7996,3569.981236515942,1814.3116330233288,2.5964,0.1073924242424242,21.69499157341849,20.864732839041956,0.11430909090909089
1901.952,3554.5769843472667,1799.9408287168512,2.6022,0.1068848484848485,21.638077706790774,20.864732839041956,0.11430909090909089
1902.1044,3489.374465517814,1777.5507240544953,2.6035,0.10749090909090908,20.73119855095106,20.864732839041956,0.11430909090909089
1902.2568,3449.6691237636705,1757.6871420687542,2.6029,0.11512272727272724,20.252986890072282,20.864732839041956,0.11430909090909089
1902.4092,3426.732787919193,1730.4043627990313,2.6013,0.11680757575757568,20.160331457160062,20.864732839041956,0.11430909090909089
1902.5616,3415.8264383621513,1730.3945390383367,2.5992,0.1178439393939393,19.950202684431723,20.864732839041956,0.11430909090909089
1902.714,3429.250335274475,1722.008603263455,2.6,0.1182015151515151,20.295616524808633,20.768250026837354,0.11430909090909089
1902.8664,3442.375781395586,1731.7079822193134,2.6011,0.11841818181818173,20.42262588358654,20.73119855095106,0.11466818181818184
1903.0188,3442.2941399685587,1728.473193354225,2.605,0.1158863636363636,20.490659529457176,20.666585646509297,0.11512272727272724
1903.1712,3424.549797538099,1719.202556242121,2.605,0.11583636363636361,20.284261656293836,20.654200624911812,0.11537575757575758
1903.3236,3409.163356862675,1719.480906315369,2.6007,0.11668939393939397,19.974005397654917,20.621431933979462,0.11564090909090904
1903.476,3400.138772067994,1714.5171451714518,2.6008,0.11430909090909089,19.87406074575595,20.58436513222395,0.11583636363636361
1903.6284,3410.658756206157,1722.5243798234076,2.6003,0.11141060606060608,19.96113230636113,20.490659529457176,0.1158863636363636
1903.7808,3472.712772017774,1763.7694669978944,2.6017,0.11378636363636357,20.58436513222395,20.490659529457176,0.11598484848484839
1903.9332,3592.145364034706,1839.0682536876398,2.596,0.11021363636363632,21.790682762180857,20.490659529457176,0.1163484848484848
1904.0856,3718.7647551874206,1957.4209566060067,2.5979,0.09433787878787872,22.655113994091362,20.490659529457176,0.1163484848484848
1904.238,3847.751249446128,2062.607723545601,2.6009,0.08507878787878778,23.753297124830848,20.490659529457176,0.1163484848484848
1904.3904,3868.388488752102,2089.0147841659805,2.6072,0.08306969696969688,23.844892760245514,20.490659529457176,0.1163484848484848
1904.5428,3825.2627985662793,2079.346724926578,2.6048,0.08879696969696967,23.098650274868408,20.4357328870782,0.11668939393939397
1904.6952,3772.389278889472,2037.075032932045,2.5975,0.09250909090909085,22.593110288012895,20.432901438212866,0.11680757575757568
1904.8476,3663.2325864248874,1972.664870903064,2.5867,0.09838181818181817,21.290431166491576,20.42262588358654,0.11693333333333328
1905.0,3534.863870629549,1926.1369453035245,2.5779,0.1067484848484848,19.459513274582104,20.365086312222793,0.11710606060606063
1905.1524,3454.572037687477,1851.544745968425,2.576,0.11867424242424238,18.96737316785698,20.295616524808633,0.11733030303030295
1905.3048,3386.3995173714075,1757.5168731422245,2.5725,0.12473484848484853,18.90585373207701,20.284261656293836,0.1178439393939393
1905.4572,3354.072535119825,1695.4243567066048,2.5744,0.12470909090909095,19.09479910340507,20.263427944735994,0.11797727272727268
1905.6096,3325.93146267875,1662.2311417477424,2.5749,0.12220757575757574,18.99710649730051,20.252986890072282,0.1182015151515151
1905.762,3313.0974961548286,1662.9902288412047,2.5803,0.12147121212121215,18.80840795479455,20.183993080886655,0.11841818181818173
1905.9144,3309.6438983869834,1670.8529353399651,2.5833,0.12201212121212121,18.680901518662193,20.160331457160062,0.11867424242424238
1906.0668,3342.0173153338073,1683.197677982416,2.5821,0.12202575757575754,19.085696738228506,20.159069954402295,0.11969393939393941
1906.2192,3407.916921962281,1705.8323460063768,2.586,0.11969393939393941,20.000328526967674,20.000328526967674,0.11980606060606062
1906.3716,3486.4368683835773,1740.1014602465602,2.5905,0.113630303030303,21.029604517826574,19.975312691879495,0.12147121212121215
1906.524,3517.1733373336183,1779.4227968112837,2.5972,0.10644999999999999,21.16384077589516,19.974005397654917,0.12161212121212121
1906.6764,3489.9018407858234,1782.9023872641808,2.5968,0.1030212121212121,20.621431933979462,19.96113230636113,0.12178787878787879
1906.8288,3391.3806858199564,1761.779443478844,2.5881,0.11240757575757578,19.056112697619714,19.96021956071201,0.12182575757575755
1906.9812,3325.245684162754,1722.3365235360563,2.5795,0.12316363636363636,18.31961259316095,19.950202684431723,0.12185909090909086
1907.1336,3300.6445353108325,1672.8823466455908,2.5743,0.1276893939393939,18.43938624864098,19.93590335769447,0.12201212121212121
1907.286,3304.1832390752193,1646.3021396526563,2.5735,0.1259818181818181,18.796533200169705,19.87406074575595,0.12202575757575754
1907.4384,3376.739053848353,1672.6546752838383,2.578,0.12301818181818183,19.77842052212005,19.787641951225034,0.12202575757575754
1907.5908,3506.1322805734044,1809.7838768919455,2.578,0.11466818181818184,20.432901438212866,19.787641951225034,0.12202575757575754
1907.7432,3748.96682016767,1971.4042892272587,2.5789,0.10679545454545453,22.882164643082707,19.787641951225034,0.12202575757575754
1907.8956,3945.1510107507956,2085.918204358392,2.5723,0.10064545454545458,25.112876567527714,19.77842052212005,0.12220757575757574
1908.048,3965.6002393931903,2174.71028834889,2.5651,0.09967727272727266,24.163666458232903,19.701976420431336,0.12220757575757574
1908.2004,3879.76298823215,2151.3147864777725,2.5614,0.10454848484848486,22.74955333153357,19.557495192753226,0.1223575757575758
1908.3528,3721.584457256724,2024.4999026938203,2.5681,0.10831818181818184,21.5345227927042,19.701976420431336,0.122769696969697
1908.5052,3616.370483392934,1925.7487390705228,2.5812,0.11419848484848484,20.99408144143062,19.77842052212005,0.1223575757575758
1908.6576,3575.29527270424,1878.069654941671,2.5878,0.1163484848484848,20.909101685898246,19.787641951225034,0.12220757575757574
1908.81,3566.9105849944003,1881.825321169794,2.5814,0.12178787878787879,20.654200624911812,19.787641951225034,0.12202575757575754
1908.9624,3565.0498791181417,1903.3845024035852,2.5718,0.12354696969696964,20.263427944735994,19.787641951225034,0.12201212121212121
1909.1148,3560.593759381896,1899.2310855775584,2.5652,0.1239469696969697,20.183993080886655,19.787641951225034,0.12178787878787879
1909.2672,3538.167048381649,1871.3840936035872,2.5683,0.1223575757575758,20.159069954402295,19.787641951225034,0.12178787878787879
1909.4196,3533.4050524910044,1902.3153574517962,2.5721,0.11980606060606062,19.701976420431336,19.787641951225034,0.12178787878787879
1909.572,3575.8405512988825,2014.3342882916822,2.5646,0.12487878787878787,18.917974028940673,19.787641951225034,0.12201212121212121
1909.7244,3637.0231776700143,2129.795971415455,2.5303,0.12997272727272724,18.16729191599338,19.787641951225034,0.12202575757575754
1909.8768,3675.9562551557465,2254.2227849561696,2.4784,0.13769999999999993,16.697709212164142,19.787641951225034,0.12220757575757574
1910.0292,3677.2379213954205,2259.24545056307,2.4417,0.1426212121212121,16.399658653205048,19.787641951225034,0.1223575757575758
1910.1816,3687.2647826292086,2243.2382704691813,2.4317,0.14280151515151507,16.745734245890972,19.787641951225034,0.12301818181818183
1910.334,3699.271554203795,2246.270218642864,2.442,0.14243030303030296,16.988921158865384,19.787641951225034,0.12316363636363636
1910.4864,3705.5453096525325,2231.284987361176,2.4483,0.13917121212121206,17.365520421372718,19.787641951225034,0.12354696969696964
1910.6388,3695.0112499030183,2272.0970382231126,2.4526,0.14206818181818182,16.603795103153995,19.787641951225034,0.1239469696969697
1910.7912,3661.4459828603967,2288.7281639714543,2.4547,0.1413818181818182,15.763636335298829,19.77842052212005,0.12470909090909095
1910.9436,3707.6052130291673,2302.007005714234,2.4436,0.1462454545454545,16.324929383827865,19.701976420431336,0.12473484848484853
1911.096,3790.8137439384914,2281.6488955561745,2.4313,0.1472227272727273,18.062224784506157,19.557495192753226,0.12487575757575753
1911.2484,3867.755255350521,2262.770959027365,2.4331,0.14247727272727267,19.787641951225034,19.459513274582104,0.12487878787878787
1911.4008,3956.714991899639,2291.432987613632,2.4553,0.13000000000000003,21.249901306881608,19.35882007345754,0.1259818181818181
1911.5532,4082.0152941649153,2363.083793338709,2.4872,0.11693333333333328,22.925257390837572,19.1175079034913,0.1276893939393939
1911.7056,4190.623891505737,2457.9554939095447,2.5089,0.10760757575757571,23.84944028806106,19.09479910340507,0.12892272727272724
1911.858,4222.624288956064,2534.3968709178794,2.5213,0.10444999999999993,23.36320426652752,19.085696738228506,0.12894545454545453
1912.0104,4135.073645824431,2530.9056124990866,2.5175,0.1071015151515151,21.545242730582803,19.056112697619714,0.12997272727272724
1912.1628,3975.821578484649,2499.9774444292257,2.4995,0.11710606060606063,18.6811986638806,18.99710649730051,0.13000000000000003
1912.3152,3845.7801773247857,2433.6067681095315,2.4715,0.13144090909090914,17.03712699965621,18.96737316785698,0.1312727272727272
1912.4676,3750.4937288742494,2365.288001750686,2.4428,0.14478787878787874,16.13897729189106,18.917974028940673,0.13144090909090914
1912.62,3681.061614304934,2284.3866519270764,2.4187,0.1553409090909091,15.944839806946735,18.90585373207701,0.13353333333333336
1912.7724,3660.597297066838,2234.0930813479617,2.4096,0.15819848484848476,16.252936839911435,18.80840795479455,0.13502121212121213
1912.9248,3643.63177323413,2209.851821025203,2.4111,0.15919393939393944,16.31059096625707,18.796533200169705,0.13603484848484848
1913.0772,3638.0389919480936,2199.2230566314365,2.4153,0.15907121212121217,16.391558167660044,18.796533200169705,0.13700454545454538
1913.2296,3633.6238960840788,2203.338983847241,2.4183,0.15796212121212122,16.27584994346866,18.796533200169705,0.137560606060606
1913.382,3655.548506178333,2206.259174650603,2.4226,0.15315909090909086,16.65035735945158,18.796533200169705,0.13769999999999993
1913.5344,3708.936126717117,2179.052641136196,2.4367,0.1493363636363636,18.092936044945702,18.780809674963077,0.13864545454545454
1913.6868,3753.514301652999,2159.4844443436814,2.4595,0.14337727272727277,19.35882007345754,18.780809674963077,0.13917121212121206
1913.8392,3780.3760283478587,2189.9194730398494,2.4766,0.13864545454545454,19.557495192753226,18.6811986638806,0.13956515151515156
1913.9916,3793.479397225085,2237.668595995102,2.4782,0.137560606060606,19.1175079034913,18.627478054118452,0.14101818181818176
1914.144,3779.972840746322,2291.7534470287655,2.4635,0.13956515151515156,17.94745856096878,18.441156713003185,0.1413818181818182
1914.2964,3751.1537751522987,2307.2311409591057,2.4487,0.14364999999999994,17.075766035566215,18.43938624864098,0.14149545454545448
1914.4488,3718.5469850855525,2286.8289755036203,2.4419,0.14561060606060605,16.738758901343676,18.349132301115628,0.14206818181818182
1914.6012,3685.757714636739,2279.995063002816,2.4363,0.1488075757575757,16.21026300510438,18.31961259316095,0.14243030303030296
1914.7536,3668.7706729449833,2271.9988073497075,2.4237,0.1520757575757575,15.941256935065425,18.248852340742328,0.14247727272727267
1914.906,3668.5322260335806,2257.0254359657893,2.4189,0.15473030303030305,16.124170348841073,18.21882378632661,0.1426212121212121
1915.0584,3697.9610258202124,2229.5059903344186,2.4282,0.1511621212121212,17.11230193974214,18.16729191599338,0.14280151515151507
1915.2108,3721.4481414736356,2237.3088873572233,2.4438,0.15078484848484847,17.534529402250747,18.092936044945702,0.14337727272727277
1915.3632,3733.6880826997217,2240.5043192924477,2.4408,0.1511439393939394,17.689162388902936,18.062224784506157,0.14364999999999994
1915.5156,3741.6218604993737,2245.877951859518,2.4355,0.1517999999999999,17.716907828061743,18.038015777366372,0.14478787878787874
1915.668,3750.7244878747497,2256.2051192465105,2.4385,0.1495909090909091,17.753870220121236,18.038015777366372,0.14511515151515147
1915.8204,3794.631741447139,2252.044239960929,2.4592,0.14101818181818176,18.780809674963077,18.01687730801473,0.1454484848484848
1915.9728,3905.8295274561365,2268.895365066604,2.4865,0.12894545454545453,20.86585279498178,18.01687730801473,0.14561060606060605
1916.1252,4098.658254197495,2299.271972644095,2.5269,0.1102530303030303,24.637605213065886,18.003537345297524,0.1462454545454545
1916.2776,4327.44320230797,2350.573183569123,2.5667,0.08489242424242423,29.157298626417553,17.96478409650744,0.1465666666666666
1916.43,4500.912586607127,2457.0697991619522,2.5873,0.06989999999999999,31.587374897623725,17.94745856096878,0.1468984848484849
1916.5824,4523.5706525933365,2583.6573500728564,2.5808,0.06861969696969694,29.8400123463719,17.88730698978002,0.1472227272727273
1916.7348,4400.408279350853,2582.000542152345,2.5701,0.07546212121212117,26.9208310363736,17.82762735370459,0.1473969696969697
1916.8872,4234.127232189368,2517.3231142788713,2.5574,0.09001060606060607,24.240603699883607,17.753870220121236,0.14800606060606053
1917.0396,4099.209476597656,2405.7966438821095,2.5503,0.10766212121212118,23.172982189895666,17.748211802797677,0.14809999999999995
1917.192,3969.2616626361996,2301.5724391231074,2.5392,0.12487575757575753,22.070871700892223,17.716907828061743,0.14810151515151507
1917.3444,3896.0192346776394,2257.7727605049768,2.5303,0.12892272727272724,21.20960403626521,17.716907828061743,0.14818181818181814
1917.4968,3868.452314471667,2246.0550342434967,2.5171,0.1312727272727272,20.73731047109668,17.716907828061743,0.14818181818181814
1917.6492,3871.1398144443806,2263.5338605505704,2.5037,0.13353333333333336,20.415861019404197,17.748211802797677,0.14818181818181814
1917.8016,3871.9315450632876,2253.0064108676515,2.4945,0.13502121212121213,20.514277514219224,17.753870220121236,0.14827121212121214
1917.954,3867.662005930923,2223.9328150480287,2.4967,0.13700454545454538,20.88316404934826,17.753870220121236,0.14827121212121214
1918.1064,3859.4247583111223,2193.5806101291896,2.5065,0.13603484848484848,21.253695324328756,17.82762735370459,0.14846666666666664
1918.2588,3786.6693832623746,2188.524749069985,2.503,0.14149545454545448,19.905551987114073,17.837159449876072,0.14846666666666664
1918.4112,3682.809568055252,2201.2465063878035,2.4784,0.15439999999999993,17.602682517760368,17.88730698978002,0.14846666666666664
1918.5636,3604.686091919495,2217.76115265371,2.4405,0.16838484848484842,15.706592143492983,17.94745856096878,0.14846666666666664
1918.716,3562.1209110989053,2219.413166188027,2.4198,0.16815757575757576,14.811544941344723,17.96478409650744,0.14848333333333336
1918.8684,3594.5854787237804,2213.0817235608256,2.4139,0.16204545454545455,15.42660039103243,17.96478409650744,0.14848333333333336
1919.0208,3631.5155501066943,2209.675595263987,2.4118,0.15838181818181818,16.105237167221993,17.96478409650744,0.14848333333333336
1919.1732,3660.949036178296,2204.751064942505,2.4084,0.15946212121212122,16.66928661902762,17.96478409650744,0.14848333333333336
1919.3256,3680.8037870737126,2202.463319375246,2.4093,0.16053939393939393,17.059105560906385,17.96478409650744,0.14848333333333336
1919.478,3697.6828824457116,2198.9469871973383,2.4145,0.1581636363636364,17.44645642255892,17.96478409650744,0.14848333333333336
1919.6304,3701.6076733064056,2185.497702646116,2.4202,0.15878636363636361,17.748211802797677,17.96478409650744,0.14848333333333336
1919.7828,3712.3467195424364,2194.9169812978384,2.4229,0.16036818181818185,17.82762735370459,17.96478409650744,0.14848333333333336
1919.9352,3739.992024295224,2204.6793016200922,2.427,0.16117575757575753,18.21882378632661,17.96478409650744,0.14848333333333336
1920.0876,3757.3408677386433,2213.3838558047228,2.4311,0.1577833333333334,18.441156713003185,17.980915988632436,0.14848333333333336
1920.24,3765.8221983357735,2239.7881313274197,2.4356,0.15296969696969695,18.248852340742328,18.003537345297524,0.14848333333333336
1920.3924,3757.9801596401812,2249.7918499666375,2.4416,0.14810151515151507,18.003537345297524,18.01687730801473,0.14846666666666664
1920.5448,3769.42217033633,2242.2844228913114,2.445,0.14827121212121214,18.349132301115628,18.038015777366372,0.1483560606060606
1920.6972,3800.3376415463686,2238.699086672469,2.45,0.14800606060606053,19.01249340271521,18.092936044945702,0.14827121212121214
1920.8496,3844.5480700948906,2237.466553618816,2.4506,0.14982424242424236,19.86343899969545,18.097593062353695,0.14818181818181814
1921.002,3847.9261218383695,2250.426384920371,2.4448,0.1519318181818182,19.6903626938226,18.109927363662383,0.1481499999999999
1921.1544,3786.5894109666983,2240.12558814321,2.4358,0.1557590909090909,18.627478054118452,18.119154605790516,0.14810151515151507
1921.3068,3708.665355006151,2241.558854157474,2.4282,0.15896212121212122,17.130345374270124,18.201389991616598,0.14809999999999995
1921.4592,3687.675203892869,2247.9550467992085,2.423,0.16073787878787876,16.624718015514205,18.201389991616598,0.14809999999999995
1921.6116,3700.5201124725018,2255.331995524853,2.4191,0.157919696969697,16.72038188178519,18.201389991616598,0.14809999999999995
1921.764,3730.9550534978316,2282.523716379954,2.414,0.15541515151515145,16.833963637180297,18.201389991616598,0.14809999999999995
1921.9164,3757.452033314103,2274.6455381350147,2.416,0.1536590909090909,17.442946644011464,18.216650850508515,0.14809999999999995
1922.0688,3746.5613499421056,2286.0537222624735,2.4164,0.1527378787878788,17.080725619735244,18.21882378632661,0.14809999999999995
1922.2212,3743.676098323084,2279.324996747026,2.4175,0.15195454545454545,17.135274186901643,18.239013720886366,0.14809999999999995
1922.3736,3749.1420516466465,2255.927916885931,2.4201,0.1522666666666666,17.595220324974672,18.248852340742328,0.14807272727272727
1922.526,3752.7055677444614,2244.682135924046,2.4288,0.15118030303030305,17.88730698978002,18.349132301115628,0.14800606060606053
1922.6784,3737.6576364465764,2264.8794330667943,2.4368,0.1487560606060606,17.375633620725395,18.35794879290551,0.1477545454545454
1922.8308,3739.335899832908,2294.586342092109,2.4399,0.1465666666666666,16.987716718827976,18.441156713003185,0.1473969696969697
1922.9832,3743.6025296337834,2263.0095205285697,2.4371,0.14511515151515147,17.513675952603766,18.464229500904153,0.14696818181818183
1923.1356,3742.223651884802,2223.076378865312,2.4327,0.1454484848484848,18.038015777366372,18.528281079757665,0.1468984848484849
1923.288,3744.388944716211,2219.3743810799792,2.4299,0.1473969696969697,18.109927363662383,18.56111701510748,0.14666363636363627
1923.4404,3754.9894052136206,2238.370278437694,2.4283,0.14818181818181814,18.01687730801473,18.627478054118452,0.1465666666666666
1923.5928,3776.876790546904,2251.195947847294,2.4294,0.1468984848484849,18.239013720886366,18.627478054118452,0.1465666666666666
1923.7452,3772.8749108769707,2264.672447228228,2.4289,0.14809999999999995,17.96478409650744,18.627478054118452,0.1465666666666666
1923.8976,3761.268070560797,2268.871720166533,2.4284,0.14965151515151515,17.687087050400493,18.627478054118452,0.1465666666666666
1924.05,3741.4059977880534,2274.9969771201586,2.4247,0.15057272727272722,17.20883263477371,18.627478054118452,0.1465666666666666
1924.2024,3727.4144730808043,2261.7970749502265,2.4193,0.15315909090909097,17.110863700918884,18.627478054118452,0.1465666666666666
1924.3548,3715.8134193529513,2256.2101295544285,2.4158,0.15406969696969697,16.95881252928441,18.627478054118452,0.1465666666666666
1924.5072,3717.222766282058,2243.981447397482,2.4135,0.15351666666666666,17.14504087947089,18.627478054118452,0.1465666666666666
1924.6596,3726.712631086017,2236.281316559267,2.4184,0.15183181818181812,17.461931924397113,18.627478054118452,0.1465666666666666
1924.812,3734.4154316631384,2233.150265809356,2.4237,0.15117575757575752,17.68471723773397,18.627478054118452,0.1465666666666666
1924.9644,3755.410415349871,2233.0717337662722,2.4307,0.14900454545454547,18.119154605790516,18.627478054118452,0.1465666666666666
1925.1168,3769.1518171812977,2243.177186711383,2.4277,0.14666363636363627,18.201389991616598,18.627478054118452,0.1465666666666666
1925.2692,3775.1553164293573,2247.209235970978,2.4229,0.14696818181818183,18.216650850508515,18.627478054118452,0.1465666666666666
1925.4216,3771.740408233977,2258.247827881211,2.4212,0.14848333333333336,17.980915988632436,18.627478054118452,0.1465666666666666
1925.574,3755.8083798393923,2257.3848256044316,2.4241,0.1477545454545454,17.72432813332078,18.627478054118452,0.1465666666666666
1925.7264,3757.039827333944,2250.826890882896,2.4234,0.14846666666666664,17.837159449876072,18.627478054118452,0.1465666666666666
1925.8788,3767.060222291159,2245.5801192485555,2.4236,0.1483560606060606,18.097593062353695,18.627478054118452,0.1465666666666666
1926.0312,3776.605367041932,2241.9545607004784,2.428,0.14807272727272727,18.35794879290551,18.627478054118452,0.1465666666666666
1926.1836,3780.9809710472127,2239.6811540530293,2.4355,0.1481499999999999,18.528281079757665,18.649997765487942,0.1454484848484848
1926.336,3771.745075571021,2230.0573391055336,2.4438,0.14853484848484846,18.56111701510748,18.909279530851087,0.14511515151515147
1926.4884,3779.66816299199,2218.78953674761,2.4488,0.145019696969697,18.909279530851087,19.01249340271521,0.145019696969697
1926.6408,3814.109703205204,2229.398362328434,2.4538,0.13665454545454536,19.435265851146948,19.22649232277585,0.13665454545454536
1926.7932,3878.933496906907,2249.3767720852934,2.4533,0.13260606060606056,20.362056162371065,19.435265851146948,0.136310606060606
1926.9456,3972.4897266567355,2289.8543974144477,2.4609,0.12960303030303025,21.629909303964283,19.643778480632808,0.13619696969696965
1927.098,4061.8986444346133,2314.2383361780444,2.4799,0.12334545454545445,23.207123659936517,19.68530362155148,0.13388939393939386
1927.2504,4114.648580932222,2349.9026656130136,2.4996,0.11697575757575754,23.91519685807741,19.6903626938226,0.1333636363636364
1927.4028,4100.009012487003,2371.139313769878,2.5161,0.11517575757575763,23.434129386346957,19.792966898063654,0.13260606060606056
1927.5552,3956.5352278317855,2266.78783966492,2.5315,0.11550909090909092,22.28496713733923,19.86343899969545,0.13233939393939387
1927.7076,3817.587455066946,2159.60531937431,2.5576,0.11475,21.36989157915457,19.924903173350778,0.1315954545454545
1927.86,3702.745352435029,2030.1593222145257,2.5806,0.11573030303030302,21.19944142533806,20.060221435590684,0.13067121212121208
1928.0124,3668.960569507423,1950.6001551264692,2.5885,0.11453636363636367,21.712727242307846,20.10496214152252,0.12960303030303025
1928.1648,3670.153392664269,1939.2520391413336,2.5882,0.11352727272727267,21.88520138958546,20.26805031577467,0.12835757575757567
1928.3172,3665.638011030588,1942.324187161543,2.5823,0.11391515151515147,21.70871875548461,20.321832864301452,0.12559696969696968
1928.4696,3648.756872842978,1943.3570089644354,2.582,0.11730606060606062,21.373567315867753,20.34621487284701,0.12334545454545445
1928.622,3634.260777288255,1916.7231580152106,2.5793,0.11817424242424243,21.432472849185487,20.362056162371065,0.12274090909090903
1928.7744,3627.198274938773,1897.224935062995,2.5773,0.12118030303030296,21.53922819087704,20.37352987908566,0.12228181818181816
1928.9268,3637.300950853477,1902.5160275115802,2.5672,0.12274090909090903,21.57441136850281,20.37352987908566,0.12212121212121213
1929.0792,3656.3948522566966,1954.5039195883232,2.5485,0.12835757575757567,21.090814847240797,20.37352987908566,0.12118030303030296
1929.2316,3704.270849284303,2036.8109474578955,2.53,0.1333636363636364,20.721098248847543,20.37352987908566,0.11983636363636363
1929.384,3741.9250289115275,2094.4408674338497,2.5182,0.13388939393939386,20.531118437764956,20.37352987908566,0.11972424242424237
1929.5364,3758.9487769234092,2115.940781426372,2.5129,0.1315954545454545,20.505486944981367,20.37352987908566,0.11936363636363632
1929.6888,3753.722318145208,2150.844178113608,2.4984,0.13233939393939387,19.792966898063654,20.37352987908566,0.11914393939393936
1929.8412,3720.476045163259,2177.147522458977,2.4794,0.13619696969696965,18.649997765487942,20.37352987908566,0.11914393939393936
1929.9936,3713.902765931522,2181.011036001709,2.4782,0.136310606060606,18.464229500904153,20.37352987908566,0.11914393939393936
1930.146,3746.925197949026,2083.081320132284,2.5011,0.13067121212121208,20.643607669146213,20.37352987908566,0.11914393939393936
1930.2984,3736.4296992223135,2062.437451915367,2.5374,0.12212121212121213,21.033462425101536,20.37352987908566,0.11914393939393936
1930.4508,3712.0664079911726,2044.7785024546736,2.5596,0.11774393939393935,21.000523642843337,20.37352987908566,0.11914393939393936
1930.6032,3715.4238850071433,2042.271262938405,2.5643,0.115969696969697,21.13806877960936,20.37352987908566,0.11914393939393936
1930.7556,3735.266652451085,2066.7951858861215,2.5568,0.11719242424242424,21.110714821303294,20.37352987908566,0.11914393939393936
1930.908,3745.0928593808558,2066.4028522867716,2.5422,0.11781666666666671,21.18252439242124,20.37352987908566,0.11914393939393936
1931.0604,3717.0595717332744,2055.0688326696613,2.5333,0.1184136363636363,20.73621226602795,20.37352987908566,0.11914393939393936
1931.2128,3678.773549038848,1970.8638047758532,2.5372,0.1179318181818182,21.196536664484555,20.37352987908566,0.11883636363636363
1931.3652,3576.306266983935,1877.5108936286595,2.5567,0.11842272727272718,20.68345663896904,20.37352987908566,0.11873333333333336
1931.5176,3558.374028539374,1825.3497239517867,2.5734,0.1172621212121212,21.152036185354884,20.37352987908566,0.11873333333333336
1931.67,3553.7232479724657,1820.6656300978486,2.5837,0.1164909090909091,21.210069926388023,20.37352987908566,0.11873333333333336
1931.8224,3570.8469866292403,1874.4153982487007,2.5842,0.1159393939393939,20.845115305062414,20.37352987908566,0.11873333333333336
1931.9748,3608.7234495986363,1898.0637632352275,2.5884,0.11211666666666664,21.274983322154895,20.37352987908566,0.11873333333333336
1932.1272,3610.219479550381,1895.7263436924495,2.5891,0.11005454545454538,21.33931092796372,20.37352987908566,0.11873333333333336
1932.2796,3553.8061170237575,1843.3503012680292,2.5898,0.10859242424242425,20.97466279862768,20.37352987908566,0.11873333333333336
1932.432,3473.0055855227624,1781.0698222611525,2.5878,0.1133484848484848,20.26805031577467,20.37352987908566,0.11873333333333336
1932.5844,3431.6672633804624,1732.375297965141,2.5859,0.11972424242424237,20.10496214152252,20.37352987908566,0.11873333333333336
1932.7368,3416.852661681141,1686.7363201700018,2.585,0.12559696969696968,20.37352987908566,20.37352987908566,0.11873333333333336
1932.8892,3400.328430672569,1701.3390788878783,2.5867,0.12228181818181816,19.924903173350778,20.37352987908566,0.11873333333333336
1933.0416,3382.037033749357,1702.7238553958416,2.5941,0.11678939393939389,19.643778480632808,20.37352987908566,0.11873333333333336
1933.194,3374.1074887917202,1727.8637300541716,2.5968,0.1150212121212121,19.22649232277585,20.37352987908566,0.11873333333333336
1933.3464,3408.6715351323546,1739.1572276875202,2.5949,0.11539696969696966,19.68530362155148,20.37352987908566,0.11873333333333336
1933.4988,3456.4093259548217,1751.922487775915,2.5873,0.11549999999999999,20.321832864301452,20.37352987908566,0.11873333333333336
1933.6512,3483.9262751821693,1775.4260760462523,2.5871,0.11371060606060604,20.52835897824147,20.37352987908566,0.11873333333333336
1933.8036,3508.053099585893,1769.8262051569995,2.5912,0.11106818181818173,21.06660323431683,20.37352987908566,0.11873333333333336
1933.956,3513.050614207569,1796.7354589987092,2.5959,0.1093939393939394,20.863716094556953,20.37352987908566,0.11873333333333336
1934.1084,3504.7011057975897,1796.9504901229627,2.5966,0.11203181818181815,20.714519544204656,20.37352987908566,0.11873333333333336
1934.2608,3513.406967334998,1795.3300214756343,2.5931,0.11394242424242415,20.86515960977615,20.37352987908566,0.11873333333333336
1934.4132,3530.0330766878837,1829.582329404053,2.5931,0.11584242424242415,20.73953995478846,20.37352987908566,0.11873333333333336
1934.5656,3552.315065172395,1847.80131043547,2.5905,0.11423030303030299,20.89613720123691,20.37352987908566,0.11873333333333336
1934.718,3551.855576518133,1875.463789642862,2.588,0.11243787878787874,20.512122578094473,20.34621487284701,0.11873333333333336
1934.8704,3530.48693615587,1875.552651156437,2.5804,0.11574090909090906,20.060221435590684,20.321832864301452,0.11873333333333336
1935.0228,3520.821709885677,1834.0497841020135,2.5753,0.11983636363636363,20.373715159403606,20.26805031577467,0.11883636363636363
1935.1752,3504.4069527066026,1793.5277655515567,2.5762,0.11936363636363632,20.588678583035943,20.10496214152252,0.11914393939393936
1935.3276,3487.1109606029686,1774.9360167011696,2.5863,0.11555303030303027,20.58542820489281,20.060221435590684,0.11936363636363632
1935.48,3472.261777551964,1765.5246556560794,2.5962,0.11230303030303027,20.51127491240892,19.942453619226086,0.11943636363636358
1935.6324,3463.7032760860156,1771.7139588739155,2.6045,0.11003787878787882,20.34621487284701,19.924903173350778,0.11972424242424237
1935.7848,3448.0925192908785,1724.1242772310381,2.609,0.1077242424242424,20.67859306581103,19.792966898063654,0.11983636363636363
1935.9372,3452.7797255674486,1715.6279181294256,2.6137,0.10564999999999994,20.902235365320095,19.68530362155148,0.12033030303030295
1936.0896,3461.1820708951836,1739.2118083808555,2.6144,0.10888787878787881,20.77568962554963,19.643778480632808,0.12118030303030296
1936.242,3469.6412085916877,1751.15652167918,2.6125,0.1134136363636364,20.768533509739516,19.580825299713744,0.12212121212121213
1936.3944,3445.29408772614,1743.1865312532527,2.609,0.1090742424242424,20.398342069650987,19.580825299713744,0.12228181818181816
1936.5468,3391.5618208948254,1701.63162355085,2.6096,0.10794242424242423,19.942453619226086,19.580825299713744,0.12246515151515153
1936.6992,3341.2186678534867,1663.2279828285898,2.6073,0.11158939393939393,19.49036469742903,19.580825299713744,0.12228181818181816
1936.8516,3316.2443750054404,1639.5135679429914,2.6062,0.1173727272727273,19.320986648903702,19.580825299713744,0.12212121212121213
1937.004,3318.381744545573,1631.4252758516411,2.6025,0.11914393939393936,19.422265335606983,19.58070108084149,0.12033030303030295
1937.1564,3306.7032342334915,1620.9136145575912,2.6002,0.11859090909090904,19.32244594151663,19.49036469742903,0.11983636363636363
1937.3088,3283.1065426238356,1605.1719398250111,2.5961,0.11873333333333336,19.064077758461117,19.424931977751587,0.11972424242424237
1937.4612,3273.62828208623,1591.4737109219582,2.5944,0.12294848484848488,19.041834110005933,19.422265335606983,0.11972424242424237
1937.6136,3270.203808371207,1602.2195576969882,2.594,0.12456969696969698,18.86207108957656,19.422265335606983,0.11972424242424237
1937.766,3264.5996581167287,1599.3224917318491,2.5954,0.12364545454545448,18.809299007996685,19.422265335606983,0.11972424242424237
1937.9184,3259.6002070402233,1581.647082021997,2.5952,0.12380606060606053,18.917754138579685,19.352414324649914,0.11972424242424237
1938.0708,3240.8431295826886,1572.2532380008658,2.5917,0.12611666666666668,18.678616530119765,19.32244594151663,0.11972424242424237
1938.2232,3231.356883648889,1557.7127992579399,2.5847,0.1278378787878787,18.626317693940198,19.320986648903702,0.11983636363636363
1938.3756,3247.047243045961,1565.8762279644534,2.5797,0.1300530303030303,18.764801390035277,19.320986648903702,0.12033030303030295
1938.528,3272.6124853172655,1583.3782684449543,2.5808,0.12811969696969694,19.0132959751026,19.320986648903702,0.12228181818181816
1938.6804,3312.496196280615,1597.6031759177047,2.5868,0.12305151515151506,19.580825299713744,19.320986648903702,0.12246515151515153
1938.8328,3319.834705342886,1614.6308438988885,2.5951,0.11883636363636363,19.58070108084149,19.320986648903702,0.12294848484848488
1938.9852,3306.7929207725833,1618.3824458601161,2.6002,0.11609090909090905,19.352414324649914,19.320986648903702,0.12305151515151506
1939.1376,3272.7565565189384,1592.283484969429,2.6017,0.11943636363636358,19.07162278799679,19.320986648903702,0.12348939393939387
1939.29,3223.9673626191143,1578.2679544808468,2.5971,0.12033030303030295,18.368576453186673,19.30092932705339,0.12364545454545448
1939.4424,3211.2368002680246,1569.4666645383438,2.5948,0.12487727272727263,18.235582275701102,19.236541799099864,0.12380606060606053
1939.5948,3203.2553818473793,1536.4436571794968,2.5967,0.1250515151515152,18.471104965075302,19.22649232277585,0.12383939393939385
1939.7472,3219.795403551916,1546.7645066262721,2.6007,0.12698939393939399,18.665506133483444,19.22649232277585,0.12418181818181812
1939.8996,3234.1924599174476,1529.378057940749,2.6002,0.12449090909090904,19.088946744237525,19.22649232277585,0.12418181818181812
1940.052,3238.188526741084,1531.5643965545833,2.5954,0.12434545454545448,19.097677144419745,19.22649232277585,0.12418181818181812
1940.2044,3250.024791035562,1535.2031449502747,2.5908,0.12383939393939385,19.224244351210814,19.22649232277585,0.12418181818181812
1940.3568,3264.956349418885,1549.8373382662367,2.5882,0.1264772727272727,19.30092932705339,19.22649232277585,0.12418181818181812
1940.5092,3289.9068507345087,1577.5687119679396,2.5882,0.12537727272727267,19.424931977751587,19.22649232277585,0.12383939393939385
1940.6616,3280.350506743122,1578.9890843572848,2.5868,0.12560151515151508,19.236541799099864,19.22649232277585,0.12383939393939385
1940.814,3265.2466557468024,1600.0747541486191,2.5902,0.12532121212121214,18.77424472309878,19.22649232277585,0.12383939393939385
1940.9664,3246.697912228377,1568.7776195961324,2.5903,0.12819090909090905,18.804618829887957,19.236541799099864,0.12383939393939385
1941.1188,3214.84058166676,1550.6068631650494,2.5879,0.12966818181818185,18.450064981795833,19.236541799099864,0.12383939393939385
1941.2712,3219.5777367467053,1544.285737447105,2.587,0.13044090909090902,18.589982502059144,19.236541799099864,0.12383939393939385
1941.4236,3233.0912404229753,1540.4707128619195,2.5888,0.12544545454545453,18.869277228701957,19.236541799099864,0.12383939393939385
1941.576,3236.3318599245918,1577.3417547927024,2.5938,0.12458030303030304,18.562532879167758,19.236541799099864,0.12383939393939385
1941.7284,3225.328564474826,1565.92691005322,2.5933,0.12463181818181811,18.49863535132398,19.236541799099864,0.12383939393939385
1941.8808,3208.05972379953,1548.7222533299055,2.5928,0.12473333333333331,18.39226801903669,19.236541799099864,0.12418181818181812
1942.0332,3204.06015812163,1529.2790713543152,2.5897,0.1285227272727272,18.51050795657154,19.236541799099864,0.12434545454545448
1942.1856,3215.4306915391344,1529.1386705022228,2.5875,0.12853939393939395,18.685133847780317,19.236541799099864,0.12434545454545448
1942.338,3208.1272557144766,1520.6067660016672,2.5899,0.12986212121212115,18.670815042301125,19.236541799099864,0.12449090909090904
1942.4904,3188.821548398841,1511.3500004958498,2.5929,0.1269530303030302,18.469255486897087,19.236541799099864,0.12456969696969698
1942.6428,3160.396335267452,1504.0450818762074,2.5895,0.12898333333333326,18.05374243409027,19.236541799099864,0.12458030303030304
1942.7952,3146.5791791020893,1491.4053363735559,2.5795,0.13441363636363637,17.8894533698482,19.236541799099864,0.12458030303030304
1942.9476,3152.756645044907,1488.8599279798202,2.5757,0.13946515151515151,17.989382391405876,19.236541799099864,0.12458030303030304
1943.1,3162.9708265751815,1489.375737541504,2.5785,0.14021666666666663,18.16999588263007,19.236541799099864,0.12458030303030304
1943.2524,3183.499279848178,1509.5924496604407,2.586,0.13514393939393943,18.35070901383734,19.236541799099864,0.12458030303030304
1943.4048,3204.137626541361,1543.1919061407193,2.5891,0.13170454545454538,18.3599370379076,19.236541799099864,0.12458030303030304
1943.5572,3214.2676362900092,1568.6758893280632,2.5927,0.1275636363636364,18.279894551441853,19.236541799099864,0.12458030303030304
1943.7096,3220.227423279244,1582.973684620538,2.5925,0.12767424242424247,18.222139136295652,19.236541799099864,0.12458030303030304
1943.862,3286.6467038103756,1630.7915706053031,2.5934,0.12480151515151514,18.817896329467825,19.236541799099864,0.12458030303030304
1944.0144,3447.3281510309753,1776.9786815028062,2.5936,0.1261909090909091,19.902941628092268,19.236541799099864,0.12458030303030304
1944.1668,3666.6963402809693,1969.6793455081229,2.5856,0.12246515151515153,21.387599916027202,19.236541799099864,0.12458030303030304
1944.3192,3935.198335028946,2304.380894202607,2.563,0.11531363636363628,21.54344394578449,19.236541799099864,0.12463181818181811
1944.4716,4025.7659587675985,2445.9491775415645,2.5306,0.10988181818181811,20.826589282383896,19.236541799099864,0.12473333333333331
1944.624,4008.5325982603385,2539.1938059666054,2.5068,0.10704393939393933,18.72995731884253,19.236541799099864,0.12480151515151514
1944.7764,3980.0527278638947,2528.5205168534853,2.495,0.10711969696969692,18.254081285723462,19.236541799099864,0.12480151515151514
1944.9288,3951.9746907657595,2517.9365807115155,2.4852,0.11268939393939395,17.805872628883144,19.236541799099864,0.12480151515151514
1945.0812,3839.5839946790015,2433.915753615539,2.4687,0.12348939393939387,16.89531553581499,19.30092932705339,0.12480151515151514
1945.2336,3764.566389388073,2355.3430663815734,2.4435,0.14022575757575761,16.55497025579363,19.352414324649914,0.12480151515151514
1945.386,3701.5672153843348,2293.2863440365904,2.4196,0.15206818181818182,16.185632338413154,19.424931977751587,0.12487727272727263
1945.5384,3670.3301731726315,2273.4799459377214,2.4048,0.15775303030303034,15.822883787955474,19.58070108084149,0.1250515151515152
1945.6908,3710.9139586612955,2260.4568377336104,2.4066,0.1568575757575757,16.745112182670585,19.58070108084149,0.12532121212121214
1945.8432,3778.065897997179,2241.082542864013,2.4301,0.14943636363636364,18.41330668388222,19.58070108084149,0.12532121212121214
1945.9956,3816.1631034120105,2223.8127444607144,2.4592,0.1405681818181818,19.598127156775757,19.58070108084149,0.1250515151515152
1946.148,3859.287930988639,2228.800074878323,2.4796,0.1366863636363636,20.508036735588583,19.580825299713744,0.12487727272727263
1946.3004,3871.8921967652936,2232.124875962549,2.477,0.14012424242424243,20.67892215240761,19.598127156775757,0.12480151515151514
1946.4528,3884.5741115056294,2235.4579718499513,2.4741,0.14240303030303028,20.84895923624783,19.80042825681714,0.12480151515151514
1946.6052,3886.0648620944207,2205.8472320525234,2.4839,0.14083333333333325,21.395861116529446,19.807983684532186,0.12480151515151514
1946.7576,3874.466275745562,2200.1326720423626,2.489,0.14093787878787878,21.299311906649837,19.863108902125113,0.12480151515151514
1946.91,3769.8370980170016,2201.8889433100285,2.4715,0.14584090909090913,19.147332957220254,19.902941628092268,0.12480151515151514
1947.0624,3732.4124756621727,2268.1710415280686,2.4445,0.1524727272727272,17.286126256112627,20.218731393414696,0.12480151515151514
1947.2148,3759.2454868703912,2305.937713959321,2.4493,0.14591818181818178,17.248284868888167,20.218731393414696,0.12480151515151514
1947.3672,3857.553996896745,2275.9788650571536,2.491,0.12418181818181812,19.863108902125113,20.218731393414696,0.12480151515151514
1947.5196,4072.5850091993925,2296.1662761878215,2.5323,0.10771666666666657,24.198935411450023,20.218731393414696,0.12480151515151514
1947.672,4146.3013169403885,2301.7618899821255,2.5578,0.10208939393939395,25.904556576768897,20.218731393414696,0.12480151515151514
1947.8244,4222.735440360097,2307.3848427223506,2.5757,0.10401515151515153,27.644459693531022,20.229382867440467,0.12480151515151514
1947.9768,4213.861780356602,2263.6397663876232,2.6018,0.1051060606060606,28.423479744775772,20.38748522977016,0.12480151515151514
1948.1292,3993.6060375776315,2158.2825509087024,2.6204,0.11181969696969692,25.517396915230343,20.508036735588583,0.12473333333333331
1948.2816,3741.8423417451127,1975.7337374685455,2.627,0.12031969696969702,23.108893356618232,20.51199710909695,0.12463181818181811
1948.434,3555.041323856334,1807.914966309196,2.6266,0.12324090909090912,21.74888743820492,20.631857496515003,0.12458030303030304
1948.5864,3479.928757364023,1712.5211817744596,2.6284,0.12159545454545449,21.551826254186054,20.67892215240761,0.12432272727272724
1948.7388,3429.7828479350414,1646.7522026931529,2.6256,0.12054393939393938,21.392566010187288,20.700646760771686,0.12422121212121208
1948.8912,3423.4343516028816,1631.0481357194726,2.6238,0.11858939393939387,21.443824296206525,20.723475892379767,0.12418181818181812
1949.0436,3445.6913596576014,1648.9152215215895,2.6213,0.11814696969696963,21.61933008263181,20.742890855637047,0.12407575757575756
1949.196,3457.326742331609,1651.094662760665,2.6215,0.11793636363636356,21.806397469306933,20.742939678992503,0.12348939393939387
1949.3484,3467.7819393183668,1671.0480508551238,2.6192,0.12248333333333325,21.745408940182337,20.74697986630675,0.12324090909090912
1949.5008,3436.2517798499007,1648.5941516014295,2.6174,0.12582878787878787,21.420826183307504,20.826589282383896,0.12298636363636362
1949.6532,3414.9232594591026,1634.1148276620045,2.6172,0.12583939393939392,21.202615511976905,20.8302265440409,0.12248333333333325
1949.8056,3425.5697201215135,1616.5610527588674,2.6166,0.12422121212121208,21.587390611936584,20.84895923624783,0.12246515151515153
1949.958,3410.822872208284,1608.431388897391,2.6167,0.12674090909090913,21.415885604217525,21.01622855131773,0.12219090909090909
1950.1104,3392.4451315407246,1603.7370018641866,2.6129,0.12534242424242428,21.110631535125684,21.025468591936374,0.12205151515151517
1950.2628,3365.716948504973,1595.9142918627747,2.6126,0.1269833333333333,20.723475892379767,21.07385133378302,0.12159545454545449
1950.4152,3351.059794648639,1593.422219248206,2.6149,0.12298636363636362,20.51199710909695,21.07385133378302,0.12063636363636357
1950.5676,3386.7682697147584,1592.171198103603,2.622,0.11678484848484849,21.212470700270803,21.101007654843563,0.12054393939393938
1950.72,3448.5996852360786,1611.7492714607747,2.6205,0.11298939393939397,22.08869808219584,21.110631535125684,0.12031969696969702
1950.8724,3487.6256798181125,1665.5428259802823,2.6147,0.11444696969696966,22.13297097839674,21.1457518391824,0.11980151515151516
1951.0248,3506.0919497920277,1696.542626468403,2.6078,0.11518787878787873,22.04896181950335,21.202615511976905,0.11943484848484846
1951.1772,3496.3069684104994,1699.9461237547393,2.6085,0.1181757575757576,21.835944752952685,21.212470700270803,0.11943484848484846
1951.3296,3459.1708884894047,1703.4537412829332,2.6116,0.12063636363636357,21.1457518391824,21.212470700270803,0.11943484848484846
1951.482,3430.257618199272,1689.4298118957365,2.6165,0.12205151515151517,20.8302265440409,21.212470700270803,0.11943484848484846
1951.6344,3417.3928252689743,1679.901586867667,2.6151,0.12407575757575756,20.700646760771686,21.212470700270803,0.11943484848484846
1951.7868,3412.8240671278313,1667.7226721644613,2.6128,0.12432272727272724,20.742939678992503,21.212470700270803,0.11943484848484846
1951.9392,3426.632625185075,1650.7298305510665,2.6023,0.1314545454545454,21.101007654843563,21.202615511976905,0.11943484848484846
1952.0916,3406.8503623690576,1623.4215846895581,2.5981,0.13237727272727268,21.025468591936374,21.1457518391824,0.11980151515151516
1952.244,3314.250297662736,1588.19152505987,2.5981,0.12637727272727267,19.80042825681714,21.1457518391824,0.11980151515151516
1952.3964,3387.321548832774,1621.8528711265494,2.6042,0.11197878787878784,20.74697986630675,21.1457518391824,0.12031969696969702
1952.5488,3499.7915970554905,1701.065621620053,2.6087,0.10501515151515155,21.887972716615636,21.1457518391824,0.12054393939393938
1952.7012,3553.2343992259357,1756.972841857457,2.6122,0.10520454545454541,22.228611523437323,21.202615511976905,0.12054393939393938
1952.8536,3513.953785973929,1699.3603982123263,2.6078,0.11823787878787873,22.159615841623516,21.212470700270803,0.12054090909090907
1953.006,3391.5127615681968,1625.0262573960554,2.5989,0.12888484848484846,20.742890855637047,21.24834596230848,0.12054090909090907
1953.1584,3307.0978913995923,1568.193254093612,2.5866,0.13421212121212125,19.807983684532186,21.24834596230848,0.12054090909090907
1953.3108,3263.138736925498,1534.200901796042,2.584,0.13404999999999995,19.405093758874262,21.24834596230848,0.12054090909090907
1953.4632,3259.2377147696507,1557.6928973701156,2.5856,0.1304651515151515,19.100915560108437,21.24834596230848,0.12054090909090907
1953.6156,3302.9336292391986,1607.828139629957,2.5934,0.11980151515151516,19.3533913222996,21.24834596230848,0.12054090909090907
1953.768,3389.080445072546,1657.1161394848152,2.6056,0.10615454545454546,20.38748522977016,21.299311906649837,0.12054090909090907
1953.9204,3494.663415070392,1745.7574599916265,2.6198,0.09800151515151509,21.349047737173244,21.349047737173244,0.12040757575757577
1954.0728,3522.766805088595,1759.435318239595,2.6296,0.09973181818181817,21.779405467467168,21.349047737173244,0.12031969696969702
1954.2252,3467.1784015716057,1717.995153765639,2.6278,0.10687727272727267,21.24834596230848,21.392566010187288,0.12012424242424238
1954.3776,3395.8732563839744,1656.1023132185,2.6199,0.11312121212121212,20.631857496515003,21.392566010187288,0.11980151515151516
1954.53,3339.344445491337,1597.0590639389513,2.6101,0.11939090909090905,20.229382867440467,21.415885604217525,0.11943484848484846
1954.6824,3310.4023529053993,1547.4453444132046,2.6035,0.12219090909090909,20.218731393414696,21.420826183307504,0.11939090909090905
1954.8348,3285.856586590083,1506.389552931455,2.5977,0.1262984848484848,20.187352383916753,21.443824296206525,0.11918939393939398
1954.9872,3256.9391610603434,1467.4552794447934,2.589,0.13338484848484847,20.029589747086437,21.443824296206525,0.11858939393939387
1955.1396,3250.482293509593,1491.4089851519666,2.5872,0.13288030303030296,19.662463330174965,21.443824296206525,0.11823787878787873
1955.292,3271.0074767418278,1538.9889832018948,2.5989,0.11943484848484846,19.599622868925948,21.443824296206525,0.11823787878787873
1955.4444,3350.8608568221575,1545.7847444028696,2.6132,0.10930151515151514,21.01622855131773,21.443824296206525,0.11823787878787873
1955.5968,3484.6193156289983,1641.5382419707078,2.6239,0.09605909090909091,22.433578930664737,21.443824296206525,0.11823787878787873
1955.7492,3655.4038333769076,1734.3931643969145,2.6174,0.09197878787878787,24.475702592826593,21.443824296206525,0.11823787878787873
1955.9016,3794.8915878658095,1968.6819390225317,2.6113,0.08642727272727271,24.11167546700799,21.420826183307504,0.11823787878787873
1956.054,3975.6297029625484,2058.691623124348,2.5993,0.07901363636363636,26.395068222623443,21.415885604217525,0.11823787878787873
1956.2064,4117.238640446737,2081.9202845837494,2.5897,0.07632272727272721,28.93333155883834,21.392566010187288,0.11823787878787873
1956.3588,4108.824536476603,2052.4727313375142,2.5886,0.08050606060606058,29.162080356177658,21.3839517410318,0.11823787878787873
1956.5112,4022.6949680678795,2046.4712805820895,2.5938,0.09303030303030303,27.489131833858465,21.349047737173244,0.11823787878787873
1956.6636,3838.911804527851,2017.9951139094685,2.6078,0.10038787878787872,24.27211102594133,21.24834596230848,0.11823787878787873
1956.816,3745.5898996874994,1937.5360745315716,2.6109,0.10524848484848481,23.560889472724863,21.239630258433166,0.11918939393939398
1956.9684,3720.0446698277283,1912.2666131298938,2.6071,0.10834999999999999,23.36756125698192,21.212470700270803,0.11939090909090905
1957.1208,3683.7086534522077,1897.9361190070708,2.6002,0.11074090909090904,22.79550467761782,21.202615511976905,0.11939090909090905
1957.2732,3643.2398059807465,1891.3926122750636,2.5953,0.11327575757575756,22.068808961515412,21.1457518391824,0.11939090909090905
1957.4256,3634.854534266375,1878.9692300294791,2.5957,0.11395454545454546,22.075910213327884,21.110631535125684,0.11939090909090905
1957.578,3618.276570234689,1860.9524193297273,2.5955,0.11406515151515151,21.99530553576362,21.101007654843563,0.11939090909090905
1957.7304,3583.133878483798,1844.0674028416063,2.5991,0.11077424242424241,21.58483832267145,21.101007654843563,0.11918939393939398
1957.8828,3555.6219188692935,1841.8198243382471,2.5955,0.11326515151515151,21.07385133378302,21.101007654843563,0.11847575757575751
1958.0352,3539.5434825020207,1856.3723268969347,2.5895,0.11608333333333327,20.543911609067763,21.1457518391824,0.11823787878787873
1958.1876,3624.2309805161913,1896.1697743819252,2.5827,0.11389393939393937,21.542568738874778,21.212470700270803,0.11823787878787873
1958.34,3810.9098547278163,1957.6774289683592,2.5822,0.10719545454545458,24.306333037093122,21.1457518391824,0.11847575757575751
1958.4924,3960.7202585383543,1996.8697363516114,2.5821,0.10552575757575752,26.77806390603644,21.101007654843563,0.11918939393939398
1958.6448,3968.946380159435,1987.7176267121079,2.5748,0.1147878787878787,26.995508324557576,21.07385133378302,0.11939090909090905
1958.7972,3748.0079485312926,1970.8281228379408,2.5558,0.12839545454545448,22.666569607322252,21.025468591936374,0.11943484848484846
1958.9496,3532.152086496008,1994.774841753098,2.5209,0.14052121212121205,18.076355800292706,21.01622855131773,0.11980151515151516
1959.102,3491.260966030077,2085.5043081948415,2.4825,0.14375757575757575,15.862675620944472,20.999351855208563,0.11980151515151516
1959.2544,3552.4558332303804,2176.432407421292,2.464,0.14476363636363637,15.533380627780902,20.999351855208563,0.11980151515151516
1959.4068,3549.7335370625724,2183.751826062161,2.4793,0.14097727272727276,15.476399186433094,20.999351855208563,0.11980151515151516
1959.5592,3606.57134337683,2181.142137047,2.5071,0.1319030303030303,16.70777109048881,20.999351855208563,0.11980151515151516
1959.7116,3755.887057223059,2189.2855731970535,2.5245,0.12273030303030294,19.479191345895853,20.947303756085162,0.11980151515151516
1959.864,3863.343109991204,2228.066918030822,2.5281,0.11918939393939398,20.999351855208563,20.947303756085162,0.11980151515151516
1960.0164,3825.05157795927,2211.9799615516085,2.5315,0.12335909090909092,20.523408292638596,20.999351855208563,0.11980151515151516
1960.1688,3781.539190666249,2159.011784605991,2.5455,0.1220666666666666,20.580187963648406,21.01622855131773,0.12012424242424238
1960.3212,3788.4484638015488,2104.4593410584303,2.5606,0.12054090909090907,21.630266328723078,21.01622855131773,0.12040757575757577
1960.4736,3800.6788351567784,2094.311347415882,2.5661,0.12012424242424238,22.060692196639494,21.01622855131773,0.12040757575757577
1960.626,3808.4337816073144,2132.5004827510934,2.5505,0.12380151515151513,21.52815019368462,21.01622855131773,0.12040757575757577
1960.7784,3812.8024097711823,2193.6042904827227,2.5141,0.12793181818181815,20.41850409713201,21.07385133378302,0.12012424242424238
1960.9308,3846.746041562021,2288.695511138243,2.4802,0.13090454545454544,19.37851090709181,21.20901536876412,0.11980151515151516
1961.0832,3924.1081601623205,2341.371684305051,2.4672,0.12834393939393934,19.957829757234503,21.239630258433166,0.11943484848484846
1961.2356,3967.8665297179928,2345.6312233682743,2.4813,0.12347121212121208,20.862729912469373,21.24834596230848,0.11939090909090905
1961.388,3958.8117330451682,2303.828754776023,2.508,0.121580303030303,21.557148908564773,21.349047737173244,0.11918939393939398
1961.5404,3852.5903867252478,2180.351088029529,2.5452,0.12040757575757577,21.644070790717993,21.3839517410318,0.11918939393939398
1961.6928,3715.3785956161455,2066.140912437111,2.5766,0.11779242424242421,20.901689462235446,21.489794699200946,0.11918939393939398
1961.8452,3687.2469402987786,1984.5468390166598,2.5971,0.11148030303030294,21.67164411186866,21.489794699200946,0.11918939393939398
1961.9976,3677.974507582202,1967.8240114557316,2.5965,0.11121212121212125,21.71813350693562,21.502963853246214,0.11918939393939398
1962.15,3690.622211297809,1977.1909487727212,2.5928,0.1116333333333333,21.80107543980016,21.52815019368462,0.11918939393939398
1962.3024,3691.1764171610644,1984.6734762845194,2.5912,0.11571818181818175,21.695802162815028,21.542568738874778,0.11847575757575751
1962.4548,3683.686393564668,1989.3133148891095,2.5913,0.11618787878787878,21.489794699200946,21.557148908564773,0.1181378787878788
1962.6072,3670.0782661047565,1978.479491774835,2.5919,0.11715606060606062,21.3839517410318,21.58483832267145,0.1181378787878788
1962.7596,3672.824592500835,1991.1951024962452,2.5892,0.11632424242424241,21.239630258433166,21.630266328723078,0.1181378787878788
1962.912,3723.3574716350527,2036.9348140762356,2.581,0.11755909090909089,21.502963853246214,21.630266328723078,0.1181378787878788
1963.0644,3856.607096764398,2131.868070379624,2.5757,0.10801515151515154,22.701197262918225,21.630266328723078,0.1181378787878788
1963.2168,4135.853562560213,2319.0611150210184,2.5765,0.08927272727272731,25.59639062110631,21.630266328723078,0.11847575757575751
1963.3692,4334.988821190245,2554.443247863964,2.5655,0.08065606060606055,25.89073782020875,21.58483832267145,0.11873787878787878
1963.5216,4204.944120321,2656.345729322902,2.5257,0.09976666666666663,20.895936641248184,21.58483832267145,0.11918939393939398
1963.674,3902.414042545019,2567.242724039937,2.4514,0.13898181818181815,15.789929294270028,21.58483832267145,0.11918939393939398
1963.8264,3615.7913280322296,2402.5974537827115,2.3919,0.16661212121212116,12.86199790189464,21.58483832267145,0.11918939393939398
1963.9788,3545.0558218353576,2278.147794090718,2.363,0.17276969696969696,13.344989610471247,21.58483832267145,0.11963181818181814
1964.1312,3574.1968317700134,2192.8167983579774,2.3674,0.16698636363636365,15.065239458320155,21.58483832267145,0.12012424242424238
1964.2836,3555.920584440281,2195.573125262921,2.3792,0.16141060606060603,14.79192117106738,21.58483832267145,0.12040757575757577
1964.436,3508.5417105522156,2205.5088517026848,2.3807,0.16175606060606057,13.865607569389086,21.58483832267145,0.12054090909090907
1964.5884,3502.1359812300216,2171.111818669425,2.3799,0.16404848484848478,14.23177278784896,21.58483832267145,0.12054090909090907
1964.7408,3547.713133405886,2115.425323334571,2.4032,0.16398787878787877,15.908149211239731,21.58483832267145,0.12054090909090907
1964.8932,3590.1948104723438,2019.249114922304,2.4538,0.15615454545454538,18.288194612105215,21.58483832267145,0.12054090909090907
1965.0456,3645.571073685268,2010.7397780797698,2.5152,0.1413484848484848,19.86862750491822,21.58483832267145,0.12054090909090907
1965.198,3719.400063698387,2050.4430517696505,2.5458,0.1280757575757576,20.947303756085162,21.58483832267145,0.12054090909090907
1965.3504,3829.5787212121977,2134.0263784704184,2.5491,0.11847575757575751,21.9058992048125,21.58483832267145,0.12054090909090907
1965.5028,3936.179142641295,2197.018023764989,2.5438,0.11498181818181813,23.040863587668593,21.630266328723078,0.12054090909090907
1965.6552,3931.462535019425,2184.2447730047984,2.5442,0.11696060606060604,23.139916315957514,21.630266328723078,0.12054090909090907
1965.8076,3868.1970242295333,2170.8381229942183,2.5391,0.1262560606060606,22.038280977616992,21.644070790717993,0.12054090909090907
1965.96,3773.3373113486095,2140.968141860212,2.5259,0.13525606060606057,20.52651169717004,21.67089017500114,0.12054090909090907
1966.1124,3685.3298962715057,2112.372975209418,2.5019,0.14372878787878784,19.094910267189803,21.67089017500114,0.12054090909090907
1966.2648,3677.0382952439786,2149.7094929986333,2.4916,0.14094999999999996,18.335541761646024,21.67089017500114,0.12103939393939389
1966.4172,3683.6774896849784,2135.009960577966,2.4848,0.14636060606060608,18.615599309093167,21.644070790717993,0.12111212121212123
1966.5696,3690.3407027144835,2120.5100912069793,2.4811,0.14653181818181815,18.91391434026821,21.630266328723078,0.12111212121212123
1966.722,3675.7567681318646,2131.459588281448,2.4664,0.14683636363636357,18.383792155490635,21.630266328723078,0.12111212121212123
1966.8744,3661.2480675745314,2156.712626533509,2.474,0.14183333333333326,17.819871370831336,21.630266328723078,0.12111212121212123
1967.0268,3656.070300186402,2140.6734272055155,2.4883,0.14004999999999992,18.057277278278796,21.630266328723078,0.12111212121212123
1967.1792,3675.074243010667,2140.1533636147246,2.5143,0.13737121212121212,18.60371334828277,21.630266328723078,0.12111212121212123
1967.3316,3707.925447341498,2091.71138774894,2.5279,0.13180000000000003,20.008418872908297,21.630266328723078,0.12103939393939389
1967.484,3735.133909697501,2050.634801990623,2.5417,0.12636818181818177,21.20901536876412,21.630266328723078,0.12054090909090907
1967.6364,3763.794715128405,2030.9236104864422,2.5382,0.12812878787878793,21.99760568417598,21.644070790717993,0.12054090909090907
1967.7888,3791.139083061768,2029.7767179016587,2.5255,0.12942727272727267,22.424952095961263,21.67089017500114,0.12040757575757577
1967.9412,3801.1196342544736,2070.1276103270025,2.5204,0.12792272727272727,22.01470107127443,21.67164411186866,0.12040757575757577
1968.0936,3815.6758177789466,2082.3000397604537,2.5418,0.1181378787878788,22.312133925437088,21.695802162815028,0.12040757575757577
1968.246,3822.3941129111145,2041.568149393491,2.5633,0.11372272727272728,23.206484718944594,21.695802162815028,0.12103939393939389
1968.3984,3788.3684163426833,2006.9822966778124,2.5755,0.11272575757575758,23.130817913693846,21.707725779740997,0.12040757575757577
1968.5508,3757.461297408979,1997.4206536441131,2.577,0.11597121212121211,22.674841866245846,21.71813350693562,0.12006818181818175
1968.7032,3737.263508956926,1981.012695249664,2.5781,0.11468787878787874,22.518646832355902,21.761723118348797,0.12003030303030296
1968.8556,3732.01488398062,1979.729852611451,2.58,0.11366212121212117,22.451576347908343,21.79300927527018,0.11963181818181814
1969.008,3766.054847498255,1994.2201637380374,2.58,0.11221212121212117,22.91199194364176,21.80107543980016,0.11936515151515148
1969.1604,3790.606310464088,1998.760611038431,2.5838,0.112510606060606,23.362644395775614,21.80107543980016,0.11873787878787878
1969.3128,3781.712788343193,2014.178548205478,2.5849,0.11137727272727263,22.985270235584164,21.80107543980016,0.11852878787878784
1969.4652,3770.396695707463,2026.6402121855067,2.5825,0.11210454545454542,22.56983754243311,21.82317699178199,0.11852878787878784
1969.6176,3771.255068242642,2021.7242495476323,2.576,0.11332424242424237,22.59806184164626,21.9058992048125,0.11852878787878784
1969.77,3767.963655468678,2020.6091526700152,2.5718,0.11594696969696965,22.512855617606263,21.99707901339048,0.11852878787878784
1969.9224,3778.0939962020734,2019.1795559394882,2.5752,0.1162166666666666,22.759307216224443,21.99760568417598,0.11852878787878784
1970.0748,3764.9430441195,1991.685627322163,2.5808,0.11561969696969696,22.932250539848738,22.00256870489777,0.11852878787878784
1970.2272,3720.6713321541447,1964.0934336258208,2.5814,0.11873787878787878,22.45777852491929,22.01470107127443,0.11852878787878784
1970.3796,3656.1053841189723,1902.3153574517962,2.5802,0.12180151515151512,22.040158588795354,22.01470107127443,0.11852878787878784
1970.532,3592.492539213329,1857.3225306385095,2.5702,0.1247818181818182,21.349297762738846,22.01470107127443,0.11852878787878784
1970.6844,3567.4825371261636,1844.493690112957,2.5547,0.12432878787878786,20.924838401710247,22.01470107127443,0.11852878787878784
1970.8368,3618.989722449135,1888.8257490080255,2.5403,0.12614242424242428,21.18661767506958,22.00256870489777,0.11852878787878784
1970.9892,3707.7360062768757,1993.0986995815674,2.5297,0.12580454545454542,21.377777253158353,21.99760568417598,0.11852878787878784
1971.1416,3820.626116386199,2127.7368084506334,2.5314,0.12103939393939389,21.67089017500114,21.99707901339048,0.11852878787878784
1971.294,3938.345765567643,2205.732298781203,2.5317,0.11824848484848488,22.844948718662334,21.99760568417598,0.11852878787878784
1971.4464,3983.6575936512413,2258.823529411765,2.5394,0.11841515151515146,23.02342652581638,22.00256870489777,0.11847575757575751
1971.5988,3987.8324011382597,2241.3462196033965,2.5438,0.11963181818181814,23.41473802648862,22.01470107127443,0.11841515151515146
1971.7512,3933.821963581172,2191.599587277505,2.5471,0.12183181818181818,23.10426076199933,22.01470107127443,0.11837272727272723
1971.9036,3884.2622386756807,2151.4818260490238,2.5532,0.12368333333333334,22.763465856799332,22.01470107127443,0.11824848484848488
1972.056,3841.674607135835,2084.1210896233606,2.5635,0.12111212121212123,22.987031390246734,22.01470107127443,0.1181378787878788
1972.2084,3787.7234514511533,2042.8365670426392,2.5687,0.11758636363636356,22.559883350474824,22.01470107127443,0.11806060606060606
1972.3608,3765.7244942587527,2019.8700073160649,2.5699,0.11837272727272723,22.463104859014138,22.01470107127443,0.11793030303030305
1972.5132,3743.9795997332044,1997.4127999559628,2.5714,0.12006818181818175,22.36562419539774,22.01470107127443,0.11793030303030305
1972.6656,3700.367365867753,1963.707490049389,2.5724,0.11936515151515148,21.99707901339048,22.01470107127443,0.11793030303030305
1972.818,3683.1299837956785,1955.5409560080277,2.574,0.11793030303030305,21.79300927527018,22.01470107127443,0.11793030303030305
1972.9704,3684.6081779443325,1963.9023409612814,2.5739,0.11451060606060601,21.707725779740997,22.01470107127443,0.11778333333333335
1973.1228,3708.665355006151,1997.083000813772,2.5795,0.11241363636363637,21.761723118348797,22.01470107127443,0.11758636363636356
1973.2752,3728.1302595013503,2048.1448430830765,2.5892,0.11087424242424242,21.50527077337049,22.00256870489777,0.11778333333333335
1973.4276,3746.3449169302094,2055.214330939404,2.597,0.11066060606060604,21.82317699178199,21.99760568417598,0.11793030303030305
1973.58,3751.324594191108,2030.8343011111626,2.5992,0.1133439393939393,22.2839438503682,21.99760568417598,0.11793030303030305
1973.7324,3733.7841314174416,1994.0388183357366,2.5844,0.11852878787878784,22.328069029457744,22.00256870489777,0.11778333333333335
1973.8848,3720.3897620927924,1972.2053630009618,2.5452,0.12830757575757576,22.029150536364824,22.01470107127443,0.11758636363636356
1974.0372,3698.625150165637,2030.5772422122902,2.487,0.14099393939393934,20.349055345841766,22.029150536364824,0.1167636363636364
1974.1896,3671.01977990743,2140.429897760765,2.4307,0.15240454545454546,17.908909907999792,22.040158588795354,0.11666666666666659
1974.342,3650.5398559186538,2241.735256067505,2.4041,0.15481515151515146,15.929419056991286,22.261263658541797,0.11626969696969688
1974.4944,3655.408217232947,2284.441439827678,2.408,0.14938333333333334,15.420299780496602,22.2839438503682,0.1162166666666666
1974.6468,3635.058276615055,2276.2610172377485,2.4269,0.1397060606060606,15.302000205056382,22.285679570433075,0.11597121212121211
1974.7992,3659.8544703537386,2273.949771672465,2.4524,0.12672878787878789,15.940774918368215,22.312133925437088,0.11597121212121211
1974.9516,3773.8558951640666,2299.15923789811,2.4849,0.11313030303030297,17.875900247811412,22.328069029457744,0.11597121212121211
1975.104,3987.6654495216244,2354.2606092344486,2.5127,0.10290606060606053,21.386640969417677,22.36562419539774,0.11596969696969694
1975.2564,4191.978302936448,2419.714000601753,2.5185,0.10639848484848483,24.595656642902288,22.421517446184428,0.11595909090909094
1975.4088,4291.7790184385985,2451.745340235973,2.5047,0.12003030303030296,26.0604688927806,22.424952095961263,0.11595757575757573
1975.5612,4279.035813058921,2439.2430023816232,2.4946,0.12969090909090902,25.88631183785763,22.451576347908343,0.11594696969696965
1975.7136,4161.313708170129,2377.672346141665,2.5097,0.13016515151515148,24.541764170573064,22.45777852491929,0.11574848484848484
1975.866,4034.323516214725,2282.8519471648597,2.5415,0.12127878787878783,23.705118320114785,22.46006251917288,0.11561969696969696
1976.0184,3921.2760099730094,2183.0839642169044,2.5744,0.11595909090909094,23.226060247549793,22.46006251917288,0.11561969696969696
1976.1708,3863.0493248535518,2102.08346264457,2.5932,0.11246212121212121,23.420425917012466,22.46006251917288,0.11561969696969696
1976.3232,3797.6670761701375,2013.7553762908053,2.6015,0.11284696969696963,23.453374753237902,22.46006251917288,0.11553636363636363
1976.4756,3749.109770932837,1956.4183423205766,2.6028,0.11250303030303034,23.301290498342794,22.46006251917288,0.11553636363636363
1976.628,3667.163963617114,1913.462286964099,2.5987,0.11314545454545452,22.261263658541797,22.463104859014138,0.11553636363636363
1976.7804,3610.121130934403,1878.8059226767807,2.5907,0.11596969696969694,21.571270939845313,22.463104859014138,0.11553636363636363
1976.9328,3601.7895505562215,1864.3364907168523,2.5848,0.11595757575757573,21.553494118147476,22.463104859014138,0.11553636363636363
1977.0852,3638.3820659277694,1884.621353724508,2.5879,0.11511818181818183,22.00256870489777,22.46006251917288,0.11553636363636363
1977.2376,3680.581551205729,1904.365608206766,2.5926,0.11139393939393936,22.584664194639352,22.46006251917288,0.11553636363636363
1977.39,3709.428129829985,1923.3353967541823,2.5965,0.10816212121212125,22.920772485709037,22.46006251917288,0.11553636363636363
1977.5424,3706.509618319497,1937.0890914810661,2.5972,0.10864999999999998,22.686874492457555,22.46006251917288,0.11540909090909088
1977.6948,3686.818776164862,1925.1819227438643,2.6005,0.11305000000000003,22.49657557863246,22.45777852491929,0.11525606060606061
1977.8472,3659.696274025762,1902.8711628865206,2.6018,0.11525606060606061,22.285679570433075,22.421517446184428,0.11525606060606061
1977.9996,3621.4793648153322,1879.3086758334348,2.6026,0.1167636363636364,21.87757182612873,22.36562419539774,0.11525606060606061
1978.152,3613.592228405585,1878.0823842280513,2.6036,0.11226060606060599,21.75340137735114,22.36562419539774,0.11525606060606061
1978.3044,3618.779184421203,1878.2015850098808,2.603,0.11354242424242415,21.84448322717164,22.421517446184428,0.11525606060606061
1978.4568,3614.050689195198,1893.629935754504,2.6013,0.11140757575757568,21.53941416707892,22.421517446184428,0.11525606060606061
1978.6092,3614.003552347324,1900.8051606111762,2.5951,0.11553636363636363,21.39298711622649,22.421517446184428,0.11525606060606061
1978.7616,3631.11753360392,1881.4989027676181,2.5911,0.11574848484848484,21.933567481137093,22.421517446184428,0.11525606060606061
1978.914,3688.3713444524988,1887.3497411395804,2.5763,0.11778333333333335,22.812186139184067,22.421517446184428,0.11525606060606061
1979.0664,3755.359518998571,1954.126746404612,2.5556,0.11515606060606055,23.029133451374346,22.36562419539774,0.11525606060606061
1979.2188,3844.271682045435,2080.6923626712323,2.5381,0.11540909090909088,22.858256743436907,22.35478181077819,0.11525606060606061
1979.3712,3808.895420328105,2144.7766455777705,2.5445,0.11626969696969688,21.30830926148625,22.328069029457744,0.11525606060606061
1979.5236,3719.7722737840263,2153.7911458550475,2.5673,0.11806060606060606,19.643997271076643,22.315226920459974,0.11525606060606061
1979.676,3637.4485351154603,2086.9836718177094,2.5851,0.11666666666666659,19.191000106607966,22.285679570433075,0.11525606060606061
1979.8284,3647.1414571574555,2018.5336889166742,2.5878,0.1146984848484848,20.36340631912209,22.2839438503682,0.11525606060606061
1979.9808,3704.540979661487,1993.934461833949,2.5805,0.1131606060606061,21.734496125060836,22.261263658541797,0.11525606060606061
1980.1332,3731.229089876348,2027.062076780962,2.5737,0.11862121212121207,21.73085485668192,22.029150536364824,0.11525606060606061
1980.2856,3737.579720932286,2072.8884149476476,2.5647,0.11989848484848475,21.13401794036431,22.00256870489777,0.11525606060606061
1980.438,3822.8447583881843,2189.917899633074,2.5586,0.11989696969696961,21.031235299856974,22.00256870489777,0.11525606060606061
1980.5904,3879.9358435805393,2233.4038965863656,2.5555,0.11448636363636364,21.474151514705834,22.00256870489777,0.11525606060606061
1980.7428,3902.738831483118,2266.9193399159276,2.5479,0.11448939393939396,21.35005839513541,22.00256870489777,0.11540909090909088
1980.8952,3891.0456163822214,2277.4345685875423,2.5259,0.12545606060606057,20.774580379705288,22.029150536364824,0.11553636363636363
1981.0476,3885.6784448107455,2258.8185074901176,2.5074,0.13781212121212116,20.800092177168885,22.261263658541797,0.11570454545454545
1981.2,3950.709455649787,2236.0040670625153,2.5118,0.13192878787878784,22.46006251917288,22.2839438503682,0.11570454545454545
1981.3524,4079.038053624362,2244.9731162996245,2.55,0.10920303030303033,25.29263158354748,22.285679570433075,0.11570454545454545
1981.5048,4207.875685436444,2299.9607618242735,2.5898,0.08974242424242425,27.589463408614602,22.285679570433075,0.11553636363636363
1981.6572,4344.609647941228,2372.9391513939854,2.6223,0.06809393939393935,29.809902665515903,22.315226920459974,0.11540909090909088
1981.8096,4392.158671054983,2380.056253035587,2.6382,0.05577575757575759,30.967633326766563,22.343213234902883,0.11525606060606061
1981.962,4278.95772002308,2330.7260502222525,2.6402,0.05766969696969691,29.217598892345535,22.35478181077819,0.11515606060606055
1982.1144,4096.333727556177,2215.2450723879297,2.6235,0.07888030303030302,26.856425908588687,22.421517446184428,0.11511818181818183
1982.2668,3897.6184630493494,2131.7845722582647,2.5986,0.1033257575757576,23.73064664901776,22.432883122636888,0.1146984848484848
1982.4192,3813.1124530397933,2091.721435958531,2.5808,0.11601969696969694,22.46869038547642,22.432883122636888,0.114669696969697
1982.5716,3818.280896694707,2083.9401236416443,2.5754,0.11705606060606055,22.634831127811587,22.432883122636888,0.114669696969697
1982.724,3839.3421725537423,2126.6975903009193,2.5742,0.114669696969697,22.421517446184428,22.432883122636888,0.1146984848484848
1982.8764,3880.0790782520808,2162.8418379330387,2.5735,0.11253181818181812,22.692695538917192,22.432883122636888,0.11511818181818183
1983.0288,3901.175344264645,2197.6579945217177,2.5761,0.10974393939393942,22.61704560271312,22.421517446184428,0.11515606060606055
1983.1812,3927.804681922563,2197.014856520081,2.5823,0.10576515151515148,23.21956967513651,22.35478181077819,0.11515606060606055
1983.3336,3944.3647864504346,2170.73917657197,2.5861,0.10236363636363632,23.986600249903436,22.343213234902883,0.11511818181818183
1983.486,3919.9446475007776,2135.690627555314,2.586,0.10339393939393941,24.0094586516174,22.315226920459974,0.1146984848484848
1983.6384,3893.7447144459466,2097.2727197663826,2.5856,0.10366515151515152,24.037058203406797,22.315226920459974,0.114669696969697
1983.7908,3850.2787283469193,2070.875862270449,2.5909,0.10545909090909089,23.594317153211396,22.315226920459974,0.11448939393939396
1983.9432,3810.9384435917345,2044.0668077215832,2.5967,0.10515151515151519,23.246453859938484,22.315226920459974,0.11448939393939396
1984.0956,3806.0844905803156,2016.9628694870178,2.6024,0.10542424242424245,23.583192194448664,22.315226920459974,0.11448939393939396
1984.248,3785.6582176604434,1998.4500210466686,2.6035,0.10429090909090909,23.447480696378882,22.315226920459974,0.11448939393939396
1984.4004,3737.730971662898,1960.171476418134,2.6043,0.10179848484848487,23.041812997900877,22.343213234902883,0.11448939393939396
1984.5528,3683.37033219215,1901.7136011829557,2.6041,0.10350909090909093,22.773368834508865,22.35478181077819,0.11448636363636364
1984.7052,3636.298563017842,1868.5527115164275,2.6093,0.10508333333333325,22.35478181077819,22.421517446184428,0.11419242424242423
1984.8576,3627.2112243622933,1847.5033852711308,2.6102,0.11346060606060608,22.46243175198859,22.432883122636888,0.11354242424242415
1985.01,3635.6913240810877,1825.4634179646443,2.6142,0.11064848484848487,22.9400297645285,22.432883122636888,0.11354242424242415
1985.1624,3614.655006795267,1829.3429489872594,2.6134,0.10689090909090908,22.48500536495402,22.432883122636888,0.11354242424242415
1985.3148,3533.106061572024,1790.098079520761,2.6137,0.10624999999999993,21.459096263710354,22.432883122636888,0.11354242424242415
1985.4672,3415.416887040241,1748.9589734850247,2.6056,0.11570454545454545,19.767634166826408,22.432883122636888,0.11354242424242415
1985.6196,3359.7587322863114,1703.1177447770776,2.603,0.12039242424242415,19.31555803560147,22.441631732486744,0.11346060606060608
1985.772,3405.1300384306014,1665.4709299371132,2.6019,0.12232575757575752,20.545953707176764,22.46006251917288,0.1131606060606061
1985.9244,3507.100497759736,1657.6532676653194,2.6075,0.12122878787878788,22.518373720862275,22.46243175198859,0.1131606060606061
1986.0768,3488.3681006591055,1641.2359454364434,2.6017,0.12253636363636357,22.315226920459974,22.46869038547642,0.11253181818181812
1986.2292,3355.150618523338,1630.6860009244836,2.5997,0.12434242424242425,20.047638270588052,22.48500536495402,0.11253181818181812
1986.3816,3290.858797540926,1619.6139069997291,2.5958,0.13062424242424236,19.032974984464076,22.518373720862275,0.11226515151515151
1986.534,3303.757048123427,1612.6463643236914,2.5984,0.13058636363636367,19.351080528481386,22.61704560271312,0.11144242424242419
1986.6864,3349.6088276698792,1619.4856857762084,2.6005,0.12675000000000003,20.083403486603938,22.61704560271312,0.11124090909090904
1986.8388,3371.4315421312804,1607.870547430335,2.6006,0.12216969696969694,20.59559138746455,22.61704560271312,0.11069545454545451
1986.9912,3355.915296169434,1607.0092598109024,2.5992,0.12254393939393932,20.322787306655812,22.61704560271312,0.11064848484848487
1987.1436,3343.487384587708,1609.4939018240404,2.5949,0.12584696969696968,20.04546513694133,22.634831127811587,0.10974393939393942
1987.296,3342.134580127896,1623.418990699961,2.5918,0.12683636363636358,19.84250440826026,22.66134866155495,0.10920303030303033
1987.4484,3363.510763675849,1622.9124569712556,2.5954,0.12489545454545448,20.247783493717122,22.692695538917192,0.10895909090909092
1987.6008,3390.0341005398695,1634.9554329815785,2.6035,0.11814090909090909,20.6411351214688,22.722239191569034,0.10888181818181814
1987.7532,3387.6264941733493,1630.9268244656148,2.6098,0.11613181818181818,20.69427910153815,22.771904375805665,0.10846666666666661
1987.9056,3328.695583799474,1630.599635896945,2.6099,0.11675151515151509,19.6657897878624,22.771904375805665,0.10828939393939394
1988.058,3279.732800771297,1635.2185736795263,2.608,0.12222727272727267,18.755156072330248,22.771904375805665,0.10814242424242419
1988.2104,3328.2048986196905,1649.5675567728874,2.6089,0.12395454545454536,19.433305673034273,22.771904375805665,0.10814242424242419
1988.3628,3436.4222424910004,1673.6181119742764,2.605,0.12468636363636361,21.033641066106206,22.771904375805665,0.10814242424242419
1988.5152,3557.306717334168,1745.7514606636032,2.6008,0.12525909090909088,22.343213234902883,22.771904375805665,0.10814242424242419
1988.6676,3688.8623708202276,1840.693086168351,2.6007,0.11703939393939397,23.640807392608583,22.771904375805665,0.10814242424242419
1988.82,3818.328729541312,2012.3208436958832,2.6134,0.10449090909090908,23.99202438640993,22.771904375805665,0.10814242424242419
1988.9724,3904.288568939899,2097.532509001222,2.6249,0.08670606060606065,24.614419807565778,22.771904375805665,0.10814242424242419
1989.1248,3919.964812914278,2101.2835202289903,2.6254,0.08425454545454543,24.885993913365006,22.722239191569034,0.10814242424242419
1989.2772,3884.940502289158,2050.276161705442,2.6187,0.08738484848484845,24.846015023305988,22.695294113143746,0.10828939393939394
1989.4296,3828.0829066301944,1991.4071565214663,2.6096,0.09649242424242424,24.443119693910784,22.692695538917192,0.10846666666666661
1989.582,3786.725836328467,1954.357293445978,2.6073,0.10238939393939393,24.108684477229353,22.66134866155495,0.10888181818181814
1989.7344,3732.110846630815,1930.0679639745977,2.6051,0.10270606060606052,23.346302452769127,22.634831127811587,0.10895909090909092
1989.8868,3651.7907313046403,1881.9113007291792,2.6044,0.10266818181818177,22.432883122636888,22.634831127811587,0.10974393939393942
1990.0392,3564.5954277748415,1817.2224756079022,2.5983,0.10846666666666661,21.574405138125904,22.634831127811587,0.10989090909090912
1990.1916,3490.121627532571,1785.765550309316,2.592,0.12017575757575752,20.551978819202976,22.66134866155495,0.10974393939393942
1990.344,3460.5297517001786,1738.821879718936,2.5881,0.12690757575757577,20.559687277296295,22.683169860748684,0.10895909090909092
1990.4964,3459.0413416722563,1726.5150339355366,2.5929,0.1254030303030302,20.718553932842124,22.692695538917192,0.10888181818181814
1990.6488,3467.63596648407,1723.0365693030408,2.6014,0.12202727272727273,20.982959612839498,22.695294113143746,0.10846666666666661
1990.8012,3483.970079920993,1766.8715070521246,2.6083,0.12033636363636366,20.80275996972972,22.722239191569034,0.10828939393939394
1990.9536,3535.6634530950396,1825.1322143021384,2.6096,0.11419242424242423,21.031912677170645,22.722239191569034,0.10828939393939394
1991.106,3609.0054632385854,1863.999011738057,2.6063,0.11144242424242419,21.87275769622708,22.722239191569034,0.10828939393939394
1991.2584,3703.3706991448717,1910.7920885183214,2.6041,0.10895909090909092,23.03791540843152,22.695294113143746,0.10828939393939394
1991.4108,3818.1326224858954,1962.94364265152,2.6002,0.11124090909090904,24.547464754145913,22.695294113143746,0.10828939393939394
1991.5632,3911.0016167526373,2043.8173519288528,2.5964,0.1029424242424242,25.25348948551106,22.695294113143746,0.10828939393939394
1991.7156,3992.4761211155883,2163.2639735638923,2.5955,0.09676515151515151,25.177001172672224,22.695294113143746,0.10828939393939394
1991.868,3988.0828547764754,2196.408497391405,2.6006,0.09136969696969693,24.634247145379764,22.695294113143746,0.10846666666666661
1992.0204,3930.0228993460278,2186.854051168654,2.6051,0.09265606060606052,23.624711809460887,22.695294113143746,0.10888181818181814
1992.1728,3877.8724627798033,2145.235543062014,2.6031,0.09881212121212118,23.17239911609016,22.695294113143746,0.10888181818181814
1992.3252,3802.6845855285897,2087.59116088698,2.5945,0.10541818181818179,22.441631732486744,22.695294113143746,0.10888181818181814
1992.4776,3808.7335960793034,2072.6375128349846,2.594,0.10651969696969699,22.771904375805665,22.722239191569034,0.10888181818181814
1992.63,3850.6921897148113,2053.8820594615026,2.6011,0.10291818181818173,23.938586548489692,22.771904375805665,0.10846666666666661
1992.7824,3833.648821165565,2012.707527446912,2.6086,0.09999545454545451,24.24834867685099,22.722239191569034,0.10828939393939394
1992.9348,3792.936526800059,2002.3768370723517,2.6082,0.10331666666666661,23.57904130333224,22.722239191569034,0.10828939393939394
1993.0872,3747.0219289295173,1964.7492527442355,2.6065,0.10888181818181814,23.180092352523097,22.722239191569034,0.10846666666666661
1993.2396,3728.919310737159,1956.0404299695172,2.6054,0.11226515151515151,22.93632714067079,22.722239191569034,0.10846666666666661
1993.392,3730.466455175655,1960.6556617791794,2.6086,0.11069545454545451,22.931730811478193,22.722239191569034,0.10846666666666661
1993.5444,3723.389310403379,1949.8252641827721,2.6073,0.10828939393939394,22.92999512690982,22.722239191569034,0.10846666666666661
1993.6968,3713.092916251969,1955.228600735007,2.6078,0.10568787878787872,22.66134866155495,22.722239191569034,0.10846666666666661
1993.8492,3712.0528456027155,1948.5525859875545,2.6067,0.10702121212121209,22.722239191569034,22.722239191569034,0.10846666666666661
1994.0016,3756.4425207602603,1987.3987962153356,2.6052,0.10452575757575756,23.041748136509703,22.722239191569034,0.10846666666666661
1994.154,3779.5369323254567,2003.3441650629397,2.6053,0.10354545454545447,23.275009334025686,22.722239191569034,0.10846666666666661
1994.3064,3781.1920431214685,1998.2875567263227,2.6063,0.1006924242424242,23.386874758679312,22.722239191569034,0.10846666666666661
1994.4588,3767.80529050298,1985.6418808875455,2.612,0.10001515151515146,23.349517252522677,22.722239191569034,0.10846666666666661
1994.6112,3735.6832513190716,1956.800169486629,2.6154,0.0999348484848484,23.146046287739743,22.722239191569034,0.10846666666666661
1994.7636,3723.2574104793575,1950.9122819145057,2.6135,0.105310606060606,22.96717865992864,22.722239191569034,0.10846666666666661
1994.916,3743.9795997332044,1944.5534321559471,2.611,0.10641818181818173,23.43546351486961,22.722239191569034,0.10846666666666661
1995.0684,3749.893888337313,1933.5353564828943,2.6063,0.10814242424242419,23.657277913558897,22.722239191569034,0.10846666666666661
1995.2208,3730.4207983198426,1929.6476303889115,2.6065,0.10503181818181814,23.3316139185731,22.722239191569034,0.10846666666666661
1995.3732,3694.0573912052832,1904.2394943519434,2.6075,0.10647878787878788,22.975262947888236,22.722239191569034,0.10846666666666661
1995.5256,3640.9593593440536,1881.907814918565,2.6084,0.10440606060606057,22.261343782414976,22.722239191569034,0.10846666666666661
1995.678,3595.9128345066065,1848.8055551511798,2.6091,0.10799393939393931,21.84637646103149,22.722239191569034,0.10846666666666661
1995.8304,3586.300051417754,1831.0639274398866,2.6052,0.11067575757575757,21.860635921290783,22.722239191569034,0.10846666666666661
1995.9828,3591.5951018561286,1817.184556316028,2.604,0.11878939393939389,22.12534367919354,22.722239191569034,0.10846666666666661
1996.1352,3602.5856352807546,1815.0127997703842,2.6031,0.11856212121212119,22.35089681195886,22.722239191569034,0.10846666666666661
1996.2876,3615.5425626937217,1819.8296954651132,2.605,0.11883636363636361,22.550029313811265,22.722239191569034,0.10846666666666661
1996.44,3611.0749108486266,1821.7766865181354,2.6102,0.11516060606060607,22.486094162535558,22.695294113143746,0.10846666666666661
1996.5924,3621.621364714382,1837.3111602185968,2.6148,0.1129666666666667,22.527002934852565,22.69010130802114,0.10846666666666661
1996.7448,3633.918480049215,1843.3235462206728,2.6162,0.11309242424242419,22.695294113143746,22.683169860748684,0.10846666666666661
1996.8972,3627.4572809779856,1861.170595702821,2.6131,0.1115818181818181,22.315451575596203,22.678986552029976,0.10849848484848477
1997.0496,3638.7643004750207,1867.4765600444568,2.6139,0.11198939393939387,22.455093146478234,22.66134866155495,0.10888181818181814
1997.202,3643.96283349194,1867.1642504205408,2.6167,0.10989090909090912,22.58228327327047,22.58228327327047,0.10895909090909092
1997.3544,3641.0767935110466,1873.0515931078094,2.6176,0.11261818181818181,22.45816300989084,22.550029313811265,0.10939848484848477
1997.5068,3661.0062001686374,1882.7622246738213,2.6143,0.11426818181818177,22.683169860748684,22.527471532201595,0.10939848484848477
1997.6592,3692.115371337411,1912.4837881234007,2.6111,0.11358787878787877,22.85998100017405,22.550029313811265,0.10939848484848477
1997.8116,3728.481414474288,1950.0747592636549,2.6147,0.10734696969696966,23.090899164454978,22.550029313811265,0.10939848484848477
1997.964,3753.195387805563,1965.8263532953713,2.6202,0.10388030303030299,23.408459666242944,22.550029313811265,0.10939848484848477
1998.1164,3753.320173726513,1974.951549539988,2.6262,0.09871212121212122,23.33860387745741,22.550029313811265,0.10939848484848477
1998.2688,3740.372957398036,1938.9423985251826,2.6287,0.0972545454545455,23.599749284380174,22.550029313811265,0.10939848484848477
1998.4212,3715.038960374137,1916.1327311680866,2.6279,0.0973469696969697,23.40432692565597,22.550029313811265,0.10939848484848477
1998.5736,3689.590223070107,1898.1642360449432,2.6245,0.10022727272727275,23.119323883012072,22.550029313811265,0.10939848484848477
1998.726,3674.055359142528,1884.7157467753304,2.6211,0.10375757575757567,22.967331576435168,22.550029313811265,0.10939848484848477
1998.8784,3665.563069211555,1893.0665815366385,2.6194,0.10522272727272719,22.678986552029976,22.550029313811265,0.10939848484848477
1999.0308,3666.167099277592,1884.7192429958382,2.6197,0.10428181818181818,22.80333329944973,22.527471532201595,0.10942121212121213
1999.1832,3666.594890585585,1887.5086928816525,2.6235,0.10528030303030303,22.807832761659924,22.527002934852565,0.10942121212121213
1999.3356,3672.7891869615987,1891.437213034286,2.624,0.10632878787878781,22.879532689055626,22.5000478539302,0.10945606060606054
1999.488,3694.612629320533,1905.3060397826403,2.6202,0.11013030303030297,23.083720086782034,22.486094162535558,0.10961969696969688
1999.6404,3718.9916261681333,1923.1169637465953,2.615,0.1117060606060605,23.272785862263838,22.45816300989084,0.10961969696969688
1999.7928,3742.8440211505076,1960.0164363583049,2.6143,0.10661818181818176,23.232400794962594,22.455093146478234,0.10961969696969688
1999.9452,3754.8830110022504,1947.9934325523252,2.6216,0.1022060606060606,23.698150366928694,22.441631732486744,0.10961969696969688
2000.0976,3740.152649274793,1955.8810223713517,2.6273,0.09882878787878786,23.3517429849635,22.3961829376848,0.10966212121212118
2000.25,3693.869364516313,1904.3370526635417,2.6291,0.10023333333333324,23.160630716110155,22.35089681195886,0.10971969696969688
2000.4024,3641.2159845558926,1861.027411688205,2.626,0.09977272727272728,22.69010130802114,22.31790627581624,0.1098848484848484
2000.5548,3619.342106200617,1860.5025920683263,2.62,0.10559090909090904,22.228981511239724,22.315451575596203,0.10989090909090912
2000.7072,3613.566523767973,1857.4085494419244,2.6175,0.10939848484848477,22.138573306096294,22.261343782414976,0.11013030303030297
2000.8596,3600.7215619192984,1864.7197230817796,2.6171,0.10961969696969688,21.797711372921935,22.237292592701383,0.11034090909090907
2001.012,3580.145695955422,1863.4315017741728,2.6171,0.10971969696969688,21.42778694757258,22.228981511239724,0.11034090909090907
2001.1644,3568.8902367199935,1851.2613540081813,2.6193,0.11315303030303028,21.392921601145332,22.1953204628412,0.11034090909090907
2001.3168,3573.7693769705274,1835.5552102848906,2.6171,0.11426969696969688,21.668219221195464,22.17964651357402,0.1104863636363636
2001.4692,3579.6159194257584,1830.2733700629005,2.6182,0.11333636363636365,21.854419072078265,22.138573306096294,0.11067575757575757
2001.6216,3584.621409645313,1828.841331814099,2.616,0.11650303030303025,21.94814362974837,22.12534367919354,0.1107848484848484
2001.774,3593.153204130712,1834.047576927104,2.6178,0.11590757575757575,22.05699622722911,22.08971139399838,0.1108924242424242
2001.9264,3604.366391884973,1829.031189542358,2.6161,0.11362272727272728,22.31790627581624,22.070574702540473,0.11121818181818177
2002.0788,3595.5607564833344,1809.3219257406317,2.6154,0.1098848484848484,22.3961829376848,22.05699622722911,0.11139848484848482
2002.2312,3567.0483377180253,1783.6358433560445,2.6149,0.1104863636363636,22.17964651357402,22.033295008580318,0.1115818181818181
2002.3836,3546.173553084403,1761.8680425576683,2.6161,0.11297272727272728,22.070574702540473,21.97255496293026,0.1117060606060605
2002.536,3536.5085332191625,1758.509559299504,2.6161,0.11722272727272728,21.932732156140816,21.9674631840985,0.11198939393939387
2002.6884,3534.0072836724926,1771.266089145591,2.614,0.11710909090909093,21.711960859374226,21.94814362974837,0.11258484848484845
2002.8408,3543.5679823286637,1795.3871274041576,2.6174,0.11522878787878786,21.617073784051122,21.943060877857963,0.11261818181818181
2002.9932,3567.0191165542224,1815.568499886527,2.6176,0.1172181818181818,21.800873751444897,21.932732156140816,0.11263181818181808
2003.1456,3589.480279056184,1827.073050552618,2.6193,0.11510303030303029,22.08971139399838,21.860635921290783,0.1129666666666667
2003.298,3591.6247270636236,1835.6226422366653,2.6208,0.11139848484848482,22.033295008580318,21.854419072078265,0.11297272727272728
2003.4504,3572.1443061918344,1838.0534965228949,2.6274,0.10849848484848477,21.690835438165823,21.854419072078265,0.11309242424242419
2003.6028,3556.6301163022717,1841.6495572911317,2.6282,0.10945606060606054,21.360398500331232,21.849805847847982,0.11315303030303028
2003.7552,3552.215706200994,1822.0467658669907,2.623,0.11263181818181808,21.486996624118195,21.800873751444897,0.11315303030303028
2003.9076,3556.646716928028,1812.954056365741,2.618,0.1137969696969697,21.64387689090588,21.797711372921935,0.11315303030303028
2004.06,3561.4383163090038,1813.5948210205636,2.6233,0.11034090909090907,21.76903877014535,21.76903877014535,0.11315303030303028
2004.2124,3562.4997808501607,1815.0711647242588,2.6329,0.10698181818181822,21.849805847847982,21.72041756323457,0.11315303030303028
2004.3648,3569.9854178745236,1816.999316240743,2.6331,0.10442121212121203,21.9674631840985,21.711960859374226,0.11333636363636365
2004.5172,3571.704785943795,1816.9733206558512,2.6298,0.10942121212121213,21.97255496293026,21.690835438165823,0.11358787878787877
2004.6696,3573.601775545449,1819.1324027587789,2.6253,0.1107848484848484,21.943060877857963,21.668219221195464,0.11362272727272728
2004.822,3589.0364826500468,1818.0863805765387,2.6242,0.11121818181818177,22.237292592701383,21.659771436686917,0.1137969696969697
2004.9744,3611.780946907531,1830.297549454964,2.6229,0.10966212121212118,22.5000478539302,21.64387689090588,0.11413030303030298
2005.1268,3626.637222053001,1849.8153825986267,2.6225,0.10863333333333329,22.527471532201595,21.617073784051122,0.1142015151515151
2005.2792,3617.3061038480164,1833.933914600533,2.6266,0.10679090909090912,22.59003471902848,21.486996624118195,0.1142015151515151
2005.4316,3576.616811507131,1804.9739824370347,2.6272,0.10715909090909083,22.1953204628412,21.474787603502744,0.11426969696969688
2005.584,3510.3357967874904,1743.1606109755066,2.6261,0.1108924242424242,21.72041756323457,21.42778694757258,0.11510303030303029
2005.7364,3427.7154636300047,1682.1637659275743,2.6198,0.1142015151515151,20.896398203967085,21.392921601145332,0.11522878787878786
2005.8888,3366.8211265816494,1633.681276715486,2.6114,0.11609696969696963,20.30867973701365,21.38742732450064,0.11522878787878786
2006.0412,3354.740717505077,1604.0239530033612,2.6004,0.12443030303030299,20.34490938537899,21.360398500331232,0.11522878787878786
2006.1936,3372.9425382499207,1587.1271904359967,2.6009,0.12687878787878779,20.85430509455345,21.24513811419774,0.11522878787878786
2006.346,3400.810258664647,1614.5589997362042,2.6078,0.12388787878787873,21.09651801952484,21.140108505573757,0.11522878787878786
2006.4984,3411.792623901354,1626.9597044570048,2.6193,0.11775303030303029,21.24513811419774,21.09651801952484,0.11553787878787876
2006.6508,3421.021323019388,1657.1900190185388,2.622,0.1180848484848485,21.08528989034002,21.08528989034002,0.11590757575757575
2006.8032,3462.8296817218716,1744.6772461574744,2.6213,0.11939696969696963,20.793875926792722,20.896398203967085,0.11609696969696963
2006.9556,3522.412621516302,1773.3518968989033,2.6143,0.11876818181818177,21.474787603502744,20.85430509455345,0.11650303030303025
2007.108,3560.4398685160395,1811.2464858074457,2.6088,0.11258484848484845,21.659771436686917,20.793875926792722,0.11695909090909083
2007.2604,3544.371507811455,1806.8078956556585,2.6051,0.10900606060606052,21.38742732450064,20.76930938311062,0.11710909090909093
2007.4128,3486.042106996789,1741.2446471580236,2.6067,0.10687121212121209,21.140108505573757,20.64750026907575,0.1172181818181818
2007.5652,3406.5838267738714,1684.5800681237988,2.6113,0.1091772727272727,20.42315145876641,20.448638322146564,0.11722272727272728
2007.7176,3333.180234503665,1626.552509149358,2.6103,0.11413030303030298,19.79266863318706,20.42315145876641,0.11775303030303029
2007.87,3284.670352940416,1574.5908156101461,2.6034,0.12107121212121205,19.481965108677112,20.39044547718943,0.1180848484848485
2008.0224,3263.778165880883,1557.0006283171829,2.5954,0.1267954545454545,19.257642997785396,20.370227559697067,0.1181969696969697
2008.1748,3267.9458258639474,1549.5190288867357,2.5933,0.13073181818181812,19.393019728878212,20.34490938537899,0.11876818181818177
2008.3272,3270.288017098199,1550.6841732533437,2.5956,0.13083484848484842,19.43746685103134,20.31109472479535,0.11880303030303022
2008.4796,3268.5590994733634,1557.0897135016232,2.5959,0.1294939393939394,19.341464448705292,20.30867973701365,0.11939696969696963
2008.632,3262.2795713655764,1553.5999633007882,2.5938,0.12818030303030303,19.256987332440534,20.25957424393255,0.11947272727272726
2008.7844,3259.5932352746167,1572.810604293649,2.596,0.1277136363636363,19.01994998985202,20.25770429637773,0.11968030303030298
2008.9368,3277.296015741343,1570.068154762978,2.5987,0.1260954545454545,19.370321278739567,20.178844473659247,0.12011363636363635
2009.0892,3310.82306757316,1588.801658859055,2.6,0.1226015151515151,19.74915393494378,20.10231052804348,0.12078787878787882
2009.2416,3354.6484112746125,1590.3858877254352,2.5946,0.12078787878787882,20.448638322146564,19.951105764579868,0.12092878787878779
2009.394,3359.3810274327407,1609.0580253352732,2.5929,0.11880303030303022,20.31109472479535,19.94106954139006,0.12104545454545451
2009.5464,3319.1586673273046,1597.0247554555847,2.5957,0.12205454545454546,19.76927559567813,19.79534569257505,0.12107121212121205
2009.6988,3290.4751109239887,1579.3646269994663,2.5996,0.1242727272727272,19.500560470011546,19.79266863318706,0.12205454545454546
2009.8512,3296.254079763293,1587.423935936403,2.6019,0.12462575757575751,19.528312285576916,19.76927559567813,0.12233484848484842
2010.0036,3322.1649877816703,1575.0708859412007,2.6009,0.12092878787878779,20.10231052804348,19.76835942075885,0.1223727272727273
2010.156,3343.868860660063,1594.03637938275,2.5993,0.12011363636363635,20.25770429637773,19.74915393494378,0.12240606060606057
2010.3084,3356.4844129400844,1599.2687857677672,2.5956,0.12233484848484842,20.39044547718943,19.68815841517463,0.1226015151515151
2010.4608,3350.8461216264795,1592.7103195401205,2.5963,0.1223727272727273,20.370227559697067,19.680222815758057,0.12359696969696972
2010.6132,3327.3474556380966,1598.3479542666923,2.6029,0.11947272727272726,19.951105764579868,19.637631248144007,0.12365151515151519
2010.7656,3289.8393828744865,1557.1835821353034,2.6081,0.1181969696969697,19.79534569257505,19.62704525235606,0.12388787878787873
2010.918,3249.723325720793,1541.317472461845,2.6103,0.11968030303030298,19.29835413014473,19.557511943520243,0.12388787878787873
2011.0704,3234.9716568510185,1521.4796689284203,2.6085,0.1258757575757576,19.246837535468153,19.528312285576916,0.12388787878787873
2011.2228,3232.165561530443,1508.7025108908226,2.6039,0.12936969696969697,19.300063042291246,19.500560470011546,0.1240530303030303
2011.3752,3220.1525769144223,1514.16925610474,2.5979,0.13153787878787873,18.996982430190794,19.481965108677112,0.12418333333333335
2011.5276,3214.8134553865534,1513.9173107106672,2.5919,0.1326560606060606,18.86669424799906,19.43746685103134,0.12425757575757573
2011.68,3213.9727676966218,1507.6808623459672,2.5921,0.13644545454545456,18.919268318403546,19.393019728878212,0.1242727272727272
2011.8324,3205.445049964139,1498.7277040897861,2.5951,0.13278636363636362,18.892237155059036,19.370321278739567,0.12443030303030299
2011.9848,3202.511576007641,1493.763976470277,2.5967,0.1300515151515152,18.9065016489108,19.367783944995253,0.12462575757575751
2012.1372,3209.9111271653474,1498.5965407396518,2.5952,0.12990606060606052,18.96868182805698,19.3656685242294,0.12556818181818183
2012.2896,3231.480215135159,1517.0904117198222,2.5889,0.13381515151515144,19.089806339157096,19.341464448705292,0.1258757575757576
2012.442,3269.9547162767144,1548.605010712709,2.5838,0.132860606060606,19.3656685242294,19.300063042291246,0.12587878787878778
2012.5944,3300.830405759559,1581.73654745521,2.5871,0.13141060606060606,19.557511943520243,19.29835413014473,0.1260954545454545
2012.7468,3310.0967725470477,1589.170284184106,2.5931,0.12779242424242415,19.680222815758057,19.257642997785396,0.12676969696969692
2012.8992,3306.3732296584285,1585.1132487488892,2.5967,0.12365151515151519,19.68815841517463,19.256987332440534,0.1267954545454545
2013.0516,3303.3381272197007,1572.5947503815403,2.5961,0.12418333333333335,19.76835942075885,19.250707752745548,0.12687878787878779
2013.204,3311.0424569499305,1570.5729860415843,2.5985,0.12240606060606057,19.94106954139006,19.246837535468153,0.1269757575757576
2013.3564,3344.9660894185818,1601.2734536915186,2.6074,0.11695909090909083,20.25957424393255,19.197990721900876,0.1270530303030303
2013.5088,3398.5919481915435,1643.131999348785,2.6123,0.11392424242424244,20.76930938311062,19.089806339157096,0.1277136363636363
2013.6612,3411.3993116763204,1676.0384785001875,2.6162,0.11184242424242419,20.64750026907575,19.01994998985202,0.12779242424242415
2013.8136,3363.5070519986275,1643.4695540255568,2.6166,0.10787121212121209,20.178844473659247,18.996982430190794,0.12818030303030303
2013.966,3259.9523199887058,1570.1603593235743,2.6155,0.10815454545454545,19.197990721900876,18.96868182805698,0.1282136363636363
2014.1184,3154.2574714404136,1504.1282101515824,2.6111,0.11553787878787876,18.10224617645847,18.944628706391175,0.12832424242424245
2014.2708,3120.0896718685226,1461.5571625651478,2.5996,0.1307227272727272,17.902822443047448,18.919268318403546,0.12844696969696964
2014.4232,3119.9044375727394,1438.8679394920155,2.5913,0.1347878787878788,18.07003953109298,18.9065016489108,0.1284621212121212
2014.5756,3130.5301667870062,1454.0576461344633,2.5844,0.13732878787878783,18.0421467940375,18.892237155059036,0.12861666666666663
2014.728,3146.871557463961,1462.0633416877527,2.5804,0.13684090909090907,18.19860209722951,18.886401389608373,0.1289984848484849
2014.8804,3149.3003965556077,1470.1434981601503,2.5759,0.13995454545454547,18.124883599720114,18.86669424799906,0.12921969696969698
2015.0328,3168.218033272526,1482.734029232432,2.5707,0.139480303030303,18.26809318471334,18.836164446553088,0.12936969696969697
2015.1852,3195.4039858680953,1478.8880004347388,2.5751,0.13689696969696968,18.783964827873632,18.835042299778017,0.1294939393939394
2015.3376,3206.979599695716,1515.4731900959252,2.5833,0.1284621212121212,18.657900179484944,18.813282678739345,0.12990606060606052
2015.49,3193.873797974908,1503.967899561787,2.5896,0.1240530303030303,18.606113494419294,18.813282678739345,0.1300515151515152
2015.6424,3185.7685614394495,1501.9979825525788,2.5883,0.12359696969696972,18.4833714414243,18.813282678739345,0.13052121212121207
2015.7948,3197.073125705391,1502.5999712100268,2.5845,0.1289984848484849,18.63648750121432,18.791155628822292,0.13070454545454543
2015.9472,3216.927285622615,1516.1637078758436,2.5861,0.1282136363636363,18.836164446553088,18.783964827873632,0.13052121212121207
2016.0996,3229.360908628581,1535.5186934791338,2.5925,0.12832424242424245,18.886401389608373,18.77691014755126,0.1300515151515152
2016.252,3228.180917934515,1531.809163113553,2.5978,0.12556818181818183,18.944628706391175,18.77691014755126,0.1300515151515152
2016.4044,3213.976156683447,1521.8169535800894,2.6009,0.12587878787878778,18.835042299778017,18.77691014755126,0.1300515151515152
2016.5568,3189.1485245479685,1502.4992359337878,2.5987,0.12104545454545451,18.608415041141043,18.77691014755126,0.1300515151515152
2016.7092,3167.681336246048,1496.610530678061,2.5947,0.12425757575757573,18.286790716625653,18.719901836221503,0.1300515151515152
2016.8616,3142.021862204611,1489.134884938925,2.5896,0.1270530303030303,17.90864926261211,18.708690401872612,0.1300515151515152
2017.014,3119.3999453490956,1483.7048031048762,2.5864,0.1309227272727273,17.5758366157281,18.657900179484944,0.1300515151515152
2017.1664,3120.7828987649973,1479.2935305659998,2.5825,0.13070454545454543,17.616627312876545,18.638808966180438,0.1300515151515152
2017.3188,3126.4616823810347,1466.5049405531438,2.5788,0.1353257575757575,17.812408556313542,18.63648750121432,0.1300515151515152
2017.4712,3135.315398533767,1462.7313051853537,2.574,0.13973030303030304,17.959893202827466,18.608415041141043,0.1300515151515152
2017.6236,3144.0377779657415,1469.531095191191,2.575,0.14402727272727264,18.03944925963229,18.606113494419294,0.1300515151515152
2017.776,3155.090067056015,1458.8953367042368,2.58,0.14131212121212117,18.36123871869432,18.602595342660212,0.1300515151515152
2017.9284,3200.2452681412856,1491.6768542453576,2.5861,0.13911363636363633,18.813282678739345,18.59898891018941,0.1300515151515152
2018.0808,3255.21737226636,1528.920831696816,2.5894,0.13526363636363636,19.367783944995253,18.563862528891416,0.1300515151515152
2018.2332,3283.9767147950265,1552.1790342777965,2.5934,0.13420151515151515,19.637631248144007,18.525973145052546,0.1300515151515152
2018.3856,3270.0529452469973,1536.096762000756,2.6006,0.12676969696969692,19.62704525235606,18.497438129954308,0.1300515151515152
2018.538,3224.8576428491324,1501.5976644441578,2.6038,0.12264999999999994,19.250707752745548,18.4833714414243,0.1300515151515152
2018.6904,3196.6841743157756,1500.4231015931166,2.6037,0.12223030303030304,18.791155628822292,18.4833714414243,0.1300515151515152
2018.8428,3193.0975455681632,1492.5044253637614,2.5986,0.1269757575757576,18.77691014755126,18.4833714414243,0.1300515151515152
2018.9952,3192.893507364187,1494.4780800075314,2.594,0.12921969696969698,18.719901836221503,18.4833714414243,0.1300515151515152
2019.1476,3190.116499956565,1493.554635531998,2.5878,0.1333484848484848,18.638808966180438,18.4833714414243,0.12990606060606052
2019.3,3180.410009943999,1482.2682205194944,2.5884,0.12861666666666663,18.59898891018941,18.4833714414243,0.12921969696969698
2019.4524,3169.5127809978976,1470.3881766897164,2.5916,0.12844696969696964,18.563862528891416,18.4833714414243,0.1289984848484849
2019.6048,3167.780101186047,1465.1077945368975,2.5935,0.13052121212121207,18.602595342660212,18.4833714414243,0.12861666666666663
2019.7572,3165.5199273010517,1467.9450503089042,2.592,0.13407575757575754,18.525973145052546,18.4833714414243,0.1284621212121212
2019.9096,3158.290668432325,1468.9531829005753,2.5961,0.13233333333333336,18.426344183579044,18.4833714414243,0.12844696969696964
2020.062,3145.5075897754496,1473.9312910100346,2.6026,0.1313636363636364,18.21191922309099,18.4833714414243,0.12832424242424245
2020.2144,3126.0544536532684,1469.8379416867838,2.6074,0.13220909090909083,17.969292592455464,18.4833714414243,0.1282136363636363
2020.3668,3114.5358289130704,1468.9050440599224,2.6058,0.1376439393939394,17.78047841111028,18.4833714414243,0.12779242424242415
2020.5192,3113.120249376457,1464.6220261277422,2.5966,0.14348181818181815,17.738311404428497,18.4833714414243,0.1270530303030303
2020.6716,3124.9455338807456,1479.5987219529152,2.5894,0.14501363636363637,17.72789920781696,18.4833714414243,0.1270530303030303
2020.824,3143.05218415316,1478.438946971189,2.5838,0.145960606060606,17.99462035217232,18.4833714414243,0.1270530303030303
2020.9764,3149.756017914754,1478.3966381027633,2.5906,0.13860000000000003,18.151697291453495,18.4833714414243,0.1270530303030303
2021.1288,3146.692875342234,1478.8076385654404,2.593,0.13172272727272724,18.114300430583423,18.4833714414243,0.1270530303030303
2021.2812,3141.9052645467737,1477.7056970693625,2.5896,0.1320530303030303,18.02383142498724,18.4833714414243,0.1270530303030303
2021.4336,3148.4741056598164,1476.703404993176,2.5763,0.13733333333333336,18.047888183062014,18.4833714414243,0.1270530303030303
2021.586,3159.1024749412077,1478.3987893427236,2.5677,0.14058939393939396,18.142626494365327,18.4833714414243,0.1270530303030303
2021.7384,3166.233491021734,1478.8887179907688,2.5665,0.1385530303030303,18.244954377561395,18.4833714414243,0.1270530303030303
2021.8908,3166.694025462381,1478.5508261548268,2.576,0.13157424242424237,18.323434017426102,18.497438129954308,0.1270530303030303
2022.0432,3159.377536286716,1474.9919185154072,2.5802,0.1321015151515151,18.270047538981338,18.525973145052546,0.1269757575757576
2022.1956,3155.037812838354,1468.6700585492451,2.5831,0.13292272727272725,18.2838911518099,18.563862528891416,0.12676969696969692
2022.348,3145.3712580349893,1464.4074050585475,2.5789,0.1356454545454545,18.140089934382438,18.59898891018941,0.12587878787878778
2022.5004,3127.170577510842,1455.1245878817913,2.5761,0.1342939393939394,17.919383541506875,18.602595342660212,0.12556818181818183
2022.6528,3116.4082781128554,1450.3787734592106,2.5754,0.13895606060606053,17.788809165406914,18.606113494419294,0.12425757575757573
2022.8052,3125.4902805250576,1440.7621291325602,2.5769,0.13955151515151507,18.040779347155205,18.608415041141043,0.1240530303030303
2022.9576,3161.251847434335,1431.2721699269432,2.5762,0.13901363636363634,18.708690401872612,18.608415041141043,0.12359696969696972
2023.11,3212.8954322704144,1470.9409533994517,2.5701,0.13926212121212117,19.11590864672846,18.608415041141043,0.12264999999999994
2023.2624,3260.8939856405123,1532.517733563144,2.5699,0.14252272727272722,19.27925817145012,18.63648750121432,0.12223030303030304
2023.4148,3291.359856424145,1671.637338060133,2.5807,0.1350999999999999,18.341605710799612,18.638808966180438,0.12104545454545451
2023.5672,3298.173019905903,1688.196526458105,2.5966,0.12043181818181814,18.378566678740267,18.708690401872612,0.12043181818181814
2023.7196,3299.4476023256343,1686.4488742621786,2.6074,0.11085909090909082,18.497438129954308,18.708690401872612,0.11236212121212115
2023.872,3339.0481302754606,1705.4715533723631,2.6081,0.1073469696969697,18.963664080049828,18.708690401872612,0.11105909090909089
2024.0244,3422.719310066029,1783.2612150046689,2.6062,0.1074727272727273,19.48129303474964,18.708690401872612,0.11105909090909089
2024.1768,3485.1691644855778,1905.8838536371243,2.6008,0.11105909090909089,18.994196596690852,18.708690401872612,0.11105909090909089
2024.3292,3486.04609403861,2017.9202974446296,2.5998,0.11236212121212115,17.478925792152076,18.719901836221503,0.11085909090909082
2024.4816,3465.0420682026693,2060.0496358416194,2.6011,0.10356818181818173,16.51207030367361,18.77691014755126,0.11065909090909093
2024.634,3459.394674030365,2065.216949414381,2.6078,0.09303787878787873,16.378505511813298,18.791155628822292,0.11010303030303029
2024.7864,3460.4197461904732,2060.209765583547,2.6119,0.09099545454545456,16.49472080790641,18.813282678739345,0.11010303030303029
2024.9388,3454.7090813058076,2057.8910127956533,2.6161,0.09402272727272729,16.451242671403893,18.963664080049828,0.1096136363636364
2025.0912,3443.2001879752333,2045.6430755518809,2.6198,0.0935515151515151,16.44209205298315,18.994196596690852,0.10871515151515149
2025.2436,3432.007296393465,2031.520561147569,2.6249,0.09045606060606064,16.473626609642327,19.11590864672846,0.10850606060606052
2025.396,3423.0960151478744,2001.0215188593652,2.6276,0.09123787878787872,16.760944086244002,19.250707752745548,0.10781818181818181
2025.5484,3418.485166937147,1993.0960929954576,2.6271,0.09313939393939391,16.785762946352477,19.27925817145012,0.1074727272727273
2025.7008,3418.4774989485495,1999.4279851695972,2.6221,0.09655454545454539,16.665295095196036,19.367783944995253,0.1073469696969697
2025.8532,3421.681877883677,1990.5501115112966,2.6237,0.09406969696969697,16.85688912020024,19.370274780723065,0.10730606060606064
2026.0056,3431.014434349768,1996.5126530954462,2.6214,0.09466666666666665,16.926667324124622,19.370274780723065,0.10722272727272719
2026.158,3471.4866573273653,1985.1284699856783,2.6178,0.09300757575757576,17.792941108488293,19.370274780723065,0.10718333333333326
2026.3104,3556.874991247847,1981.5677789797787,2.612,0.09576515151515147,19.370274780723065,19.48129303474964,0.1062969696969696
2026.4628,3646.5436795635633,1983.7034337333716,2.6085,0.0958757575757576,20.999751134334755,20.999751134334755,0.1062969696969696
2026.6152,3708.70596824238,1979.660418092849,2.6115,0.09486666666666665,22.273725840911275,21.307925777566176,0.1062969696969696
2026.7676,3702.2551203597313,1973.392863154787,2.6136,0.09673030303030303,22.253027936212188,21.493301787082995,0.1062969696969696
2026.92,3663.853465094223,1966.3856438364649,2.6201,0.09776060606060608,21.663665091404365,21.493301787082995,0.10607727272727269
2027.0724,3647.027995247377,1953.6620587675393,2.626,0.09497272727272728,21.564062358134276,21.493301787082995,0.10607727272727269
2027.2248,3645.880681138548,1936.8330618928733,2.6261,0.09449242424242418,21.772162262788726,21.493301787082995,0.10607727272727269
2027.3772,3665.8628548748884,1910.305874566609,2.6195,0.09629242424242423,22.45660439030615,21.493301787082995,0.10607727272727269
2027.5296,3663.831444520841,1892.7503562878992,2.6166,0.09762121212121208,22.625711344717086,21.493301787082995,0.10607727272727269
2027.682,3650.168257427877,1889.6688801665985,2.6162,0.09964242424242419,22.401466285284915,21.493301787082995,0.10607727272727269
2027.8344,3646.81418237421,1894.0406075346527,2.6192,0.09948333333333324,22.30528334149343,21.493301787082995,0.10607727272727269
2027.9868,3638.125840003629,1884.995485411075,2.6208,0.09874848484848481,22.272473026899338,21.493301787082995,0.10607727272727269
2028.1392,3618.8994888660663,1857.9610705952057,2.6266,0.09639090909090912,22.3096602613284,21.493301787082995,0.10607727272727269
2028.2916,3584.54974385993,1840.557481189841,2.6357,0.09658333333333333,21.960989095179986,21.493301787082995,0.10607727272727269
2028.444,3554.4899341929577,1821.8616221980212,2.6433,0.09678030303030301,21.69838888036952,21.493301787082995,0.10602272727272724
2028.5964,3546.6604607865956,1813.818224231493,2.6416,0.10134545454545453,21.64056401106208,21.493301787082995,0.10590151515151518
2028.7488,3548.0228619320897,1814.3785931898897,2.6352,0.1023848484848484,21.606461540484503,21.493301787082995,0.10590151515151518
2028.9012,3559.9741177734745,1798.5961744425858,2.6304,0.10403939393939396,21.990542385279426,21.493301787082995,0.10590151515151518
2029.0536,3572.818447371259,1798.3733217689905,2.6275,0.10416818181818181,22.209827076812154,21.493301787082995,0.10590151515151518
2029.206,3566.105153302742,1803.2301958232267,2.626,0.10577272727272728,22.01004775674437,21.493301787082995,0.10590151515151518
2029.3584,3565.6796316400255,1808.8473286565213,2.6227,0.10602272727272724,21.903478239521277,21.493301787082995,0.10590151515151518
2029.5108,3572.7305014833632,1816.5358399302947,2.6252,0.10871515151515149,21.958922826298373,21.493301787082995,0.10590151515151518
2029.6632,3569.7930855169234,1817.2777322663387,2.6275,0.10781818181818181,21.913590499847384,21.493301787082995,0.10590151515151518
2029.8156,3577.985528410238,1821.0681090227115,2.6264,0.10590151515151518,22.0099193234005,21.493301787082995,0.10590151515151518
2029.968,3594.420157998823,1814.7167095042214,2.6257,0.1020636363636363,22.394404388564702,21.493301787082995,0.10590151515151518
2030.1204,3593.7844507511218,1815.7783273035752,2.6274,0.09984848484848477,22.38339538732994,21.493301787082995,0.10590151515151518
2030.2728,3580.519997697566,1810.000967946712,2.6309,0.09738787878787876,22.23632851677821,21.499477826417724,0.10590151515151518
2030.4252,3563.3369106991295,1790.225299384052,2.6301,0.09798030303030297,22.156386132985673,21.55798181157181,0.10590151515151518
2030.5776,3533.396860284758,1772.0322384290307,2.6308,0.10026818181818185,21.830630168159253,21.55798181157181,0.10590151515151518
2030.73,3504.9993387878544,1752.4432439518287,2.625,0.10487575757575755,21.499477826417724,21.55798181157181,0.10590151515151518
2030.8824,3503.2227810623685,1769.4049679179248,2.6312,0.1062969696969696,21.307925777566176,21.55798181157181,0.10590151515151518
2031.0348,3514.5250894197575,1757.3365051489154,2.6322,0.10534393939393934,21.674178323034596,21.55798181157181,0.10590151515151518
2031.1872,3530.1352871072468,1776.7632247319846,2.6407,0.10506818181818184,21.79283025395876,21.55798181157181,0.10590151515151518
2031.3396,3546.6398263915153,1791.3152944121894,2.6348,0.10730606060606064,21.869472561430765,21.55798181157181,0.10590151515151518
2031.492,3554.498224500149,1808.223859062951,2.6292,0.11010303030303029,21.756348488038203,21.55798181157181,0.10590151515151518
2031.6444,3566.1427042078844,1830.2634786775507,2.6169,0.11378030303030306,21.591748593313756,21.55798181157181,0.10590151515151518
2031.7968,3576.5202851359677,1843.885565364473,2.6118,0.11412575757575752,21.56897234115893,21.55798181157181,0.10590151515151518
2031.9492,3574.6788887533658,1839.5555131744281,2.614,0.11065909090909093,21.608308196177404,21.55798181157181,0.10590151515151518
2032.1016,3570.842803252185,1833.404411839895,2.6192,0.10718333333333326,21.65839880561217,21.55798181157181,0.10590151515151518
2032.254,3563.3702374411073,1826.9580608830177,2.6194,0.10722272727272719,21.602819864313805,21.55798181157181,0.1059545454545455
2032.4064,3564.0285683549814,1814.8874358939245,2.6132,0.11165151515151514,21.7171147029855,21.55798181157181,0.10602272727272724
2032.5588,3568.4807614632177,1802.9368705913669,2.6125,0.1096136363636364,21.944860141944435,21.55798181157181,0.10607727272727269
2032.7112,3567.7038524880877,1782.8898726239831,2.615,0.10850606060606052,22.202001261874898,21.55798181157181,0.1062969696969696
2032.8636,3569.889249105186,1775.3960857409131,2.6199,0.10512121212121213,22.377616224524154,21.55798181157181,0.10656666666666666
2033.016,3575.5930580940026,1774.492715148509,2.6215,0.10528636363636357,22.509334604797086,21.55798181157181,0.10718333333333326
2033.1684,3578.624061315638,1801.2821725070444,2.6209,0.10531818181818187,22.22626346106136,21.55798181157181,0.10722272727272719
2033.3208,3569.395942973981,1824.761802131882,2.6319,0.09903484848484848,21.847173499400785,21.55798181157181,0.10730606060606064
2033.4732,3554.0257387021516,1806.3046432340911,2.6453,0.09337424242424233,21.90515703113719,21.55798181157181,0.1074560606060606
2033.6256,3540.937442276795,1780.0972512448418,2.6639,0.08918787878787877,22.145648040837848,21.55798181157181,0.10781818181818181
2033.778,3534.9499621338205,1753.3646423205162,2.6526,0.09831212121212116,22.273407763577573,21.55798181157181,0.10828333333333325
2033.9304,3533.7696441303833,1738.4152702214826,2.641,0.10607727272727269,22.33778319370564,21.55798181157181,0.10850606060606052
2034.0828,3536.984581393001,1771.1117038059726,2.6251,0.11319545454545445,21.86133675900522,21.55798181157181,0.10854999999999997
2034.2352,3542.90071508941,1790.4040685875134,2.6286,0.11038484848484845,21.759769425642556,21.55798181157181,0.10871060606060598
2034.3876,3545.1300404410013,1816.5131053553762,2.6313,0.10656666666666666,21.493301787082995,21.509145781415214,0.10871515151515149
2034.54,3546.788399395371,1830.561366146506,2.6273,0.10547878787878785,21.312048232221237,21.50410825477859,0.1089166666666667
2034.6924,3546.656333888371,1831.2443449516416,2.6216,0.1074560606060606,21.254613303682692,21.499477826417724,0.1090621212121212
2034.8448,3543.3537703934658,1820.8189862196023,2.6157,0.1109939393939394,21.278319039969002,21.49614930359519,0.10920909090909092
2034.9972,3538.043837848944,1820.6025549361445,2.6125,0.11196363636363639,21.156798250765327,21.493301787082995,0.10946363636363637
2035.1496,3527.132769701837,1820.0133395990836,2.6101,0.11544090909090904,20.94361858178412,21.45228929348856,0.1094833333333333
2035.302,3517.0515845771292,1820.2046296976418,2.6075,0.11412878787878789,20.735166780451358,21.384852405746145,0.1096136363636364
2035.4544,3516.199551246186,1826.752210771725,2.6091,0.11189393939393931,20.64918560106497,21.35787559444655,0.10981212121212114
2035.6068,3525.284781248446,1825.1267499031449,2.6114,0.11279696969696962,20.855117201474624,21.312048232221237,0.11004848484848477
2035.7592,3537.9083161738586,1833.1949014567526,2.6175,0.11004848484848477,21.034205198357153,21.307925777566176,0.11010303030303029
2035.9116,3547.04843210684,1840.9765873440108,2.6269,0.10854999999999997,21.179712728475874,21.307163269887404,0.11038484848484845
2036.064,3552.948609302711,1850.4588810187722,2.6336,0.10551969696969696,21.22114426119579,21.278319039969002,0.11065909090909093
2036.2164,3557.3274760364743,1861.181960457211,2.6343,0.10580757575757571,21.169009264903124,21.254613303682692,0.1107636363636364
2036.3688,3556.534665711412,1859.9042954758195,2.6287,0.1059545454545455,21.12584593540476,21.24679418167613,0.11092727272727271
2036.5212,3552.6131754394146,1853.2795995748645,2.6247,0.1089166666666667,21.10661256284861,21.22114426119579,0.1109939393939394
2036.6736,3554.257821291264,1848.6979052942631,2.6234,0.10871060606060598,21.186150086640104,21.186150086640104,0.1111727272727272
2036.826,3557.850675326282,1848.5656028519338,2.6224,0.10946363636363637,21.24679418167613,21.179712728475874,0.11135151515151509
2036.9784,3556.572015332466,1852.4258391525518,2.6192,0.10828333333333325,21.14714800377023,21.169009264903124,0.11165151515151514
2037.1308,3554.9832747834125,1857.0656534854406,2.6125,0.11271363636363639,21.003582913702353,21.156798250765327,0.11168333333333325
2037.2832,3554.340715276085,1862.4534157505632,2.6095,0.1111727272727272,20.897817905500197,21.14714800377023,0.11178636363636366
2037.4356,3551.36724143355,1849.6784302492817,2.6081,0.11234696969696971,20.996410524036023,21.12584593540476,0.11189393939393931
2037.588,3550.2172877411513,1840.0485850098828,2.6113,0.11092727272727271,21.124558047456823,21.124558047456823,0.11196363636363639
2037.7404,3555.7629491367243,1830.611939697913,2.6125,0.1107636363636364,21.35787559444655,21.10661256284861,0.11234696969696971
2037.8928,3560.976464609292,1811.3315188323807,2.614,0.10920909090909092,21.711860177782743,21.0965647104724,0.1124742424242424
2038.0452,3560.236087571529,1821.4838280562296,2.6126,0.1094833333333333,21.55798181157181,21.087468398135933,0.1125257575757576
2038.1976,3554.0050185162727,1826.2520131911956,2.613,0.1090621212121212,21.384852405746145,21.07412303023858,0.11266515151515147
2038.35,3547.7213921314615,1838.4492849168146,2.6099,0.11135151515151509,21.087468398135933,21.034205198357153,0.1127060606060605
2038.5024,3539.934009497894,1834.891104510533,2.6066,0.11305151515151518,20.962361404607304,21.02618406606287,0.11271363636363639
2038.6548,3529.481242683101,1836.6845193044703,2.6043,0.11304848484848487,20.72855554766021,21.012342206305483,0.11278636363636366
2038.8072,3526.8021924490795,1836.1755499490355,2.6069,0.11286060606060604,20.706466373239277,21.005159626946362,0.11279696969696962
2038.9596,3533.515650993454,1831.169533376189,2.612,0.11266515151515147,20.93471952841856,21.003582913702353,0.11286060606060604
2039.112,3540.0943560582305,1836.3702527298535,2.6148,0.1129666666666667,21.012342206305483,20.996410524036023,0.11288333333333325
2039.2644,3546.6934763181416,1841.600597432635,2.6184,0.1125257575757576,21.0965647104724,20.962361404607304,0.1129666666666667
2039.4168,3560.58128124854,1829.8404472783227,2.6182,0.11278636363636366,21.50410825477859,20.94603638322992,0.1129666666666667
2039.5692,3565.02069068767,1840.7953588765834,2.6189,0.1124742424242424,21.45228929348856,20.94361858178412,0.1129666666666667
2039.7216,3552.956892421641,1817.323240273028,2.6167,0.11569090909090912,21.509145781415214,20.93471952841856,0.11304848484848487
2039.874,3526.031086452544,1778.802833011966,2.617,0.11529999999999999,21.49614930359519,20.897817905500197,0.11305151515151518
2040.0264,3490.857115370079,1742.9443064105242,2.619,0.1144939393939393,21.307163269887404,20.8676577089386,0.11319545454545445
2040.1788,3456.9581490302826,1710.2486425462507,2.6177,0.11473787878787872,21.07412303023858,20.855117201474624,0.1135348484848485
2040.3312,3439.4313654023454,1687.1452594428656,2.6144,0.1144878787878788,21.005159626946362,20.827581179326966,0.11366212121212114
2040.4836,3436.949233959494,1685.8537621419637,2.6107,0.11620909090909087,20.94603638322992,20.735166780451358,0.11412878787878789
2040.636,3412.8317097749414,1675.2471786540095,2.6097,0.11366212121212114,20.630938462623426,20.72855554766021,0.11416060606060599
2040.7884,3366.8211265816494,1651.8319727035853,2.6083,0.11178636363636366,20.07717887409125,20.706466373239277,0.1144878787878788
2040.9408,3330.714366109763,1619.976306252056,2.6093,0.11168333333333325,19.816486829683768,20.64918560106497,0.1144939393939393
2041.0932,3324.650846215265,1592.8484865587732,2.6054,0.11721515151515151,19.984498844275166,20.630938462623426,0.11473787878787872
2041.2456,3355.874652356489,1559.1143739296435,2.6017,0.12183636363636358,20.8676577089386,20.444269668561788,0.11492727272727275
2041.398,3376.12565213057,1575.2955617287937,2.5992,0.11984393939393931,21.02618406606287,20.416911830423377,0.11506818181818179
2041.5504,3356.9132257755427,1566.4749687784272,2.6044,0.11506818181818179,20.827581179326966,20.33607645138599,0.11529999999999999
2041.7028,3318.125259228536,1571.3826878789582,2.6093,0.11288333333333325,20.137613264283644,20.22778695801003,0.11543030303030306
2041.8552,3283.4991241847815,1557.0364202465819,2.6026,0.1196636363636364,19.646723624241297,20.174424688934177,0.11544090909090904
2042.0076,3268.555594398845,1538.3404092954522,2.5953,0.12507575757575756,19.537766309950648,20.137613264283644,0.11563181818181809
2042.16,3263.1771654681343,1540.202934874884,2.5912,0.12541818181818173,19.396060787403798,20.126433664451202,0.11569090909090912
2042.3124,3271.386636471453,1542.5522762261721,2.5928,0.12468333333333331,19.522091313241436,20.087167449851407,0.1156969696969697
2042.4648,3282.289849454029,1537.065828071522,2.5946,0.12618787878787882,19.779495934277204,20.07717887409125,0.11575757575757567
2042.6172,3292.9386560532057,1561.2762511339488,2.5961,0.12463333333333335,19.713053400643815,20.019735349891626,0.11620909090909087
2042.7696,3320.156552788638,1570.8133803615344,2.6025,0.12169393939393937,20.126433664451202,19.984498844275166,0.11655909090909092
2042.922,3340.684007242533,1583.639877797868,2.6121,0.1135348484848485,20.416911830423377,19.940132263215627,0.11721515151515151
2043.0744,3311.1323790290608,1585.488411577811,2.6196,0.10981212121212114,19.940132263215627,19.816486829683768,0.11736818181818184
2043.2268,3239.1865050899223,1548.3808041420202,2.615,0.1127060606060605,19.07821643689294,19.809339908000013,0.1196636363636364
2043.3792,3183.8750517066323,1525.3934469137557,2.602,0.12599545454545455,18.30409890158674,19.792919683229556,0.11984393939393931
2043.5316,3172.260620776434,1495.7292219754422,2.5937,0.134360606060606,18.36416435466341,19.779495934277204,0.12069545454545447
2043.684,3199.6271300667327,1504.03246499473,2.5942,0.13190909090909095,18.733917318228837,19.721306989972174,0.12169393939393937
2043.8364,3224.9907154548796,1507.6674386372429,2.5969,0.128590909090909,19.13867769995597,19.713053400643815,0.12183636363636358
2043.9888,3220.9726745697444,1508.7577745822825,2.5937,0.129060606060606,19.03654312952979,19.646723624241297,0.12340909090909088
2044.1412,3206.1497486517446,1509.4272347619903,2.5895,0.13358333333333328,18.75204234214954,19.537766309950648,0.12407272727272724
2044.2936,3205.5158430096512,1503.1772373200245,2.5885,0.13573636363636365,18.79926445965681,19.522091313241436,0.12454393939393932
2044.446,3226.291310395052,1508.6875754529403,2.5903,0.13284090909090907,19.101143367530668,19.42068425284126,0.12463333333333335
2044.5984,3253.3862755771884,1524.8096739368607,2.5948,0.12902727272727263,19.42068425284126,19.396060787403798,0.12468333333333331
2044.7508,3284.1607126887343,1548.7718310517575,2.5992,0.12454393939393932,19.721306989972174,19.13867769995597,0.12507575757575756
2044.9032,3311.481322941134,1568.8389870900198,2.6053,0.12069545454545447,20.019735349891626,19.101143367530668,0.12523181818181808
2045.0556,3330.6852491512113,1597.0523694849821,2.6112,0.11575757575757567,20.087167449851407,19.07821643689294,0.12541818181818173
2045.208,3337.1873029220096,1579.8025765087298,2.618,0.1156969696969697,20.444269668561788,19.03654312952979,0.125530303030303
2045.3604,3332.119864485047,1599.609544127024,2.623,0.11563181818181809,20.174424688934177,19.000759776862143,0.12556515151515146
2045.5128,3331.799335607731,1592.8767887854788,2.6209,0.11736818181818184,20.22778695801003,18.79926445965681,0.12599545454545455
2045.6652,3328.2376064642935,1574.6689088133412,2.6169,0.11543030303030306,20.33607645138599,18.75204234214954,0.12618787878787882
2045.8176,3315.256051321208,1601.7421573490958,2.6146,0.11492727272727275,19.792919683229556,18.733917318228837,0.12658030303030302
2045.97,3286.1612504662944,1553.8423186508492,2.6135,0.11416060606060599,19.809339908000013,18.59690593996994,0.12746060606060602
2046.1224,3237.3596400667866,1552.0114791820167,2.614,0.11655909090909092,19.000759776862143,18.55470683900301,0.12781212121212124
2046.2748,3199.734615186772,1528.4700105458414,2.6107,0.12340909090909088,18.59690593996994,18.492770519870092,0.1278727272727273
2046.4272,3172.531374024587,1499.7475818538417,2.6064,0.12781212121212124,18.416730933088054,18.416730933088054,0.128590909090909
2046.5796,3133.9227603196846,1495.0513212663204,2.5942,0.13295909090909094,17.747529061265293,18.370205494901654,0.12902727272727263
2046.732,3100.7089514659706,1461.8438608792742,2.5827,0.13839393939393937,17.472170489537707,18.36416435466341,0.129060606060606
2046.8844,3072.992649216075,1435.6169596854452,2.5747,0.1417681818181818,17.23836079999369,18.30409890158674,0.1291636363636363
2047.0368,3052.1509252583514,1435.8293115509362,2.5692,0.14658484848484848,16.871467575836053,18.124083414143968,0.12973484848484848
2047.1892,3072.258553538742,1444.8298272034722,2.5629,0.14804393939393937,17.05711179515493,18.092400005459815,0.13176818181818178
2047.3416,3120.3899258907395,1475.2067975670702,2.5607,0.14911060606060597,17.502862058983215,18.088284651193476,0.13190909090909095
2047.494,3173.096142314612,1510.8248518791877,2.5754,0.13740606060606053,18.092400005459815,18.048141110973468,0.13284090909090907
2047.6464,3213.017358516025,1549.3725244605664,2.5963,0.1278727272727273,18.492770519870092,18.01908763765788,0.13295909090909094
2047.7988,3220.567677884062,1566.187612627542,2.6128,0.12407272727272724,18.55470683900301,18.001212788279194,0.13304696969696966
2047.9512,3201.741209392615,1556.6897054700178,2.6168,0.12746060606060602,18.370205494901654,17.983053677099292,0.13358333333333328
2048.1036,3175.234835076344,1543.5295070884363,2.6136,0.12658030303030302,18.048141110973468,17.822746524937504,0.1337393939393939
2048.256,3155.419961758132,1515.1733576052704,2.6131,0.12523181818181808,18.01908763765788,17.773969964445776,0.134360606060606
2048.4084,3131.4564457352913,1500.7998849780665,2.6059,0.1291636363636363,17.72746623675922,17.747529061265293,0.13436060606060604
2048.5608,3107.153997810313,1482.9922970032658,2.5949,0.13304696969696966,17.443050387662556,17.72746623675922,0.13544545454545448
2048.7132,3080.6020110832947,1466.7300581494949,2.58,0.13936212121212116,17.084018678412814,17.55174702716805,0.13573636363636365
2048.8656,3051.848380808199,1443.1859181418129,2.5694,0.14222424242424242,16.795476837837217,17.502862058983215,0.13650303030303032
2049.018,3046.00791082632,1430.0117619405748,2.5648,0.1441181818181818,16.803507791006677,17.488025515366843,0.13701969696969699
2049.1704,3058.7914161160575,1429.321728691477,2.5619,0.14219696969696966,16.991180374372234,17.475913706151893,0.13740606060606053
2049.3228,3076.907546398413,1423.649109728876,2.5651,0.14342727272727265,17.35287841129825,17.472170489537707,0.13839393939393937
2049.4752,3087.38578040057,1429.6931507003528,2.5675,0.14225,17.475913706151893,17.443050387662556,0.13839393939393937
2049.6276,3085.02024291498,1429.622069462372,2.5747,0.1388681818181818,17.488025515366843,17.35287841129825,0.13861515151515152
2049.78,3069.208228861433,1420.4075469869235,2.5757,0.13861515151515152,17.334364031920273,17.334364031920273,0.13868030303030296
2049.9324,3053.5299427262776,1431.147171512283,2.5764,0.14065303030303028,16.986554239737245,17.23836079999369,0.1388681818181818
2050.0848,3064.5023451285174,1423.3938135606281,2.5746,0.14074848484848476,17.2234939219922,17.2234939219922,0.13936212121212116
2050.2372,3086.9417704340253,1425.8888648745751,2.5742,0.13701969696969699,17.55174702716805,17.084018678412814,0.13965606060606062
2050.3896,3108.976353215618,1435.0674359280997,2.5756,0.13544545454545448,17.822746524937504,17.05711179515493,0.14065303030303028
2050.542,3125.4197732019866,1446.6772699377332,2.5772,0.13436060606060604,17.983053677099292,16.991180374372234,0.14074848484848476
2050.6944,3136.0863946530144,1463.8166425578754,2.5797,0.13650303030303032,18.001212788279194,16.986554239737245,0.1410969696969697
2050.8468,3149.5542264785754,1479.8961353735963,2.5842,0.1337393939393939,18.088284651193476,16.96176486735031,0.14160454545454543
2050.9992,3153.859286967049,1486.5421118652202,2.589,0.12973484848484848,18.124083414143968,16.871467575836053,0.1417681818181818
2051.1516,3130.7552536189087,1486.165206181043,2.5922,0.12556515151515146,17.773969964445776,16.803507791006677,0.14211060606060608
2051.304,3084.648711339424,1491.8221423016253,2.5905,0.125530303030303,16.96176486735031,16.803507791006677,0.14211060606060608
2051.4564,3034.2457639520057,1466.316572359933,2.5846,0.13176818181818178,16.386023613928618,16.803507791006677,0.14211060606060608
2051.6088,2977.036383721237,1434.6432454567278,2.5726,0.14160454545454543,15.7403947217561,16.803507791006677,0.14211060606060608
2051.7612,2932.054824038232,1404.4646123760613,2.5626,0.1500848484848484,15.290823284208477,16.803507791006677,0.14211060606060608
2051.9136,2915.9483624577388,1388.2683129123986,2.5548,0.15629848484848477,15.157721158838173,16.795476837837217,0.14219696969696966
2052.066,2901.613594173926,1367.4557203212084,2.5502,0.15594242424242427,15.112777420216235,16.766296696846336,0.14222424242424242
2052.2184,2901.179984523233,1383.5276687377218,2.5452,0.15610757575757578,14.926699262004409,16.538526003469624,0.14225
2052.3708,2908.1333276086616,1366.3008703892388,2.5382,0.15717878787878792,15.148490383864605,16.533662053136695,0.14238333333333325
2052.5232,2910.0324514445615,1365.4188852483694,2.5367,0.15678333333333327,15.175716155351974,16.3908580077618,0.14238333333333325
2052.6756,2937.3755012475176,1382.519832900162,2.5419,0.1535075757575757,15.453972613245574,16.386023613928618,0.14238333333333325
2052.828,2965.182454058156,1394.9229016776146,2.5501,0.14702272727272725,15.80524893778299,16.270606672424332,0.14278030303030295
2052.9804,2969.0095021941256,1420.2506872932297,2.5565,0.14238333333333325,15.65992955712559,16.173793876249135,0.14342727272727265
2053.1328,2966.6803255951127,1410.0809686256985,2.5578,0.14518939393939395,15.730694328010443,16.159527325832304,0.1434454545454545
2053.2852,2969.9526152245153,1395.3846097501128,2.557,0.14883181818181818,15.916014770636108,16.159527325832304,0.14354999999999993
2053.4376,2975.905708310471,1400.5119588006876,2.5638,0.14577121212121208,16.00008558528567,16.159527325832304,0.1441181818181818
2053.59,2985.1330969776513,1407.189222629523,2.5721,0.13965606060606062,16.129067053707427,16.159527325832304,0.14449848484848485
2053.7424,2990.577913483209,1429.5865314938196,2.5773,0.13868030303030296,16.027196204175752,16.159527325832304,0.14459848484848478
2053.8948,2988.3524844111535,1434.8336948662331,2.5657,0.1434454545454545,15.869505149174701,16.159527325832304,0.1447878787878788
2054.0472,2981.558940568375,1435.2052842676453,2.5509,0.14688030303030303,15.670879616141844,16.159527325832304,0.1448757575757576
2054.1996,2968.2837710448207,1440.0637256546313,2.5405,0.1478318181818181,15.359008969056712,16.159527325832304,0.14518939393939395
2054.352,2958.861343175495,1412.0433211926022,2.5434,0.14705303030303024,15.505512528451325,16.159527325832304,0.14518939393939395
2054.5044,2955.882866352976,1412.9446684748775,2.5461,0.14643484848484845,15.468474107975947,16.159527325832304,0.14525909090909087
2054.6568,2963.418120018434,1404.9469065585854,2.548,0.14810909090909086,15.670231952910848,16.159527325832304,0.14529848484848484
2054.8092,2965.7941186200887,1400.9831702759911,2.5456,0.14943636363636364,15.729083264887667,16.159527325832304,0.14529848484848484
2054.9616,2960.936619636217,1416.9277306424103,2.5475,0.15146060606060607,15.514869604378726,16.159527325832304,0.14529848484848484
2055.114,2971.2988904421272,1423.2768334145057,2.5481,0.14837878787878792,15.61389342803307,16.159527325832304,0.14529848484848484
2055.2664,2983.5698099540427,1430.7313393532324,2.5491,0.14607575757575753,15.73397797599969,16.159527325832304,0.145460606060606
2055.4188,2986.171322762209,1420.3837179662232,2.551,0.14354999999999993,15.885670431994,16.159527325832304,0.1456666666666667
2055.5712,2984.566033523492,1411.4920832798855,2.5548,0.14459848484848478,15.970619939421576,16.159527325832304,0.14577121212121208
2055.7236,2980.212095671848,1398.6585176146998,2.5579,0.14525909090909087,16.046567697650786,16.159527325832304,0.14581818181818176
2055.876,2977.1934091501817,1395.1981016517168,2.5599,0.14760303030303032,16.046076804483555,16.159527325832304,0.1459348484848484
2056.0284,2979.888684341995,1403.6865192212485,2.559,0.1463757575757575,16.000459984808064,16.159527325832304,0.1460666666666666
2056.1808,2980.6026136990376,1413.7520785355978,2.5595,0.14647424242424245,15.917697775366346,16.159527325832304,0.14607575757575753
2056.3332,2986.569256953719,1430.3305152193175,2.5557,0.1448757575757576,15.824388583244563,16.159527325832304,0.14633181818181817
2056.4856,3000.360279482379,1443.6001341297763,2.5541,0.145460606060606,15.895492458433836,16.154874100053473,0.1463757575757575
2056.638,3012.533443766537,1452.149113988941,2.5516,0.14581818181818176,15.982478227901405,16.129067053707427,0.14643484848484845
2056.7904,3021.279801436099,1454.655829289839,2.5515,0.14529848484848484,16.09171565090166,16.097704655296223,0.14647424242424245
2056.9428,3018.3656856978187,1447.0138012264485,2.5574,0.14211060606060608,16.159527325832304,16.09171565090166,0.14684393939393942
2057.0952,3009.232063328144,1436.1161539037812,2.562,0.1373166666666667,16.154874100053473,16.09171565090166,0.14688030303030303
2057.2476,2993.4238955365777,1411.2509294902366,2.5652,0.1410969696969697,16.173793876249135,16.09171565090166,0.14702272727272725
2057.4,2967.910923723326,1392.3937294772677,2.5616,0.1447878787878788,15.942070263269954,16.09171565090166,0.14705303030303024
2057.5524,2943.923473443357,1372.755929130124,2.5562,0.14837424242424238,15.731043011834203,16.07324765158697,0.14726515151515143
2057.7048,2918.95308414974,1365.1504151212803,2.5482,0.1506984848484848,15.379507102742561,16.046567697650786,0.1475545454545455
2057.8572,2899.648198850415,1373.8622703074018,2.5424,0.1542560606060605,14.978031696333835,16.046076804483555,0.14760303030303032
2058.0096,2894.09767389748,1375.2588762402372,2.5368,0.15930303030303028,14.850474664767797,16.034644414439807,0.1478318181818181
2058.162,2901.8069650983452,1386.806050987872,2.5341,0.15892121212121207,14.840134668927455,16.027196204175752,0.14808181818181818
2058.3144,2925.365742700262,1388.0988738091519,2.5353,0.15805757575757579,15.183083714806173,16.000459984808064,0.14810909090909086
2058.4668,2954.0551384858727,1395.3085952932138,2.5428,0.1538848484848484,15.588873558010505,16.00008558528567,0.14837424242424238
2058.6192,2983.93199611149,1402.6252284788143,2.553,0.1493439393939394,16.034644414439807,15.988076275668988,0.1483787878787879
2058.7716,3012.268471392344,1401.47145306565,2.5614,0.14449848484848485,16.533662053136695,15.982478227901405,0.14837878787878792
2058.924,3030.987069578456,1405.7283429977158,2.5678,0.14125909090909086,16.824533008993317,15.981546563050516,0.14844090909090907
2059.0764,3036.573374392163,1401.9439553585723,2.5718,0.13794696969696965,16.974348203336575,15.970619939421576,0.14874090909090912
2059.2288,3028.159498962796,1382.2659093228124,2.5713,0.13894848484848485,17.02767458270391,15.9551150469536,0.14880303030303024
2059.3812,3014.970992774159,1378.0438017190284,2.572,0.1400863636363636,16.867288639868836,15.9551150469536,0.14883181818181818
2059.5336,3003.763573847941,1366.8026593459617,2.5669,0.14633181818181817,16.766296696846336,15.9551150469536,0.14883181818181818
2059.686,3001.645587196918,1385.2580906707776,2.5636,0.14898181818181813,16.538526003469624,15.9551150469536,0.14883181818181818
2059.8384,3008.670657169481,1410.0320449211783,2.5606,0.14844090909090907,16.3908580077618,15.9551150469536,0.14883181818181818
2059.9908,3012.810374822078,1433.4328459285427,2.5674,0.14278030303030295,16.270606672424332,15.9551150469536,0.14883181818181818
2060.1432,3007.9105679503577,1457.9358249941286,2.5721,0.13805606060606063,15.981546563050516,15.9551150469536,0.14883181818181818
2060.2956,2992.974169886634,1439.761022343693,2.564,0.14161060606060602,15.881446715852631,15.9551150469536,0.14883181818181818
2060.448,2974.3346536334607,1407.4777334067242,2.5572,0.1495212121212121,15.86830023445761,15.9551150469536,0.14883181818181818
2060.6004,2961.1897609674775,1383.6564210419278,2.5489,0.15553636363636356,15.843889361621954,15.9551150469536,0.1488848484848484
2060.7528,2959.513505693277,1374.731638672897,2.5517,0.1533878787878788,15.91972649929855,15.9551150469536,0.14898181818181813
2060.9052,2972.5797076573185,1371.8983192895296,2.5542,0.15268030303030306,16.159802185568644,15.9551150469536,0.1491439393939394
2061.0576,2991.7050854078802,1375.441953235876,2.562,0.1456666666666667,16.46813947693783,15.9551150469536,0.1493439393939394
2061.21,3003.7043716315497,1385.7298017833543,2.5653,0.1460666666666666,16.576739024695907,15.9551150469536,0.14938636363636354
2061.3624,3004.9303335295212,1387.1563340662024,2.5626,0.1459348484848484,16.564653359626604,15.9551150469536,0.14940303030303032
2061.5148,3003.1331901393187,1385.2870516564817,2.558,0.1483787878787879,16.524975032217085,15.9551150469536,0.14940303030303032
2061.6672,3002.636172702806,1378.7930946350564,2.5561,0.1475545454545455,16.566246297851038,15.970619939421576,0.14940303030303032
2061.8196,3000.697012298132,1372.4029929911992,2.5563,0.14684393939393942,16.597704645770133,15.981546563050516,0.14940303030303032
2061.972,2997.123823102829,1373.8096354176057,2.5564,0.14451363636363634,16.530399875446097,15.982478227901405,0.14940303030303032
2062.1244,2990.457614580247,1373.096056808696,2.554,0.14874090909090912,16.419614161384175,15.982478227901405,0.14940303030303032
2062.2768,2986.4902468753553,1370.4894238953466,2.5568,0.14999242424242423,16.40136655473822,15.982478227901405,0.14943636363636364
2062.4292,2991.467251874084,1365.530829949747,2.5626,0.1488848484848484,16.56117080279355,15.982478227901405,0.1495212121212121
2062.5816,2997.592484776007,1361.6412959715879,2.5687,0.14938636363636354,16.73115384713468,15.982478227901405,0.14999242424242423
2062.734,3001.30568613511,1359.6963344852984,2.5657,0.1514454545454545,16.786871347750747,15.982478227901405,0.1495212121212121
2062.8864,3003.328492009846,1357.5567541566268,2.5605,0.15132121212121202,16.80379738682396,15.988076275668988,0.1495212121212121
2063.0388,3001.8347828741785,1355.3081792048238,2.557,0.14808181818181818,16.778688931607146,15.998423539857564,0.1495212121212121
2063.1912,3000.416396369969,1355.9870967684533,2.5599,0.14940303030303032,16.769641766519772,16.000459984808064,0.1499121212121212
2063.3436,3000.8801794227047,1361.4576172615673,2.5632,0.14880303030303024,16.747588396443437,16.034644414439807,0.14999242424242423
2063.496,2996.5993316639683,1360.329871067685,2.5691,0.14726515151515143,16.730692751348858,16.034644414439807,0.1506984848484848
2063.6484,2985.820292410551,1353.95117868824,2.5662,0.1491439393939394,16.60556650653735,16.034644414439807,0.1506984848484848
2063.8008,2972.057974632198,1344.73119494014,2.5625,0.1523151515151515,16.456526928185482,16.07324765158697,0.1506984848484848
2063.9532,2957.5607498309205,1337.0238935995685,2.5587,0.15386666666666665,16.28268421788313,16.09171565090166,0.1506984848484848
2064.1056,2945.2661706998197,1337.0837186368765,2.5589,0.1548060606060606,16.097704655296223,16.097704655296223,0.1506984848484848
2064.258,2941.548308271947,1340.4878795355262,2.5553,0.1569469696969697,15.988076275668988,16.154874100053473,0.1506984848484848
2064.4104,2948.919261725292,1349.4876330172872,2.5455,0.15941666666666662,15.9551150469536,16.159527325832304,0.1506984848484848
2064.5628,2964.7613600550935,1360.852193503538,2.543,0.16062424242424236,16.07324765158697,16.159802185568644,0.1506984848484848
2064.7152,2986.4551326268265,1371.2120155601974,2.5506,0.15677121212121203,16.35432240008803,16.173793876249135,0.1506984848484848
2064.8676,2996.248790883854,1375.3469953541428,2.558,0.1552287878787879,16.512915775138765,16.202717145959152,0.1506984848484848
2065.02,2981.0048959680153,1374.9009308999512,2.5605,0.15367121212121201,16.299938407683673,16.21472850802587,0.1506984848484848
2065.1724,2948.151988455006,1371.6451957091988,2.55,0.15810303030303033,15.766784529028346,16.270606672424332,0.1506984848484848
2065.3248,2922.4458800991792,1354.1719425170004,2.5451,0.15663787878787871,15.514033017877212,16.28268421788313,0.1506984848484848
2065.4772,2905.8238506360785,1336.766472423271,2.5371,0.16151212121212113,15.377919862871074,16.299938407683673,0.14999242424242423
2065.6296,2896.4738661654224,1329.8307476240402,2.5369,0.1608727272727272,15.301636483651968,16.35432240008803,0.1499121212121212
2065.782,2895.6786176744704,1311.1899392843347,2.5367,0.15908333333333324,15.455257169264613,16.360032507888153,0.1495212121212121
2065.9344,2900.296595291586,1321.4117255348076,2.5375,0.15584090909090903,15.437004089069362,16.3908580077618,0.14940303030303032
2066.0868,2907.029422227902,1342.673311901072,2.5385,0.15883787878787875,15.350625708362921,16.40136655473822,0.14938636363636354
2066.2392,2906.305959262134,1350.1284349539746,2.5382,0.16082878787878793,15.270196856682324,16.410909371465696,0.1493439393939394
2066.3916,2904.253950709627,1351.740299112455,2.5366,0.15786363636363634,15.215596979414135,16.419614161384175,0.149280303030303
2066.544,2895.279782056105,1346.999545255075,2.5331,0.16077424242424235,15.105976311475107,16.419614161384175,0.149280303030303
2066.6964,2884.8556436408244,1341.8321908536177,2.529,0.16006666666666666,14.975997627068573,16.419614161384175,0.149280303030303
2066.8488,2874.6120264034244,1335.0953555063704,2.5273,0.1631818181818182,14.877595468254441,16.419614161384175,0.149280303030303
2067.0012,2869.6998113228865,1331.134573862247,2.5256,0.16354696969696972,14.831884026183001,16.419614161384175,0.149280303030303
2067.1536,2883.5210743954117,1331.8756112076808,2.5242,0.1667712121212121,15.017736974101922,16.419614161384175,0.149280303030303
2067.306,2888.5190843167065,1324.2150181102045,2.5267,0.16431363636363636,15.174051238543083,16.419614161384175,0.149280303030303
2067.4584,2876.9753248395864,1319.7341826740726,2.5281,0.161439393939394,15.054134211408833,16.419614161384175,0.149280303030303
2067.6108,2860.7737980151037,1316.394685186025,2.5321,0.16152727272727277,14.87228960446358,16.456526928185482,0.149280303030303
2067.7632,2845.8374025944922,1289.8966559175278,2.5304,0.16559242424242415,14.879627547270525,16.46813947693783,0.149280303030303
2067.9156,2841.2560066743417,1281.5435031042111,2.5232,0.17247424242424236,14.84381072961948,16.475181691366934,0.149280303030303
2068.068,2844.143192532071,1285.6105258096438,2.5133,0.17487424242424238,14.791837649349288,16.512915775138765,0.14938636363636354
2068.2204,2864.2174850704546,1297.9038512145705,2.5089,0.17535757575757568,14.947196404205751,16.524975032217085,0.14938636363636354
2068.3728,2899.537862370886,1321.8598672415542,2.5163,0.17136515151515141,15.292985542295286,16.530399875446097,0.14938636363636354
2068.5252,2929.6762361734277,1347.0013310918666,2.5313,0.16131969696969697,15.602391672700602,16.56117080279355,0.14938636363636354
2068.6776,2945.4511719957945,1353.6306879801325,2.5413,0.15443939393939388,15.838892540137746,16.564653359626604,0.14938636363636354
2068.83,2954.2269288252296,1355.5088895233573,2.5485,0.15155757575757567,15.998423539857564,16.566246297851038,0.14940303030303032
2068.9824,2966.738077324018,1359.0506620913152,2.5561,0.1510045454545455,16.202717145959152,16.566246297851038,0.14940303030303032
2069.1348,2973.777487684873,1362.3424065278014,2.5768,0.14343181818181816,16.410909371465696,16.584377849110506,0.14940303030303032
2069.2872,2980.847468235589,1365.6507473667089,2.5948,0.13792727272727265,16.603560425801707,16.597704645770133,0.14940303030303032
2069.4396,2985.0103123879885,1359.9359652199057,2.5956,0.13908484848484842,16.727046897547837,16.603560425801707,0.14940303030303032
2069.592,2971.1511748621897,1337.03914261049,2.579,0.14526515151515143,16.619525808689446,16.60556650653735,0.14940303030303032
2069.7444,2944.540620749351,1354.3644928998065,2.5613,0.1481287878787878,15.943021606142024,16.619525808689446,0.14940303030303032
2069.8968,2921.7007212229737,1337.869565618157,2.5528,0.15290454545454546,15.699231066262415,16.727046897547837,0.14949242424242423
2070.0492,2912.8913600469427,1329.6282886270542,2.5506,0.15512121212121205,15.629364912779806,16.730692751348858,0.14949242424242423
2070.2016,2912.9526043115143,1322.0272819934505,2.5531,0.1540636363636363,15.71420632364619,16.73115384713468,0.14949242424242423
2070.354,2922.501922446311,1316.0849064750687,2.5608,0.149280303030303,15.957825399845252,16.747588396443437,0.14949242424242423
2070.5064,2936.933968127329,1315.5316465639505,2.5664,0.14473333333333338,16.21472850802587,16.747588396443437,0.14940303030303032
2070.6588,2949.569902774512,1320.9381260967189,2.5669,0.14783181818181818,16.360032507888153,16.747588396443437,0.149280303030303
2070.8112,2960.922237905439,1322.4821532161525,2.5602,0.1499121212121212,16.475181691366934,16.747588396443437,0.149280303030303
2070.9636,2972.223170273868,1327.3804443066354,2.5574,0.15351060606060607,16.584377849110506,16.747588396443437,0.14926666666666658
2071.116,2987.6055537313214,1327.4423000289619,2.5609,0.15139999999999992,16.841288151828664,16.841288151828664,0.149280303030303
2071.2684,3002.9319965951013,1328.2648929740105,2.5687,0.14823636363636356,17.120943100462497,17.012319244752906,0.14949242424242423
2071.4208,3007.8126156424023,1331.7865733367416,2.5721,0.14655606060606063,17.186933629087942,17.073559531985932,0.14949242424242423
2071.5732,3023.6925357054643,1337.4856235653733,2.5729,0.14416363636363627,17.386524819082236,17.117755078433323,0.149280303030303
2071.7256,3052.8204034169958,1346.4955333279734,2.5727,0.14062424242424232,17.757578392383415,17.120943100462497,0.14926666666666658
2071.878,3064.647163391543,1347.1459995995688,2.5756,0.1405954545454545,17.957922271501346,17.150738297849028,0.14926666666666658
2072.0304,3072.0263178317623,1348.0367225016873,2.5785,0.14136666666666664,18.08665194895473,17.15100182355499,0.14926666666666658
2072.1828,3073.7921902685434,1349.6531550799295,2.5833,0.1402121212121212,18.13333720329088,17.186933629087942,0.14926666666666658
2072.3352,3078.6852559460144,1345.4007422657116,2.5896,0.13625303030303032,18.29508902176461,17.207757059909973,0.14926666666666658
2072.4876,3082.620915502003,1337.3940736066945,2.5887,0.1393257575757576,18.4256447786257,17.30668094556198,0.14926666666666658
2072.64,3053.3678206286654,1332.2115016882112,2.5862,0.13918333333333335,17.991344439531574,17.312756551472138,0.14853333333333338
2072.7924,3034.0131991519097,1332.373977442314,2.5853,0.13890606060606053,17.678993749099956,17.31779231224815,0.14853333333333338
2072.9448,3044.24948463493,1339.9433689288762,2.593,0.13387272727272725,17.82304759919885,17.322159418621357,0.14853333333333338
2073.0972,3066.0960991773445,1345.253479651717,2.5955,0.1307151515151515,18.137361068508024,17.326066985082967,0.14853333333333338
2073.2496,3082.823575104379,1349.2152374561272,2.5931,0.13109242424242418,18.350397633943718,17.33066842167884,0.14853333333333338
2073.402,3077.72777255511,1351.9351567898814,2.589,0.13768484848484847,18.214745575922983,17.332288568886888,0.14853333333333338
2073.5544,3084.3927500579334,1348.9560859030107,2.5951,0.13798636363636363,18.392084260466326,17.332288568886888,0.14853333333333338
2073.7068,3105.4919728941904,1350.7171696625733,2.6025,0.13409393939393935,18.767923277329114,17.332288568886888,0.14853333333333338
2073.8592,3119.262675074758,1352.9048838623482,2.6061,0.12820303030303026,18.99672500589743,17.332288568886888,0.14853333333333338
2074.0116,3114.882762680271,1351.6875473123903,2.601,0.13084848484848483,18.89994712601625,17.332288568886888,0.14853333333333338
2074.164,3081.4740526337605,1349.6250672487886,2.5976,0.13357878787878788,18.356802562991447,17.332288568886888,0.14853333333333338
2074.3164,3081.041084591156,1350.2642052401593,2.5988,0.13396515151515143,18.352369390284373,17.332288568886888,0.14853333333333338
2074.4688,3119.115841178879,1356.835190820529,2.6019,0.12897575757575752,18.926779099468252,17.332288568886888,0.14853333333333338
2074.6212,3136.7447834123013,1365.6226015917032,2.6048,0.12659696969696968,19.152055214067964,17.332288568886888,0.14853333333333338
2074.7736,3124.477844192295,1363.820020502045,2.6061,0.13070303030303027,18.978545542069178,17.332288568886888,0.14853333333333338
2074.926,3094.0926989360505,1360.1186266193242,2.598,0.13460757575757576,18.463586059481386,17.332288568886888,0.14853333333333338
2075.0784,3081.312064731816,1349.6196888612983,2.5891,0.13915454545454536,18.29419991818642,17.332288568886888,0.14853333333333338
2075.2308,3077.3113909992685,1331.982705200938,2.5776,0.14178939393939394,18.31197879639841,17.332288568886888,0.14853333333333338
2075.3832,3051.9889495570715,1310.4649742980328,2.5748,0.1470378787878787,18.087657461513288,17.332288568886888,0.14853333333333338
2075.5356,3012.855045889697,1287.7614497963157,2.5676,0.1485196969696969,17.629628054331853,17.332288568886888,0.14853333333333338
2075.688,2980.3869418374748,1264.6059287945543,2.5638,0.15407121212121208,17.30668094556198,17.332288568886888,0.14853333333333338
2075.8404,2966.7005384444683,1235.2433405064985,2.5592,0.15956515151515144,17.31779231224815,17.332288568886888,0.14853333333333338
2075.9928,2964.1674171093146,1227.410393604902,2.5573,0.16134090909090903,17.332288568886888,17.332288568886888,0.14852272727272725
2076.1452,2959.80089318401,1221.7098807790726,2.5598,0.16048333333333328,17.33066842167884,17.354693761633666,0.1485196969696969
2076.2976,2954.0322346168387,1234.9095311273775,2.5625,0.15816515151515148,17.150738297849028,17.370758388623365,0.14824545454545446
2076.45,2960.0250941759955,1248.8875558680509,2.5667,0.14949242424242423,17.15100182355499,17.38296341614073,0.14823636363636356
2076.6024,2977.2690198943696,1260.416632206457,2.5664,0.14853333333333338,17.312756551472138,17.386524819082236,0.1481287878787878
2076.7548,2992.5950944218735,1274.1809060981345,2.5685,0.14709696969696973,17.442450855212947,17.3949952959212,0.14783181818181818
2076.9072,2995.1123068850247,1288.2208098378144,2.5722,0.14622575757575754,17.38296341614073,17.39778833468639,0.14783181818181818
2077.0596,2991.8078646854774,1290.0424215721505,2.5737,0.14522121212121206,17.326066985082967,17.442450855212947,0.14783181818181818
2077.212,2994.412002797929,1288.694663924667,2.5762,0.14586363636363633,17.3949952959212,17.46469658002203,0.14783181818181818
2077.3644,2986.554625142322,1278.7723785166243,2.5752,0.14926666666666658,17.354693761633666,17.485860472827298,0.14783181818181818
2077.5168,2967.72597996785,1271.035364223774,2.5728,0.1512939393939394,17.117755078433323,17.49744881947818,0.14732878787878786
2077.6692,2959.7606555753323,1267.9786307328402,2.5712,0.1523287878787878,17.012319244752906,17.51239243638731,0.14722727272727265
2077.8216,2961.998377120312,1267.3707337985072,2.5745,0.14732878787878786,17.073559531985932,17.51239243638731,0.14709696969696973
2077.974,2971.6291313249494,1276.6267567230234,2.5847,0.1429378787878787,17.207757059909973,17.517760228104414,0.14709696969696973
2078.1264,2980.497688354156,1281.177203452453,2.5874,0.1418196969696969,17.322159418621357,17.541337548005046,0.14709696969696973
2078.2788,2988.153266380923,1286.971399087382,2.5887,0.1435757575757576,17.39778833468639,17.55634223794065,0.14709696969696973
2078.4312,2998.362115183143,1288.9802339448377,2.5849,0.14722727272727265,17.51239243638731,17.556988641819952,0.1470378787878787
2078.5836,3001.376615652455,1287.9181614207664,2.5831,0.14852272727272725,17.55634223794065,17.559629574777258,0.14655606060606063
2078.736,3004.1987817619115,1286.6932363754256,2.5793,0.15037424242424244,17.58507675997334,17.581631367734687,0.14622575757575754
2078.8884,3014.282238875934,1290.0364155948812,2.5791,0.15098484848484847,17.71060785707629,17.58507675997334,0.146160606060606
2079.0408,3022.2833906291366,1304.095578910618,2.5838,0.146160606060606,17.742032669224482,17.58621451877398,0.14586363636363633
2079.1932,3013.77556468741,1299.9580754990743,2.5884,0.14276666666666663,17.677879408119725,17.58862958534248,0.14529393939393936
2079.3456,2999.749036743973,1284.846400153777,2.5806,0.144880303030303,17.541337548005046,17.629628054331853,0.14529393939393936
2079.498,2998.400459597341,1281.8318419982447,2.5733,0.15109242424242417,17.49744881947818,17.629628054331853,0.14529393939393936
2079.6504,3000.874270456747,1280.2193509691108,2.5686,0.15456666666666663,17.517760228104414,17.629628054331853,0.14529393939393936
2079.8028,2996.9823691302954,1282.3732993723186,2.5724,0.1555651515151515,17.46469658002203,17.629628054331853,0.14529393939393936
2079.9552,2997.872572711688,1278.553523069334,2.5794,0.15214393939393933,17.559629574777258,17.629628054331853,0.14529393939393936
2080.1076,3011.1614508107814,1279.9349618350104,2.5831,0.14937272727272727,17.778914031311743,17.629628054331853,0.14529393939393936
2080.26,3025.6555338822795,1288.103217299801,2.5859,0.14462424242424238,17.95212342461631,17.629628054331853,0.14529393939393936
2080.4124,3031.170938946967,1295.9106535930484,2.5788,0.1500257575757575,17.91961194003283,17.629628054331853,0.14529393939393936
2080.5648,3024.076530566687,1293.664355217822,2.5699,0.15407272727272722,17.767300672470064,17.629628054331853,0.14529393939393936
2080.7172,3010.530932020078,1283.8906266717324,2.5619,0.15824696969696966,17.58862958534248,17.629628054331853,0.14586363636363633
2080.8696,3000.6527010304408,1292.2093090792541,2.563,0.1525136363636363,17.370758388623365,17.629628054331853,0.146160606060606
2081.022,2993.7384898710866,1266.7434138070046,2.5628,0.15452424242424234,17.485860472827298,17.629628054331853,0.146160606060606
2081.1744,2984.212458695386,1282.0976598352624,2.5642,0.15314999999999998,17.215589516669812,17.629628054331853,0.146160606060606
2081.3268,2973.449669876848,1283.2257803764128,2.5621,0.1590863636363636,17.02731964887789,17.629628054331853,0.146160606060606
2081.4792,2968.439874484078,1283.157172861226,2.563,0.1593136363636363,16.95760812094553,17.629628054331853,0.146160606060606
2081.6316,2977.0043990904906,1285.3979968371114,2.5668,0.15781212121212113,17.09375307699174,17.58862958534248,0.14622575757575754
2081.784,2991.640484904877,1291.8073223605998,2.5705,0.15129090909090906,17.28633294985469,17.58621451877398,0.1470378787878787
2081.9364,2998.6511972469075,1304.083861833855,2.5711,0.1511590909090909,17.289094669987318,17.58507675997334,0.1470378787878787
2082.0888,2999.2531387361223,1314.6357169444382,2.5649,0.1558378787878787,17.16216474611071,17.58507675997334,0.1470378787878787
2082.2412,2989.944252450175,1322.5355192774305,2.5595,0.15552424242424243,16.91223674820052,17.58507675997334,0.1470378787878787
2082.3936,2976.5595932035226,1324.1994849176808,2.5603,0.15288181818181823,16.69802392591387,17.58507675997334,0.1470378787878787
2082.546,2966.388713708453,1321.1740243662982,2.5595,0.15117424242424243,16.565410585212316,17.58507675997334,0.1470378787878787
2082.6984,2952.0581113801454,1325.0762418785826,2.5534,0.1542227272727273,16.274208178809207,17.58507675997334,0.1470378787878787
2082.8508,2933.3556607123783,1332.245274747177,2.5428,0.15923484848484842,15.862169827721983,17.58507675997334,0.1470378787878787
2083.0032,2921.2918857475843,1345.3330449636082,2.5348,0.16395909090909083,15.514796694217395,17.58507675997334,0.1470378787878787
2083.1556,2924.7537996370925,1359.2900652753567,2.5358,0.16165606060606055,15.444608091549794,17.58507675997334,0.14622575757575754
2083.308,2938.066370610854,1363.36432512124,2.5374,0.15637121212121213,15.614865990924987,17.58507675997334,0.146160606060606
2083.4604,2966.5994769519166,1370.510375725779,2.5438,0.15463181818181815,16.016564070495377,17.58621451877398,0.14586363636363633
2083.6128,3026.5808870622604,1408.1051976544516,2.5525,0.14824545454545446,16.63339569491323,17.58862958534248,0.14573484848484847
2083.7652,3102.0217080456146,1446.399921036435,2.5694,0.13592424242424242,17.556988641819952,17.677879408119725,0.14529393939393936
2083.9176,3165.6678749104203,1485.7566244857373,2.5903,0.12474090909090904,18.334547740568723,17.6899601233412,0.14522121212121206
2084.07,3204.508179486101,1521.924095533692,2.5989,0.12438484848484846,18.66149345705115,17.71060785707629,0.144880303030303
2084.2224,3197.740599030816,1512.9516704267091,2.5966,0.12898181818181814,18.626747999871473,17.71361741910353,0.14462424242424238
2084.3748,3175.999116388697,1500.85457122978,2.59,0.1330318181818182,18.346397423229437,17.715821566787394,0.14387727272727271
2084.5272,3158.1106872206346,1474.0089852647463,2.5871,0.13031060606060604,18.308199027810826,17.727409018451617,0.14374393939393937
2084.6796,3152.277334215861,1445.42318225468,2.589,0.13218484848484846,18.51442613953983,17.742032669224482,0.1435757575757576
2084.832,3160.153860509482,1445.284734843833,2.5902,0.13197121212121216,18.653174556566565,17.767300672470064,0.14295909090909087
2084.9844,3150.1954919544964,1431.467103495823,2.5937,0.13311060606060598,18.652855201615992,17.767740740047525,0.1429378787878787
2085.1368,3114.1730634247115,1413.7835547472375,2.5924,0.13685454545454542,18.232423384278455,17.778612544305933,0.14276666666666663
2085.2892,3064.924513161679,1394.1763861831996,2.5854,0.14177575757575758,17.58621451877398,17.778914031311743,0.14225606060606055
2085.4416,3040.329249304006,1360.0979913119725,2.5728,0.14529393939393936,17.43615688267104,17.802932917384627,0.14224696969696973
2085.594,3040.4990887480585,1338.1491483128477,2.564,0.14761060606060603,17.581631367734687,17.807998644146508,0.1418196969696969
2085.7464,3045.393143469191,1323.5727083476274,2.5607,0.14926060606060598,17.767740740047525,17.807998644146508,0.14177575757575758
2085.8988,3065.8987167081423,1307.714485769595,2.5684,0.14387727272727271,18.2859259486371,17.807998644146508,0.14143636363636358
2086.0512,3102.059592518826,1328.4715690521914,2.5806,0.13413030303030302,18.760079699306534,17.807998644146508,0.1406999999999999
2086.2036,3134.3223724599184,1388.5586050999461,2.5877,0.1292287878787879,18.769062687906185,17.807998644146508,0.1406999999999999
2086.356,3161.399396346966,1409.045815254123,2.5892,0.13082424242424243,19.02345481339427,17.807998644146508,0.1406999999999999
2086.5084,3166.2828275902903,1406.0065263058839,2.5881,0.1322575757575758,19.12487142859268,17.807998644146508,0.14038333333333333
2086.6608,3152.9197091617766,1396.5693329319572,2.5852,0.13263636363636364,18.976302524394637,17.807998644146508,0.1401787878787879
2086.8132,3139.8597364495686,1388.468152467287,2.579,0.13451515151515145,18.796424476027603,17.807998644146508,0.13946666666666668
2086.9656,3125.1185504699465,1390.6245081144857,2.5775,0.1370696969696969,18.52685673180725,17.902158116813666,0.13946666666666668
2087.118,3138.162548171516,1407.6499865377307,2.5844,0.13122878787878783,18.62342640275285,17.91086355908072,0.13946666666666668
2087.2704,3161.740450983687,1397.4382133330644,2.5959,0.1290939393939394,19.191033377258453,17.91086355908072,0.13946666666666668
2087.4228,3177.9528478544653,1437.784001256646,2.5937,0.13061060606060598,19.045765246847676,17.91086355908072,0.13946666666666668
2087.5752,3183.286492651183,1420.7293170384505,2.5887,0.1380757575757576,19.26514985118574,17.91086355908072,0.13946666666666668
2087.7276,3164.6423891804116,1432.899812190461,2.5819,0.14143636363636358,18.789413087713804,17.91086355908072,0.13946666666666668
2087.88,3150.013176728348,1438.0655187934592,2.5807,0.1406999999999999,18.49124823847387,17.91086355908072,0.13946666666666668
2088.0324,3124.1351741951357,1389.7514041139925,2.5784,0.14224696969696973,18.525826259312208,17.902158116813666,0.13946666666666668
2088.1848,3079.3353161774216,1375.8815369607914,2.5728,0.14374393939393937,17.902158116813666,17.807998644146508,0.13946666666666668
2088.3372,3046.3032091125247,1337.452171165795,2.5694,0.14902424242424242,17.715821566787394,17.807998644146508,0.1393121212121212
2088.4896,3040.6477138279643,1324.8942323198562,2.5673,0.14811060606060605,17.727409018451617,17.807998644146508,0.1380757575757576
2088.642,3067.753263262145,1352.7007415888909,2.5692,0.14573484848484847,17.91086355908072,17.807998644146508,0.1370696969696969
2088.7944,3109.4901680736566,1381.7019685173223,2.5719,0.13946666666666668,18.32083191507519,17.807998644146508,0.1370696969696969
2088.9468,3137.3582373152126,1439.555664708216,2.5711,0.1330590909090909,18.203189237321954,17.807998644146508,0.1370696969696969
2089.0992,3125.0160198081726,1452.239059132049,2.5602,0.1393121212121212,17.802932917384627,17.807998644146508,0.1370696969696969
2089.2516,3074.402972729804,1451.4092193056472,2.549,0.1494560606060606,16.93343695567446,17.807998644146508,0.1370696969696969
2089.404,3039.947179920391,1432.834473771796,2.5513,0.1514090909090909,16.59346644904494,17.807998644146508,0.1370696969696969
2089.5564,3071.4288593390384,1435.8157840811934,2.5687,0.13648636363636354,17.171552163676594,17.807998644146508,0.1370696969696969
2089.7088,3172.0427309955826,1440.4216919567477,2.5908,0.12218939393939385,18.901014430839854,17.807998644146508,0.1370696969696969
2089.8612,3272.7143880249578,1484.2690851292602,2.6013,0.11785757575757567,20.220563487140605,17.807998644146508,0.1370696969696969
2090.0136,3290.0666540734546,1474.5744754448035,2.5964,0.1240424242424242,20.577453369368108,17.807998644146508,0.1370696969696969
2090.166,3252.5391787978842,1457.2380939631712,2.5866,0.13341212121212126,20.039995511949623,17.807998644146508,0.13685454545454542
2090.3184,3215.854754780524,1440.3046187563764,2.5778,0.1401787878787879,19.528773361492142,17.807998644146508,0.13681212121212113
2090.4708,3115.5290930927863,1388.7983932222264,2.5777,0.14295909090909087,18.391477653701667,17.807998644146508,0.13648636363636354
2090.6232,3057.1623154594317,1363.1088541701604,2.5754,0.14225606060606055,17.6899601233412,17.807998644146508,0.13625606060606055
2090.7756,3051.222090527597,1352.31844082298,2.5778,0.13277878787878789,17.71361741910353,17.807998644146508,0.13592424242424242
2090.928,3084.3615381735276,1382.1825424177675,2.5759,0.12960454545454547,17.943843019359814,17.902158116813666,0.1357772727272727
2091.0804,3120.7988753656546,1424.6072865297492,2.5765,0.12342272727272732,18.12149771113861,17.91086355908072,0.1349575757575758
2091.2328,3137.577847547481,1467.2871506949155,2.576,0.12742424242424238,17.964558532156765,17.943843019359814,0.13470454545454538
2091.3852,3144.829293961061,1503.3485016330667,2.5854,0.12722575757575758,17.778612544305933,17.955988736889573,0.13467727272727273
2091.5376,3152.228433141835,1520.5020849535642,2.5982,0.12259696969696972,17.807998644146508,17.964558532156765,0.13457272727272732
2091.69,3171.3892412076666,1527.42984371406,2.6125,0.11361363636363639,18.14900392751994,17.964558532156765,0.13457272727272732
2091.8424,3199.6136949344705,1531.2150854827948,2.6163,0.11241212121212123,18.60547282956542,17.964558532156765,0.13457272727272732
2091.9948,3227.3161393336572,1533.717634934948,2.6107,0.11525909090909087,19.003763279808222,17.964558532156765,0.13457272727272732
2092.1472,3238.9008139757298,1516.3824527486172,2.6042,0.11997878787878782,19.33511942759547,17.964558532156765,0.13457272727272732
2092.2996,3233.132394013614,1509.9573962151987,2.6015,0.12054696969696962,19.285396335976984,17.964558532156765,0.13467727272727273
2092.452,3229.162473063827,1512.330104746722,2.602,0.12139545454545456,19.197470523812683,17.964558532156765,0.13467727272727273
2092.6044,3231.3842898322714,1520.1191358461847,2.6012,0.11853787878787878,19.14698625926807,17.964558532156765,0.13467727272727273
2092.7568,3246.988439528036,1532.9724879721007,2.5981,0.12147727272727267,19.250867196583105,17.964558532156765,0.13467727272727273
2092.9092,3253.525185999594,1527.8509483152286,2.5902,0.12567121212121216,19.356533799698774,17.964558532156765,0.13457272727272732
2093.0616,3218.224781597836,1525.0828087942439,2.5792,0.1318045454545454,18.714161027841712,18.029033950058295,0.13457272727272732
2093.214,3169.0349519186284,1513.4677777347442,2.5693,0.13470454545454538,17.955988736889573,18.029033950058295,0.13457272727272732
2093.3664,3113.008966242033,1480.3626111304036,2.5668,0.13681212121212113,17.374310387009658,18.029033950058295,0.13457272727272732
2093.5188,3069.1649615750216,1458.082984439461,2.5622,0.13190606060606064,16.872340423812954,18.029033950058295,0.13457272727272732
2093.6712,3056.6135369471176,1441.7128002149325,2.5584,0.1349575757575758,16.812539031199844,17.964558532156765,0.13457272727272732
2093.8236,3054.4601832876538,1429.1575332028274,2.5515,0.14129848484848484,16.856243220780783,17.955988736889573,0.13467727272727273
2093.976,3058.5305205823656,1424.7178259404284,2.5484,0.14763787878787876,16.942224716762098,17.943843019359814,0.13470454545454538
2094.1284,3062.43940177939,1422.7453477207368,2.5532,0.14038333333333333,17.054344482407345,17.943843019359814,0.13471818181818185
2094.2808,3073.386169762236,1422.5401676245167,2.5572,0.1343712121212121,17.254814002996564,17.943843019359814,0.1349575757575758
2094.4332,3110.4135584641417,1444.0460578679665,2.5588,0.13423636363636354,17.641170189870305,17.943843019359814,0.1357772727272727
2094.5856,3161.845405676799,1466.5014126142219,2.5567,0.1413727272727272,18.228668927319415,17.943843019359814,0.1357772727272727
2094.738,3160.802727747866,1476.7227220534585,2.5584,0.1469075757575758,18.12130211956199,17.943843019359814,0.1349575757575758
2094.8904,3101.2200370559167,1501.0031310294971,2.5632,0.14180303030303024,16.951856108131395,17.943843019359814,0.1349575757575758
2095.0428,3032.5340762113224,1468.5122641009461,2.5638,0.14182121212121207,16.20550264543376,17.943843019359814,0.1357772727272727
2095.1952,2984.536809287315,1445.5506869922729,2.5642,0.14209999999999995,15.696248352138154,17.943843019359814,0.13625606060606055
2095.3476,2984.0546920050247,1436.1987099656078,2.5636,0.14503181818181812,15.777317532367427,17.943843019359814,0.13625606060606055
2095.5,2991.6610393077567,1403.9212145945164,2.5676,0.1435196969696969,16.232476935100205,17.943843019359814,0.13625606060606055
2095.6524,2988.9766775484513,1392.317404515713,2.5705,0.14349090909090906,16.32075030994911,17.943843019359814,0.13625606060606055
2095.8048,2990.8332139485865,1394.2120986322723,2.5755,0.13952575757575758,16.362958865236333,17.943843019359814,0.13625606060606055
2095.9572,2999.356437299871,1393.7269484055819,2.5783,0.1357772727272727,16.517034889409814,17.955988736889573,0.13625606060606055
2096.1096,3027.9910352391403,1402.4638824138945,2.5816,0.13467727272727273,16.89964355546506,17.964558532156765,0.1357772727272727
2096.262,3047.7104675055866,1428.8151896930299,2.5765,0.13457272727272732,16.918643843715042,18.029033950058295,0.1349575757575758
2096.4144,3042.875797157587,1433.1335973910197,2.5675,0.14350000000000002,16.741633412757352,18.066502013773995,0.13471818181818185
2096.5668,3023.926520966585,1428.8888701370665,2.5612,0.1479090909090909,16.447600557650176,18.066502013773995,0.13470454545454538
2096.7192,3002.6775845389693,1419.0446216905254,2.5597,0.14906363636363637,16.205859566688588,18.066502013773995,0.13470454545454538
2096.8716,2992.571589028023,1389.4694806766645,2.5613,0.14772878787878782,16.34446842348494,18.069117476206525,0.13467727272727273
2097.024,2978.5025988607817,1381.4145358528738,2.5611,0.14748939393939386,16.20425787982378,18.070747459198458,0.13457272727272732
2097.1764,2952.3326139766996,1373.2482412015022,2.5594,0.15035454545454538,15.873023986789592,18.076360377104244,0.13447121212121207
2097.3288,2929.5776813853595,1380.7405716211608,2.5579,0.15195909090909085,15.45099330384703,18.082954745154176,0.1343712121212121
2097.4812,2935.3924739156478,1420.4717569390139,2.5609,0.1504999999999999,15.176428524568145,18.082954745154176,0.1343712121212121
2097.6336,2982.1306971611057,1433.1221421602625,2.5701,0.14786212121212117,15.818069552389842,18.082954745154176,0.1343712121212121
2097.786,3037.0726127393636,1434.7830384920092,2.5754,0.13625606060606055,16.68603436594798,18.082954745154176,0.1343712121212121
2097.9384,3052.285408713835,1420.0998169897612,2.5733,0.13074242424242416,17.054635547777927,18.082954745154176,0.1343712121212121
2098.0908,3054.668340988378,1423.077479752194,2.5736,0.12555151515151516,17.06502513578433,18.082954745154176,0.13423636363636354
2098.2432,3079.2824302084878,1432.744895728794,2.5815,0.1264075757575757,17.412139289176015,18.082954745154176,0.13406969696969692
2098.3956,3125.0608761448566,1481.0632362495085,2.5872,0.12368030303030296,17.699745127468116,18.118049490637173,0.13343787878787883
2098.548,3178.917353363572,1524.1585124852986,2.5853,0.12385606060606053,18.118049490637173,18.12130211956199,0.13406969696969692
2098.7004,3208.4345618297343,1567.6189986370766,2.5745,0.12942878787878787,18.066502013773995,18.12149771113861,0.13423636363636354
2098.8528,3212.3062525096143,1575.3346423220269,2.5719,0.1314666666666667,18.029033950058295,18.12130211956199,0.1343712121212121
2099.0052,3201.9699258546466,1559.526002333149,2.5777,0.13030909090909085,18.069117476206525,18.12130211956199,0.13447121212121207
2099.1576,3208.069853405522,1555.2615344736887,2.5922,0.12591515151515148,18.318025649874226,18.12130211956199,0.13447121212121207
2099.31,3239.9543345019,1555.7465643930036,2.5985,0.12360606060606057,18.89154781330245,18.12130211956199,0.13447121212121207
2099.4624,3261.3580431851747,1559.3760040273648,2.5964,0.1251424242424242,19.198434828103327,18.12130211956199,0.13447121212121207
2099.6148,3253.5043486800255,1562.3710518478576,2.5885,0.12583636363636366,18.975308511926897,18.118049490637173,0.13447121212121207
2099.7672,3228.7998779666186,1566.073343407309,2.5737,0.13447121212121207,18.41491193932214,18.118049490637173,0.13447121212121207
2099.9196,3239.389617373671,1572.894202739251,2.578,0.13471818181818185,18.548667538107487,18.118049490637173,0.13447121212121207
2100.072,3299.972716761003,1626.3615709116057,2.6035,0.11589090909090909,19.169789156465097,18.118049490637173,0.13447121212121207
2100.2244,3370.7678781746104,1648.9321703528703,2.6329,0.10133181818181822,20.370149680762147,18.118049490637173,0.13447121212121207
2100.3768,3385.008012740424,1674.584499215176,2.6304,0.10653939393939395,20.304850892606723,18.118049490637173,0.13447121212121207
2100.5292,3312.1254434912066,1630.101688823856,2.6107,0.13070909090909089,19.390189992795943,18.118049490637173,0.13447121212121207
2100.6816,3216.662480502677,1561.266654407377,2.5978,0.13921818181818182,18.436186777592624,18.118049490637173,0.13447121212121207
2100.834,3137.245214620304,1493.8137584756041,2.5949,0.13964696969696969,17.819182131741748,18.118049490637173,0.13447121212121207
2100.9864,3093.160138015019,1456.4338490899438,2.5905,0.139430303030303,17.45834721677822,18.12130211956199,0.1343712121212121
2101.1388,3081.458476133862,1422.5946109427769,2.5854,0.14432575757575758,17.573013191548775,18.143139996063773,0.13423636363636354
2101.2912,3071.459810029002,1398.169627150179,2.5854,0.14412575757575757,17.65145901627073,18.168900247418144,0.13423636363636354
2101.4436,3061.7164898746382,1388.317002692825,2.5813,0.14241818181818175,17.56370485797605,18.200543581153063,0.13406969696969692
2101.596,3073.339685708668,1377.6918779459013,2.5768,0.13938181818181816,17.81780826140895,18.213695184090657,0.13343787878787883
2101.7484,3095.421862940245,1377.7977476080655,2.5733,0.14344242424242418,18.143139996063773,18.228668927319415,0.13229999999999995
2101.9008,3098.9372312703913,1376.1256644727516,2.5795,0.14456363636363637,18.258860495893963,18.23345691161946,0.13202878787878788
2102.0532,3087.795508513725,1370.7692452988865,2.5893,0.14189393939393932,18.200543581153063,18.258860495893963,0.13154696969696963
2102.2056,3077.659403673199,1375.6735068210478,2.6006,0.13406969696969692,18.070747459198458,18.26197224180663,0.1314666666666667
2102.358,3085.691724413714,1371.4705331816679,2.6038,0.13229999999999995,18.26197224180663,18.26225983390134,0.1311212121212121
2102.5104,3097.488574962171,1373.4617273714523,2.6045,0.13343787878787883,18.437878800125368,18.318025649874226,0.13074242424242416
2102.6628,3109.3759723175767,1375.458711870281,2.5987,0.13689545454545451,18.569539373119365,18.408792400557218,0.13070909090909089
2102.8152,3112.1920737123924,1368.8073592257076,2.5943,0.13802878787878783,18.64669050919358,18.41491193932214,0.13030909090909085
2102.9676,3092.0336512271256,1369.2494778837909,2.5864,0.1402227272727273,18.26225983390134,18.436186777592624,0.12942878787878787
2103.12,3082.723800893262,1370.3735841608552,2.5826,0.14122424242424247,18.076360377104244,18.437878800125368,0.1286818181818182
2103.2724,3095.1232515041506,1373.9353466053926,2.5788,0.1433757575757575,18.213695184090657,18.450454586377187,0.1264075757575757
2103.4248,3121.108853791205,1383.4994092439365,2.5818,0.14401666666666668,18.56114452169238,18.4519506163652,0.12591515151515148
2103.5772,3114.4371737913166,1386.903859988233,2.5861,0.13971363636363632,18.4519506163652,18.46869971956764,0.12583636363636366
2103.7296,3089.8739720694857,1388.2891795429578,2.5916,0.13154696969696963,18.082954745154176,18.548667538107487,0.12555151515151516
2103.882,3103.2502677673297,1408.9064334513587,2.6017,0.12248636363636357,18.168900247418144,18.56114452169238,0.1251424242424242
2104.0344,3177.7209235407818,1457.0458300189682,2.6115,0.11676666666666666,18.978467422843174,18.569539373119365,0.1246515151515152
2104.1868,3296.5749365128127,1531.9954844332572,2.6204,0.11151969696969692,20.276810920622193,18.64669050919358,0.12385606060606053
2104.3392,3375.1611174352324,1616.1376219658978,2.6178,0.11460757575757576,20.70464656404172,18.68186893227306,0.12368030303030296
2104.4916,3399.8126087538485,1694.3085020044873,2.6141,0.11482878787878782,20.210001065840476,18.89154781330245,0.12368030303030296
2104.644,3395.4911709431517,1715.1703099967756,2.6138,0.11231969696969697,19.883040775347553,18.92546855896214,0.12360606060606057
2104.7964,3378.4532713802446,1697.103732124871,2.6161,0.11122272727272728,19.81363959658228,18.975308511926897,0.12264999999999998
2104.9488,3365.174419374926,1673.3635980830984,2.6153,0.11621515151515151,19.852405530336362,18.978467422843174,0.12254848484848484
2105.1012,3329.6737509626887,1654.3890158990694,2.6117,0.1210060606060606,19.42423128874725,19.026737485450013,0.12248636363636357
2105.2536,3337.7610500368487,1647.1375311202535,2.6082,0.12176666666666662,19.62209569830728,19.169789156465097,0.12220606060606053
2105.406,3396.281918141583,1648.3944378585586,2.6104,0.11870000000000003,20.65294158570934,19.198434828103327,0.12204242424242416
2105.5584,3426.7173778866554,1660.229283764668,2.6156,0.11902424242424235,21.10068241687686,19.390189992795943,0.12178636363636365
2105.7108,3403.935968480089,1686.8884821711717,2.6217,0.1171757575757575,20.43000730783395,19.40035259838071,0.12176666666666662
2105.8632,3316.5763530717504,1681.796211323653,2.6182,0.12178636363636365,18.92546855896214,19.42423128874725,0.12108181818181817
2106.0156,3269.2883184080883,1660.2202406338902,2.5999,0.1286818181818182,18.23345691161946,19.434662692120003,0.1210060606060606
2106.168,3281.848085319437,1650.0176207590407,2.5781,0.13968787878787875,18.408792400557218,19.462829936518162,0.1210060606060606
2106.3204,3263.3273948197893,1608.6724757617178,2.5655,0.14820606060606054,18.46869971956764,19.528929230524113,0.12027575757575756
2106.4728,3200.5678697847707,1549.9066903288467,2.5642,0.14929999999999996,18.053729667275338,19.62209569830728,0.12016666666666667
2106.6252,3130.0704471235804,1486.595038928013,2.5684,0.1429272727272727,17.59539247802644,19.664969757167963,0.11965606060606053
2106.7776,3096.333770152074,1436.9868535503902,2.5778,0.13202878787878788,17.61679138769852,19.664969757167963,0.11947121212121209
2106.93,3110.946899565815,1435.0316267222852,2.5911,0.12254848484848484,17.962117353405038,19.664969757167963,0.11914848484848478
2107.0824,3169.1370963717122,1487.9543069149845,2.6018,0.11750606060606061,18.450454586377187,19.664969757167963,0.11902424242424235
2107.2348,3242.042742206547,1637.9611467877583,2.603,0.12204242424242416,18.04820986944572,19.68893897990913,0.11901060606060604
2107.3872,3286.529756680346,1644.7847695520554,2.5968,0.1311212121212121,18.68186893227306,19.69219915431048,0.11870000000000003
2107.5396,3290.1199253030513,1580.270263544285,2.5967,0.1246515151515152,19.462829936518162,19.695731704882476,0.11813333333333327
2107.692,3300.2692837830964,1572.0821320074479,2.6044,0.10831818181818179,19.784379394265244,19.707957636277357,0.1177636363636363
2107.8444,3367.8255537078676,1598.3303530694968,2.6161,0.09322272727272728,20.76146309108614,19.72241137156453,0.1177636363636363
2107.9968,3508.456900540772,1708.40909447592,2.6209,0.09091818181818187,22.06200490993355,19.72241137156453,0.1177636363636363
2108.1492,3671.18780028642,1925.725622006849,2.6245,0.08947727272727275,22.39501851567827,19.72241137156453,0.1177636363636363
2108.3016,3747.961861290981,2033.4342489569308,2.6256,0.08884393939393938,22.40707603852457,19.784379394265244,0.11750606060606061
2108.454,3811.3530303257658,2089.8025451984936,2.6283,0.09142575757575759,22.87509107270083,19.81363959658228,0.11722727272727274
2108.6064,3885.5892825045225,2115.388619375794,2.6237,0.09271969696969698,23.957823445703113,19.826339007502344,0.1171757575757575
2108.7588,3870.780937673824,2080.5247727838964,2.6189,0.09422424242424239,24.123998992667673,19.84128967237016,0.11684242424242422
2108.9112,3793.8429712462057,2093.341895339773,2.6149,0.09303636363636361,22.35862601497716,19.84426257679576,0.11676666666666666
2109.0636,3766.780897675298,2071.2938247174397,2.6132,0.09045151515151513,22.12934636861839,19.852405530336362,0.11637272727272731
2109.216,3740.1021656516773,2049.70535485524,2.6109,0.09319848484848484,21.89668225897236,19.872199888535157,0.11621515151515151
2109.3684,3795.104215952387,2056.595511250887,2.6082,0.09896666666666662,22.85661958415438,19.88062924868449,0.11514242424242416
2109.5208,3884.78205455009,2038.3719507179442,2.6075,0.10627878787878788,24.90575701500316,19.883040775347553,0.11482878787878782
2109.6732,3865.905830694125,2039.0646794259847,2.6119,0.10569545454545455,24.555816687084732,19.88610889593748,0.11472121212121204
2109.8256,3735.7061440600073,2007.4898868086575,2.6172,0.10313939393939392,22.461193036164012,20.081900687797248,0.11467121212121209
2109.978,3671.2895043036474,1977.198644243712,2.6225,0.10193333333333329,21.6774468449811,20.089846579039726,0.11460757575757576
2110.1304,3609.061016575868,1947.8091939405754,2.6232,0.09872121212121203,20.898266362107968,20.210001065840476,0.11429999999999998
2110.2828,3584.503373408112,1908.5785848465875,2.6187,0.09818484848484846,20.928043248977655,20.276810920622193,0.11399393939393934
2110.4352,3617.091469217935,1873.849592831173,2.615,0.10350606060606052,21.9701865311921,20.303598706546758,0.11373787878787876
2110.5876,3623.1281099110624,1890.2864825911315,2.6143,0.10801818181818176,21.86290286022432,20.303598706546758,0.11373787878787876
2110.74,3583.1423029448074,1901.7586900326758,2.6191,0.10506363636363633,20.996435802776798,20.303598706546758,0.11373787878787876
2110.8924,3557.917124343834,1910.0532847213913,2.6214,0.10351666666666666,20.432160285240677,20.303598706546758,0.11373787878787876
2111.0448,3583.8585269494874,1879.6911336917985,2.6228,0.10569242424242427,21.33138171709457,20.303598706546758,0.11373787878787876
2111.1972,3601.4192994955883,1854.892400418203,2.6184,0.1107257575757576,21.949313737127028,20.303598706546758,0.11373787878787876
2111.3496,3559.508488867193,1836.0914865112336,2.6124,0.11399393939393934,21.356695905256807,20.324906072012553,0.11231969696969697
2111.502,3474.4109858869156,1812.5724018011547,2.6111,0.11373787878787876,20.081900687797248,20.43000730783395,0.11225454545454545
2111.6544,3446.7473018572628,1789.655579374572,2.6133,0.11472121212121204,19.88610889593748,20.432160285240677,0.11173181818181814
2111.8068,3470.4273589911168,1762.8707494167143,2.6059,0.1177636363636363,20.587257171361347,20.445602490738565,0.11173181818181814
2111.9592,3466.4489142326843,1732.0770092349026,2.5972,0.12264999999999998,20.8195371280206,20.506539538801132,0.11173181818181814
2112.1116,3445.0838043762064,1719.9573170697302,2.591,0.1244787878787878,20.531770241342297,20.506539538801132,0.11134545454545451
2112.264,3423.8381360301673,1749.938999009631,2.5952,0.12220606060606053,19.826339007502344,20.531770241342297,0.11122272727272728
2112.4164,3367.33814571029,1733.6641401128247,2.5952,0.11965606060606053,19.026737485450013,20.587257171361347,0.11074848484848478
2112.5688,3361.589211151477,1691.3309853723179,2.5915,0.11722727272727274,19.40035259838071,20.595540693402768,0.1107257575757576
2112.7212,3385.8314948979255,1685.1826665030137,2.5895,0.11813333333333327,19.88062924868449,20.600001191152472,0.11053787878787882
2112.8736,3399.2741969660806,1685.7651841925226,2.5869,0.11947121212121209,20.089846579039726,20.65294158570934,0.110410606060606
2113.026,3381.639296246248,1691.8614139032377,2.5867,0.12108181818181817,19.707957636277357,20.69876829024771,0.1098757575757576
2113.1784,3365.386207878846,1690.135221907879,2.5854,0.12027575757575756,19.434662692120003,20.76146309108614,0.1094924242424242
2113.3308,3371.054936693181,1691.2305699913109,2.5865,0.11684242424242422,19.528929230524113,20.76146309108614,0.10911969696969698
2113.4832,3382.8102629668847,1694.7691794436953,2.5864,0.11637272727272731,19.69219915431048,20.76522387181605,0.1089651515151515
2113.6356,3388.990007594095,1704.7342169464453,2.5871,0.11901060606060604,19.68893897990913,20.767482176488336,0.10891515151515146
2113.788,3394.96168972857,1710.5951389465697,2.5868,0.12160151515151506,19.72241137156453,20.767482176488336,0.10882878787878791
2113.9404,3405.057761978866,1718.4804302966747,2.5917,0.12016666666666667,19.84426257679576,20.767482176488336,0.10882878787878791
2114.0928,3406.5952488725716,1724.8628683088705,2.5977,0.11914848484848478,19.84128967237016,20.767482176488336,0.10882878787878791
2114.2452,3400.9999921893045,1734.6616470748927,2.603,0.11514242424242416,19.664969757167963,20.767482176488336,0.10882878787878791
2114.3976,3403.4190515537593,1743.9345635471907,2.6071,0.11429999999999998,19.62672909186702,20.767482176488336,0.10882878787878791
2114.55,3402.7921204374065,1751.6415893044125,2.6086,0.11134545454545451,19.5331877700782,20.767482176488336,0.10882878787878791
2114.7024,3407.6197418347933,1763.579650096077,2.612,0.10891515151515146,19.498374684518957,20.767482176488336,0.10882878787878791
2114.8548,3431.056918622715,1779.25036819625,2.6083,0.10708636363636366,19.695731704882476,20.767482176488336,0.10882878787878791
2115.0072,3458.0327787017854,1801.308785576292,2.6039,0.10596969696969698,19.872199888535157,20.767482176488336,0.10882878787878791
2115.1596,3495.497024584308,1818.5343734618084,2.6,0.10580151515151509,20.303598706546758,20.767482176488336,0.10882878787878791
2115.312,3539.2598905941386,1830.7075973164037,2.6002,0.10769090909090905,20.951649301114465,20.767482176488336,0.10882878787878791
2115.4644,3574.481858449111,1854.228895066948,2.6036,0.110410606060606,21.330515879200753,20.767482176488336,0.10891515151515146
2115.6168,3600.7513378775884,1876.313511796521,2.6045,0.11053787878787882,21.54270590987038,20.767482176488336,0.1089651515151515
2115.7692,3609.877420500977,1894.584521592545,2.6067,0.11467121212121209,21.492973926478832,20.76522387181605,0.10911969696969698
2115.9216,3596.320143286456,1895.9374191365273,2.6056,0.11225454545454545,21.21153032231186,20.69876829024771,0.1094924242424242
2116.074,3566.7269312457215,1881.6266687244386,2.6076,0.11074848484848478,20.863014134368875,20.672857254516504,0.1098757575757576
2116.2264,3514.152302991872,1818.1265065307605,2.6063,0.1094924242424242,20.69876829024771,20.600001191152472,0.10996515151515154
2116.3788,3512.44740836004,1809.7677583461289,2.6067,0.1087212121212121,20.77611413327707,20.595540693402768,0.110410606060606
2116.5312,3511.662336614956,1811.6501945978587,2.6104,0.10870000000000002,20.767482176488336,20.587257171361347,0.11049848484848482
2116.6836,3500.028707584544,1823.2892904485484,2.6153,0.1089651515151515,20.445602490738565,20.587149527579083,0.11053787878787882
2116.836,3506.1322805734044,1828.8852260515341,2.6179,0.10607727272727267,20.506539538801132,20.531770241342297,0.1107257575757576
2116.9884,3531.5218449189188,1829.715223554822,2.6146,0.10562727272727275,20.937288377034854,20.531770241342297,0.11074848484848478
2117.1408,3544.3138066604733,1852.1331737225569,2.6106,0.10453939393939397,20.854248937852372,20.531770241342297,0.11134545454545451
2117.2932,3537.616774431666,1864.347894167674,2.6141,0.10172878787878782,20.600001191152472,20.531770241342297,0.11173181818181814
2117.4456,3569.667662535237,1883.4614412558387,2.6173,0.09830909090909083,20.971442243491033,20.531770241342297,0.11173181818181814
2117.598,3675.2116140545495,1882.8587577950539,2.6224,0.09861363636363638,23.025469923786346,20.531770241342297,0.11173181818181814
2117.7504,3761.7229876077886,1897.291069224358,2.6235,0.09893030303030302,24.532196250473973,20.531770241342297,0.11173181818181814
2117.9028,3747.077206017944,1885.8842062147557,2.626,0.10162272727272728,24.417883589356787,20.531770241342297,0.11173181818181814
2118.0552,3626.615646562033,1875.0346032468613,2.6208,0.10729848484848481,22.18420197317531,20.531770241342297,0.11173181818181814
2118.2076,3508.4245930434668,1857.9656008153595,2.6111,0.11593787878787877,20.121993632617936,20.531770241342297,0.11173181818181814
2118.36,3469.4950791905426,1827.1858640077357,2.6012,0.11673787878787878,19.73249127768976,20.531770241342297,0.11173181818181814
2118.5124,3462.617252422299,1812.9033754619247,2.5998,0.11631212121212114,19.778134587895313,20.506539538801132,0.11173181818181814
2118.6648,3463.1050918325036,1799.1142549701417,2.6008,0.11555909090909089,19.967245136543085,20.506539538801132,0.11173181818181814
2118.8172,3466.9023432301565,1787.11622880951,2.603,0.11539242424242416,20.20196795444674,20.5022014111109,0.11173181818181814
2118.9696,3480.791126266612,1799.6103205998702,2.6065,0.11173181818181814,20.324906072012553,20.445602490738565,0.11173181818181814
2119.122,3507.3991392603166,1817.8901142682307,2.6085,0.1098757575757576,20.595540693402768,20.324906072012553,0.11134545454545451
2119.2744,3530.3151918219,1834.7607707921497,2.6039,0.10911969696969698,20.76522387181605,20.324906072012553,0.11074848484848478
2119.4268,3540.953896733795,1844.9313416791056,2.599,0.11290454545454537,20.79197996547273,20.324906072012553,0.11053787878787882
2119.5792,3546.210685402945,1849.3978535335152,2.598,0.10850757575757577,20.823611700094382,20.303598706546758,0.11049848484848482
2119.7316,3549.0019596359243,1846.1840381399336,2.6051,0.10470606060606052,20.973367215352653,20.20196795444674,0.110410606060606
2119.884,3553.375240155938,1841.1445056816947,2.612,0.10311515151515147,21.174765202720693,20.1260960552266,0.10996515151515154
2120.0364,3551.9921688361633,1832.4454670120738,2.6137,0.10554999999999992,21.2742281774957,20.1260960552266,0.1098757575757576
2120.1888,3541.7726990678448,1828.2588353847261,2.6108,0.10882878787878791,21.114705826030196,20.1260960552266,0.1094924242424242
2120.3412,3526.9654327301932,1818.9782450679313,2.609,0.1081242424242424,20.944815508846837,20.136746352170682,0.10911969696969698
2120.4936,3515.1817099836703,1816.952741345332,2.614,0.10560909090909093,20.79370631017656,20.20196795444674,0.1089651515151515
2120.646,3522.1683984765004,1812.4495302972823,2.6204,0.10136969696969692,21.03055955010166,20.303598706546758,0.1089651515151515
2120.7984,3526.557360357932,1809.9601250582687,2.6235,0.09798030303030303,21.168145102755055,20.324906072012553,0.1089651515151515
2120.9508,3528.6517725455146,1809.483044704561,2.6179,0.10097727272727267,21.167671346277892,20.38915524768343,0.10891515151515146
2121.1032,3516.8892606801855,1802.5562234318118,2.6154,0.1039848484848484,21.017959831214743,20.445602490738565,0.10882878787878791
2121.2556,3499.2130214808976,1794.731685257763,2.6145,0.10880757575757571,20.784602220154863,20.5022014111109,0.10880757575757571
2121.408,3488.4439571406665,1792.160005550522,2.6212,0.10707727272727272,20.672857254516504,20.506539538801132,0.1087212121212121
2121.5604,3480.83882734103,1786.269983455905,2.6186,0.10996515151515154,20.587149527579083,20.587149527579083,0.10870000000000002
2121.7128,3477.33231112541,1783.107861060329,2.6109,0.11049848484848482,20.5022014111109,20.595540693402768,0.10850757575757577
2121.8652,3436.995740966892,1749.002127723061,2.6022,0.1143348484848485,20.1260960552266,20.600001191152472,0.10850757575757577
2122.0176,3380.0230435954218,1726.4113752837704,2.6002,0.11734090909090904,19.37294817384712,20.672857254516504,0.10850757575757577
2122.17,3356.865163713257,1703.9317890612945,2.6003,0.11861060606060608,19.23536995600051,20.69876829024771,0.10850757575757577
2122.3224,3358.685088011214,1688.2105522021511,2.596,0.11961363636363631,19.419877372634566,20.7331642946343,0.10816666666666662
2122.4748,3359.729105306785,1643.248045812548,2.5957,0.11525454545454546,19.95425549501417,20.76522387181605,0.1081242424242424
2122.6272,3340.8524434915853,1627.6617048261132,2.5999,0.11668181818181819,19.834424468150246,20.767482176488336,0.1081242424242424
2122.7796,3332.436811618921,1611.6938754575192,2.6071,0.11429999999999998,19.922742740107797,20.77611413327707,0.1081242424242424
2122.932,3315.8547464154394,1608.1852832052275,2.6081,0.11939696969696971,19.682147037727695,20.784602220154863,0.1081242424242424
2123.0844,3284.935853221134,1607.8646102036103,2.602,0.12054545454545455,19.1086510898121,20.784602220154863,0.10816666666666662
2123.2368,3270.5933100915186,1608.0707424506936,2.5955,0.12476515151515151,18.81458548563311,20.784602220154863,0.1081242424242424
2123.3892,3274.02915046033,1606.4477161352072,2.5923,0.12258484848484852,18.867712999579076,20.784602220154863,0.10811818181818177
2123.5416,3300.909049559121,1604.5365005732745,2.5935,0.12402121212121205,19.356027169580344,20.77611413327707,0.10729848484848481
2123.694,3317.652129806405,1601.6066510814787,2.5933,0.1238318181818181,19.674391590504353,20.767482176488336,0.10707727272727272
2123.8464,3308.681054218731,1598.0881664402532,2.593,0.12567272727272724,19.556896772591642,20.76522387181605,0.10707727272727272
2123.9988,3270.2599470406726,1593.6646601201628,2.5928,0.12488333333333332,18.948815188389656,20.76522387181605,0.10707727272727272
2124.1512,3193.649582876674,1584.7539186004255,2.5958,0.12347424242424238,17.783317927012078,20.76522387181605,0.10707727272727272
2124.3036,3161.8716454388345,1532.4884535441813,2.597,0.11486060606060604,17.831186790145555,20.76522387181605,0.10707727272727272
2124.456,3237.3630785538503,1528.5221327296808,2.5948,0.11637727272727263,19.111601068941923,20.784602220154863,0.10707727272727272
2124.6084,3437.840837443591,1568.174697130827,2.5817,0.12754696969696963,22.04734051062371,20.79197996547273,0.10729848484848481
2124.7608,3633.745189579449,1731.821133786024,2.5834,0.13143181818181812,23.78062287406155,20.79197996547273,0.10762727272727267
2124.9132,3691.569825534569,1933.6015930644098,2.6034,0.11492121212121205,22.50014731113608,20.79197996547273,0.10798787878787883
2125.0656,3641.437842280821,2001.2672065973532,2.6367,0.08593030303030305,20.882599795279667,20.79370631017656,0.10798787878787883
2125.218,3711.108243092201,1999.9225751758954,2.6535,0.07573939393939384,22.39395846893288,20.79370631017656,0.10811818181818177
2125.3704,3829.843375991858,2004.5800181254024,2.6482,0.07729545454545449,24.65450953889919,20.79197996547273,0.1081242424242424
2125.5228,3867.485335150341,2020.1190067483108,2.6391,0.08580303030303028,25.114383975878898,20.784602220154863,0.1081242424242424
2125.6752,3794.8112679002293,2016.5772174410113,2.629,0.08546363636363634,23.60442653264684,20.76522387181605,0.1081242424242424
2125.8276,3710.787458804537,1983.0426432240838,2.6228,0.08389242424242427,22.363739754304966,20.7331642946343,0.1081242424242424
2125.98,3652.17141241259,1948.4716196286781,2.6198,0.08820151515151509,21.6822520210278,20.7331642946343,0.10811818181818177
2126.1324,3535.0360578317054,1907.5573190308255,2.6159,0.09478333333333333,19.99798007956901,20.7331642946343,0.10811818181818177
2126.2848,3440.712615833374,1893.4476028133354,2.6184,0.1000257575757576,18.481482932728323,20.7331642946343,0.10811818181818177
2126.4372,3431.6981726882764,1878.2444084023093,2.6184,0.1015757575757576,18.51946212531131,20.7331642946343,0.10811818181818177
2126.5896,3423.4612676016786,1862.82448929701,2.62,0.10239090909090903,18.584359400797663,20.7331642946343,0.10811818181818177
2126.742,3415.439849935793,1845.438473275048,2.6183,0.10335606060606056,18.653742745918077,20.76522387181605,0.10811818181818177
2126.8944,3412.384672481603,1817.6396922893434,2.613,0.10291212121212119,18.91624844312184,20.784602220154863,0.10811818181818177
2127.0468,3408.942210153235,1811.3218311227643,2.612,0.10366515151515146,18.92752181199237,20.79197996547273,0.10811818181818177
2127.1992,3411.4336751482433,1814.399114230354,2.6116,0.10488636363636357,18.93015002196733,20.784602220154863,0.10811818181818177
2127.3516,3425.5620203173594,1820.2415881010666,2.6134,0.10559090909090908,19.121644722156415,20.7331642946343,0.10811818181818177
2127.504,3450.1103627822745,1828.8797391566275,2.6137,0.10539999999999994,19.45514577494537,20.672857254516504,0.1081242424242424
2127.6564,3473.029329322486,1835.8194392077548,2.6175,0.10544848484848478,19.809995684037727,20.596885448793433,0.1081242424242424
2127.8088,3483.8984000128016,1837.2103816852791,2.6154,0.1057848484848484,19.974050624764928,20.595474768647822,0.1081242424242424
2127.9612,3505.0436750520926,1853.4632946769482,2.6135,0.105510606060606,20.136746352170682,20.587149527579083,0.10811818181818177
2128.1136,3533.024155082142,1870.9613659982235,2.609,0.10662424242424241,20.38915524768343,20.5022014111109,0.10800909090909093
2128.266,3554.0050185162727,1877.7352836809525,2.6146,0.10952727272727275,20.7331642946343,20.38915524768343,0.10800909090909093
2128.4184,3570.5290779061797,1876.4532816693047,2.6192,0.11108333333333324,21.094797593152936,20.358254873857966,0.10800909090909093
2128.5708,3581.9590542593933,1876.5422369762553,2.6242,0.10811818181818177,21.348434641182358,20.230826650453512,0.10800909090909093
2128.7232,3597.606317056762,1877.9967541709643,2.6219,0.10556515151515145,21.605178248564627,20.194317997303234,0.10800909090909093
2128.8756,3614.702160638408,1882.73780220011,2.6284,0.10324545454545449,21.920337857408988,20.138257752218546,0.10811818181818177
2129.028,3625.7571504023067,1897.6607968681128,2.6227,0.10232272727272723,21.885451258181646,20.136746352170682,0.10811818181818177
2129.1804,3631.312204687824,1910.1717901217546,2.6169,0.09948030303030307,21.776323921792763,20.1260960552266,0.10816666666666662
2129.3328,3624.1663406740145,1914.6859173845694,2.6029,0.10477272727272724,21.464950500741075,20.121682926851797,0.10816666666666662
2129.4852,3609.253329796707,1902.2298777405404,2.597,0.11011060606060603,21.300779914789725,19.99798007956901,0.10816666666666662
2129.6376,3585.5238005611204,1878.7677059062835,2.5978,0.11321818181818183,21.171091843564394,19.974050624764928,0.10816666666666662
2129.79,3574.452515368504,1857.890855007711,2.6016,0.11126666666666667,21.266431138342472,19.974050624764928,0.10816666666666662
2129.9424,3581.7485936818803,1854.460165307358,2.6082,0.10816666666666662,21.5008522758082,19.974050624764928,0.10816666666666662
2130.0948,3585.308703548609,1856.1801420391917,2.6124,0.10204393939393934,21.57990141706321,19.974050624764928,0.10816666666666662
2130.2472,3573.1116316037505,1841.9311270044145,2.6133,0.09652121212121205,21.5427726005978,19.974050624764928,0.10816666666666662
2130.3996,3540.4027556599403,1808.1691516139158,2.6115,0.09701666666666665,21.349406221457578,19.974050624764928,0.10816666666666662
2130.552,3507.7624204481376,1779.2140170309542,2.6091,0.1008439393939393,21.09090468909795,19.974050624764928,0.10816666666666662
2130.7044,3494.0384688132995,1755.47116085714,2.6094,0.10855303030303029,21.13457303637063,19.974050624764928,0.10816666666666662
2130.8568,3495.845815766173,1754.6778456378584,2.6136,0.10628030303030303,21.211312469240003,19.99798007956901,0.10816666666666662
2131.0092,3502.1198855606494,1761.0139927814605,2.6185,0.1025954545454545,21.288274029114802,20.006220429450337,0.10816666666666662
2131.1616,3471.37200056034,1774.0103984480902,2.6222,0.09972424242424244,20.595474768647822,20.121682926851797,0.10816666666666662
2131.314,3421.6857190647843,1786.0009867538263,2.6234,0.10221060606060597,19.55709842133305,20.136746352170682,0.10816666666666662
2131.4664,3406.7132817110464,1799.696389801957,2.6179,0.10762727272727267,19.07703676491993,20.138257752218546,0.10816666666666662
2131.6188,3424.7383412266363,1799.9759058343313,2.6085,0.1113257575757576,19.326241789466508,20.194317997303234,0.10816666666666662
2131.7712,3523.9927485293574,1774.442095727891,2.6028,0.11085303030303034,21.395879843897344,20.194317997303234,0.10816666666666662
2131.9236,3509.644613939093,1749.156697582973,2.6062,0.1090727272727273,21.47041363926771,20.194317997303234,0.10816666666666662
2132.076,3501.5043372472524,1728.862416470931,2.6102,0.10916060606060608,21.60004610944218,20.194317997303234,0.10816666666666662
2132.2284,3500.4909645299667,1717.538217761081,2.6082,0.11146666666666662,21.700711612021475,20.194317997303234,0.10816666666666662
2132.3808,3502.5625703845008,1719.9379061787415,2.6042,0.10987878787878783,21.676569187379112,20.188857206529942,0.10816666666666662
2132.5332,3501.198655117,1730.4161514591021,2.6045,0.10798787878787883,21.528637117434474,20.138257752218546,0.10816666666666662
2132.6856,3491.3529450845003,1732.7524898368495,2.6061,0.10695303030303024,21.33432633084097,20.136746352170682,0.10811818181818177
2132.838,3448.045711493146,1708.1505907354126,2.6044,0.10886818181818178,20.831678784457797,20.136746352170682,0.10811818181818177
2132.9904,3367.7325260203743,1684.5232765967326,2.6058,0.1090939393939394,19.694977258497882,20.136746352170682,0.10811818181818177
2133.1428,3294.7112749819216,1662.3045715011842,2.614,0.10800909090909093,18.744419967990986,20.136746352170682,0.10816666666666662
2133.2952,3265.3620930885313,1633.5035435450886,2.6158,0.1067136363636363,18.58476504090878,20.136746352170682,0.10855303030303029
2133.4476,3300.45153815335,1622.4330107629908,2.6109,0.10559848484848483,19.27695838108589,20.12921463951124,0.10871060606060604
2133.6,3353.7330085229714,1616.9075052517665,2.6018,0.10705606060606061,20.194317997303234,20.121682926851797,0.10886818181818178
2133.7524,3355.4793502611833,1623.0222079278885,2.5995,0.1090530303030303,20.138257752218546,20.063951678151067,0.10896060606060604
2133.9048,3341.504378598586,1659.7754402243966,2.6006,0.11261969696969694,19.485027130830982,20.121682926851797,0.1090530303030303
2134.0572,3364.5057885394867,1683.3082972519219,2.5985,0.11830606060606057,19.5975321392762,20.12921463951124,0.10906287878787879
2134.2096,3423.457422433081,1705.9411864462747,2.5968,0.11947121212121209,20.358254873857966,20.136746352170682,0.1090727272727273
2134.362,3490.2295329756844,1769.9536432416864,2.5982,0.11869696969696972,20.797866086324053,20.137502052194613,0.10908333333333334
2134.5144,3525.0809276699197,1813.0888597943385,2.6105,0.11506969696969693,20.996618523965672,20.138257752218546,0.1090939393939394
2134.6668,3525.374484292537,1826.5518799461624,2.6163,0.11646212121212123,20.877750174412185,20.154213640589855,0.10912727272727274
2134.8192,3469.06466140768,1763.1001872426282,2.6106,0.11943939393939397,20.596885448793433,20.170169528961164,0.10916060606060608
2134.9716,3423.334381598455,1720.5592720814986,2.603,0.12329242424242415,20.230826650453512,20.179513367745553,0.10934393939393941
2135.124,3386.930094562911,1681.9994603033228,2.6135,0.117360606060606,20.121682926851797,20.188857206529942,0.10952727272727275
2135.2764,3337.8743610073197,1640.765044383556,2.6341,0.10391818181818176,19.89252654347299,20.191587601916588,0.1095901515151515
2135.4288,3283.325810840361,1601.8137071739498,2.6385,0.09273484848484843,19.417123018513305,20.194317997303234,0.10965303030303024
2135.5812,3254.09831690092,1565.698464351851,2.629,0.09196363636363633,19.245875665483336,20.212572323878373,0.10976590909090903
2135.7336,3230.6102440446225,1536.715552841991,2.6152,0.09369545454545446,19.06005608169265,20.230826650453512,0.10987878787878783
2135.886,3203.854716540846,1511.5343760011187,2.6115,0.09816666666666665,18.850773650877898,20.212572323878373,0.10995606060606056
2136.0384,3184.816533460949,1497.7953219449128,2.6101,0.09979090909090904,18.66709218906112,20.194317997303234,0.11003333333333329
2136.1908,3184.956306119442,1502.287439634956,2.6095,0.1039227272727272,18.618234340192853,20.191587601916588,0.10995606060606056
2136.3432,3210.533245556287,1500.4637259940573,2.6073,0.10658939393939393,19.04806955859116,20.188857206529942,0.11003333333333329
2136.4956,3223.752541031982,1520.275325452641,2.6026,0.1113636363636364,19.027429087148438,20.179513367745553,0.11007196969696967
2136.648,3213.6643998102168,1522.4463435064517,2.5975,0.11650909090909084,18.798579507654626,20.170169528961164,0.11011060606060603
2136.8004,3214.881271945415,1524.5190987531255,2.5942,0.12205909090909092,18.773145216855436,20.154213640589855,0.11036590909090904
2136.9528,3225.987402984885,1528.8863206808962,2.5911,0.12794848484848484,18.889991895287746,20.138257752218546,0.11062121212121205
2137.1052,3233.362187484088,1546.0623091515936,2.5882,0.13027727272727269,18.809880201165615,20.12997033953517,0.1107371212121212
2137.2576,3234.3468964382923,1545.3474293895877,2.5876,0.12940909090909086,18.82962435219896,20.121682926851797,0.11085303030303034
2137.41,3228.8340815725523,1546.9427072918452,2.5927,0.1250136363636364,18.75730438240344,20.063951678151067,0.1107371212121212
2137.5624,3221.694433698417,1533.8766316310725,2.5942,0.12205909090909092,18.787918442055584,20.006220429450337,0.11062121212121205
2137.7148,3207.0774559710776,1524.8516296351513,2.598,0.12140757575757577,18.66693089706041,19.987613688154926,0.1107371212121212
2137.8672,3219.591340059829,1516.9597896163905,2.5969,0.12264090909090901,18.950996495600723,19.969006946859515,0.11085303030303034
2138.0196,3241.611744674153,1530.5884178446122,2.602,0.12219545454545455,19.21432718255905,19.930766745166252,0.11096969696969697
2138.172,3266.9125425647194,1629.4542023399347,2.6014,0.12202727272727273,18.55463177863572,19.89252654347299,0.11108636363636361
2138.3244,3301.3202031481687,1644.221354918234,2.6077,0.11916818181818183,19.020815699705206,19.87664649373119,0.11120606060606061
2138.4768,3367.784620892198,1663.4367542026612,2.6143,0.11701818181818177,20.006220429450337,19.86076644398939,0.1113257575757576
2138.6292,3433.402910056784,1692.780358416251,2.6196,0.11741212121212115,20.871877161905005,19.844631599073026,0.11134469696969701
2138.7816,3472.780035616504,1737.805712409119,2.6156,0.11712424242424235,21.012622040374165,19.828496754156664,0.1113636363636364
2138.934,3499.819727133478,1782.4363355027049,2.6135,0.117660606060606,20.941014783338495,19.798310661998908,0.11141515151515151
2139.0864,3484.946016494039,1772.9454801814593,2.6124,0.11954393939393934,20.778336017247792,19.828496754156664,0.11146666666666662
2139.2388,3467.608351384313,1769.3895606015926,2.6125,0.12391363636363639,20.508094840522443,19.844631599073026,0.11204318181818178
2139.3912,3450.4462486585376,1765.8468533396986,2.6057,0.12512424242424236,20.188857206529942,19.86076644398939,0.11261969696969694
2139.5436,3422.204357696704,1740.0428502678285,2.602,0.12139545454545456,19.969006946859515,19.844631599073026,0.11328106060606057
2139.696,3414.196470876837,1739.9236557120357,2.6063,0.11394242424242419,19.86076644398939,19.828496754156664,0.11394242424242419
2139.8484,3406.222166594214,1739.8044774850007,2.6126,0.11003333333333329,19.768124569841152,19.798310661998908,0.1142825757575757
2140.0008,3406.739935419477,1751.0860985135303,2.6149,0.11108636363636361,19.65744177339759,19.768124569841152,0.1146227272727272
2140.1532,3419.20227587847,1763.5235292688205,2.616,0.10965303030303024,19.735776884885258,19.751950727363205,0.11484621212121207
2140.3056,3431.7561291412167,1776.1378674574598,2.6191,0.10281363636363634,19.828496754156664,19.735776884885258,0.11506969696969693
2140.458,3474.3911836183825,1809.6989891097444,2.6179,0.09822727272727266,20.170169528961164,19.71537707169157,0.11576590909090909
2140.6104,3495.0561238589185,1815.4982077315924,2.6109,0.10254848484848483,20.419080388255573,19.694977258497882,0.11646212121212123
2140.7628,3515.9724120747355,1821.33580161781,2.6034,0.11062121212121205,20.66850506548522,19.696609329141424,0.11648560606060604
2140.9152,3560.0364880380207,1895.825390003253,2.5996,0.1146227272727272,20.489149255667204,19.735776884885258,0.11650909090909084
